4.433066,25.14116,-8.790339,27.0
3.60827,18.562935,-6.511362,20.0
6.290699,29.595415,-10.41818,32.0
5.742775,24.874695,-8.790339,27.0
3.202383,12.844057,-4.557954,14.0
3.670774,13.699512,-4.883522,15.0
3.909304,13.633362,-4.883522,15.0
2.764429,9.042039,-3.255681,10.0
4.382719,13.488624,-4.883522,15.0
6.772276,19.66812,-7.162498,22.0
1.616932,4.442484,-1.627841,5.0
5.760341,15.0062,-5.534658,17.0
2.479383,6.136687,-2.278977,7.0
2.586105,6.092481,-2.278977,7.0
1.922885,4.318871,-1.627841,5.0
14.784956,31.706442,-12.04602,37.0
15.336059,31.44358,-12.04602,37.0
2.146282,4.212316,-1.627841,5.0
7.5462,14.192337,-5.534658,17.0
11.459912,20.67423,-8.139203,25.0
4.727593,8.188431,-3.255681,10.0
8.278627,13.77795,-5.534658,17.0
7.014679,11.225833,-4.557954,14.0
7.209529,11.1017,-4.557954,14.0
4.229818,6.270964,-2.604545,8.0
2.711636,3.872617,-1.627841,5.0
2.223048,3.059762,-1.302272,4.0
7.966382,10.571746,-4.557954,14.0
2.910597,3.725394,-1.627841,5.0
2.380137,2.939224,-1.302272,4.0
3.038838,3.621546,-1.627841,5.0
15.5079,17.839798,-8.139203,25.0
5.694079,6.323915,-2.930113,9.0
5.803579,6.223577,-2.930113,9.0
5.254499,5.441193,-2.604545,8.0
16.045982,16.045982,-7.813635,24.0
9.522088,9.195374,-4.557954,14.0
8.298102,7.738105,-3.906817,12.0
8.431887,7.592105,-3.906817,12.0
13.558247,11.786004,-6.185794,19.0
10.864639,9.116514,-4.883522,15.0
2.939224,2.380137,-1.302272,4.0
3.725394,2.910597,-1.627841,5.0
3.020499,2.276109,-1.302272,4.0
6.119525,4.446095,-2.604545,8.0
11.617852,8.134908,-4.883522,15.0
14.893539,10.045818,-6.185794,19.0
14.273615,9.269394,-5.860226,18.0
14.433214,9.018873,-5.860226,18.0
13.77795,8.278627,-5.534658,17.0
14.739176,8.509668,-5.860226,18.0
14.885446,8.251137,-5.860226,18.0
14.192337,7.5462,-5.534658,17.0
18.534191,9.443642,-7.162498,22.0
22.945314,11.191178,-8.790339,27.0
17.138617,7.991869,-6.511362,20.0
16.41171,7.306964,-6.185794,19.0
17.40709,7.388871,-6.511362,20.0
17.533392,7.08395,-6.511362,20.0
23.833376,9.148776,-8.790339,27.0
19.54693,7.114501,-7.162498,22.0
22.350136,7.695769,-8.139203,25.0
21.581799,7.012352,-7.813635,24.0
20.79669,6.358186,-7.488067,23.0
20.90449,5.994266,-7.488067,23.0
21.005919,5.628519,-7.488067,23.0
18.348654,4.574833,-6.511362,20.0
25.79598,5.955471,-9.115907,28.0
21.271706,4.521441,-7.488067,23.0
22.275522,4.329923,-7.813635,24.0
25.14116,4.433065,-8.790339,27.0
21.479187,3.401969,-7.488067,23.0
22.471605,3.158178,-7.813635,24.0
25.338713,3.111203,-8.790339,27.0
25.38915,2.668507,-8.790339,27.0
21.664173,1.89537,-7.488067,23.0
26.41003,1.846769,-9.115907,28.0
26.438238,1.385569,-9.115907,28.0
25.51345,0.890949,-8.790339,27.0
33.08811,0.577555,-11.394884,35.0
23.637964,0.0,-8.139203,25.0
22.68899,-0.396038,-7.813635,24.0
26.458393,-0.923947,-9.115907,28.0
30.21513,-1.583508,-10.41818,32.0
20.750738,-1.451033,-7.162498,22.0
26.373777,-2.307406,-9.115907,28.0
30.090845,-3.162675,-10.41818,32.0
30.031067,-3.687351,-10.41818,32.0
41.19794,-5.789993,-14.324997,44.0
32.68572,-5.176909,-11.394884,35.0
45.62655,-8.045191,-15.952837,49.0
57.545097,-11.185634,-20.185223,62.0
61.040546,-12.974569,-21.487495,66.0
67.25381,-15.526764,-23.766472,73.0
60.550556,-15.096949,-21.487495,66.0
57.537952,-15.417248,-20.510792,63.0
55.44234,-15.897835,-19.859655,61.0
63.294273,-19.351002,-22.789768,70.0
58.450706,-18.991785,-21.161926,65.0
58.11035,-20.008999,-21.161926,65.0
59.52929,-21.666887,-21.813063,67.0
59.142082,-22.702518,-21.813063,67.0
64.87355,-26.210615,-24.09204,74.0
58.313747,-24.752716,-21.813063,67.0
57.87287,-25.766665,-21.813063,67.0
58.271297,-27.172354,-22.138632,68.0
63.736984,-31.086605,-24.417608,75.0
58.129963,-29.618694,-22.4642,69.0
57.60419,-30.628693,-22.4642,69.0
57.887844,-32.087753,-22.789768,70.0
64.68861,-37.347984,-25.719881,79.0
56.732735,-34.088463,-22.789768,70.0
56.93101,-35.574444,-23.115335,71.0
56.30148,-36.56261,-23.115335,71.0
71.332214,-48.11418,-29.626698,91.0
53.44212,-37.420574,-22.4642,69.0
54.310783,-39.459095,-23.115335,71.0
53.613857,-40.400936,-23.115335,71.0
68.54725,-53.55498,-29.952267,92.0
52.171223,-42.247425,-23.115335,71.0
52.15027,-43.75927,-23.440905,72.0
53.519394,-46.5237,-24.417608,75.0
56.212578,-50.614037,-26.045448,80.0
52.55465,-49.008,-24.743176,76.0
52.371487,-50.574554,-25.068745,77.0
53.486607,-53.48661,-26.045448,80.0
52.544994,-54.41193,-26.045448,80.0
57.39095,-61.54426,-28.975561,89.0
51.879383,-57.617897,-26.696585,82.0
52.106544,-59.941723,-27.347721,84.0
51.660248,-61.566288,-27.673288,85.0
57.71831,-71.27618,-31.580107,97.0
52.390743,-67.05709,-29.30113,90.0
54.05759,-71.73685,-30.92897,95.0
53.908905,-74.199234,-31.580107,97.0
59.113663,-84.42306,-35.486923,109.0
60.27491,-89.36123,-37.114765,114.0
60.251064,-92.778496,-38.09147,117.0
59.123726,-94.61774,-38.417038,118.0
24.348904,-40.52338,-16.278406,50.0
22.219687,-38.485626,-15.301701,47.0
17.877462,-32.2518,-12.697156,39.0
16.867977,-31.724047,-12.371588,38.0
15.88249,-31.171139,-12.04602,37.0
19.48094,-39.941845,-15.301701,47.0
13.985769,-29.99258,-11.394884,35.0
13.460196,-30.232098,-11.394884,35.0
14.038857,-33.073467,-12.371588,38.0
17.709877,-43.833477,-16.278406,50.0
12.876056,-33.54327,-12.371588,38.0
10.995138,-30.208893,-11.069316,34.0
10.774076,-31.29019,-11.394884,35.0
14.024702,-43.163597,-15.627269,48.0
9.675503,-31.647137,-11.394884,35.0
8.600469,-29.993397,-10.743748,33.0
7.830984,-29.225626,-10.41818,32.0
9.149666,-36.697308,-13.022724,40.0
5.742775,-24.874695,-8.790339,27.0
4.52144,-21.271706,-7.488067,23.0
3.06703,-15.778495,-5.534658,17.0
2.955377,-16.760773,-5.860226,18.0
2.146941,-12.175902,-4.01722,13.0
2.540583,-13.070161,-4.326237,14.0
2.966036,-13.954105,-4.635254,15.0
3.637,-15.753577,-5.253288,17.0
1.61057,-6.459643,-2.163119,7.0
2.953819,-11.023801,-3.708203,12.0
3.407908,-11.884785,-4.01722,13.0
3.892869,-12.732998,-4.326237,14.0
5.290067,-16.281153,-5.562305,18.0
4.025238,-11.690141,-4.01722,13.0
4.553927,-12.511811,-4.326237,14.0
4.771595,-12.430429,-4.326237,14.0
5.344081,-13.227064,-4.635254,15.0
11.148224,-26.263563,-9.270508,30.0
7.349761,-16.507833,-5.871322,19.0
7.234809,-15.515099,-5.562305,18.0
7.504484,-15.386471,-5.562305,18.0
8.635413,-16.94795,-6.180339,20.0
9.822869,-18.474127,-6.798372,22.0
11.065952,-19.963509,-7.416406,24.0
13.790319,-23.885534,-8.961491,29.0
16.1644,-26.90208,-10.197559,33.0
16.127462,-25.809334,-9.888542,32.0
17.611406,-27.119186,-10.506576,34.0
17.01837,-25.23077,-9.888542,32.0
19.092627,-27.267096,-10.815593,35.0
18.447561,-25.390888,-10.197559,33.0
18.315523,-24.305521,-9.888542,32.0
19.907982,-25.481054,-10.506576,34.0
22.743732,-28.08617,-11.742643,38.0
20.78513,-24.770754,-10.506576,34.0
21.838223,-25.122002,-10.815593,35.0
22.273336,-24.737047,-10.815593,35.0
24.647522,-26.43123,-11.742643,38.0
25.105057,-25.997047,-11.742643,38.0
24.882444,-24.882446,-11.433626,37.0
26.68118,-25.765717,-12.05166,39.0
29.213467,-27.241997,-12.978711,42.0
86.933044,-78.27487,-38.009083,123.0
83.97926,-73.00206,-36.15498,117.0
84.511986,-70.91397,-35.845963,116.0
83.5194,-67.63268,-34.918915,113.0
88.43425,-69.09241,-36.463997,118.0
72.15701,-54.37421,-29.356607,95.0
75.403244,-54.78367,-30.283659,98.0
67.77821,-47.458817,-26.884474,87.0
70.17308,-47.33234,-27.502506,89.0
66.20272,-42.99255,-25.648405,83.0
66.13642,-41.32662,-25.339388,82.0
67.66281,-40.655914,-25.648405,83.0
68.362045,-39.468845,-25.648405,83.0
71.5359,-39.652996,-26.575457,86.0
66.33891,-35.273026,-24.412338,79.0
66.94441,-34.10988,-24.412338,79.0
67.52951,-32.936344,-24.412338,79.0
72.40379,-33.762444,-25.957422,84.0
66.031334,-29.399046,-23.485287,76.0
65.65891,-27.870554,-23.17627,75.0
64.37171,-26.00786,-22.558235,73.0
70.143135,-26.925426,-24.412338,79.0
64.34646,-23.420195,-22.24922,72.0
63.846153,-21.983994,-21.940203,71.0
63.315598,-20.572485,-21.631186,70.0
62.755493,-19.18628,-21.322168,69.0
64.90921,-18.612415,-21.940203,71.0
64.305504,-17.23061,-21.631186,70.0
65.51923,-16.33578,-21.940203,71.0
64.86767,-14.975882,-21.631186,70.0
67.90998,-14.434712,-22.558235,73.0
64.41722,-12.52144,-21.322168,69.0
64.62594,-11.395297,-21.322168,69.0
63.875626,-10.116906,-21.013151,68.0
69.69327,-9.79475,-22.867252,74.0
63.245823,-7.765611,-20.704134,67.0
61.480026,-6.461811,-20.086102,65.0
61.583435,-5.387852,-20.086102,65.0
64.514305,-4.51128,-21.013151,68.0
62.68371,-3.285114,-20.395117,66.0
59.880062,-2.091058,-19.468067,63.0
59.907436,-1.045688,-19.468067,63.0
58.965504,0.0,-19.15905,62.0
58.956524,1.02909,-19.15905,62.0
59.880062,2.091058,-19.468067,63.0
57.93494,3.036242,-18.850033,61.0
68.309265,4.776649,-22.24922,72.0
62.530872,5.470742,-20.395117,66.0
60.53418,6.362399,-19.777084,64.0
58.525986,7.186087,-19.15905,62.0
44.264645,6.22099,-14.523796,47.0
36.634552,5.802343,-12.05166,39.0
34.65449,6.110522,-11.433626,37.0
26.140324,5.081164,-8.652474,28.0
25.11739,5.338866,-8.343457,27.0
31.507154,7.274,-10.506576,34.0
21.22454,5.291872,-7.107389,23.0
15.617051,4.184576,-5.253288,17.0
21.026928,6.029374,-7.107389,23.0
20.918497,6.395426,-7.107389,23.0
17.185661,5.58396,-5.871322,19.0
21.581799,7.431209,-7.416406,24.0
20.555119,7.481451,-7.107389,23.0
22.197193,8.520705,-7.725423,25.0
25.572325,10.331889,-8.961491,29.0
20.1354,8.54697,-7.107389,23.0
25.196169,11.218057,-8.961491,29.0
21.54875,10.048347,-7.725423,25.0
29.063335,14.175135,-10.506576,34.0
20.337542,10.362495,-7.416406,24.0
19.313862,10.269362,-7.107389,23.0
16.636255,9.221627,-6.180339,20.0
26.356453,15.216905,-9.888542,32.0
18.749935,11.266097,-7.107389,23.0
19.357,12.095596,-7.416406,24.0
17.547709,11.395616,-6.798372,22.0
18.923079,12.763777,-7.416406,24.0
18.697437,13.092087,-7.416406,24.0
16.92726,12.298374,-6.798372,22.0
14.431403,10.874842,-5.871322,19.0
16.487741,12.881635,-6.798372,22.0
19.955963,16.16002,-8.343457,27.0
18.21379,15.283184,-7.725423,25.0
16.508743,14.350832,-7.107389,23.0
15.549,14.000383,-6.798372,22.0
12.520057,11.675142,-5.562305,18.0
12.998524,12.552528,-5.871322,19.0
8.069982,8.069982,-3.708203,12.0
11.23121,11.630258,-5.253288,17.0
12.323761,13.215616,-5.871322,19.0
15.909526,17.66932,-7.725423,25.0
11.231086,12.919886,-5.562305,18.0
9.16991,10.928274,-4.635254,15.0
10.174828,12.564865,-5.253288,17.0
23.421156,29.97771,-12.360677,40.0
9.730122,12.912308,-5.253288,17.0
8.385255,11.541313,-4.635254,15.0
7.637051,10.906839,-4.326237,14.0
15.422898,22.865387,-8.961491,29.0
4.14386,6.380985,-2.472135,8.0
3.527882,5.645792,-2.163119,7.0
3.918643,6.521717,-2.472135,8.0
15.216904,26.356453,-9.888542,32.0
8.299464,14.972631,-5.562305,18.0
5.804423,10.91653,-4.01722,13.0
6.044789,11.863566,-4.326237,14.0
12.507473,25.644117,-9.270508,30.0
5.22514,11.205349,-4.01722,13.0
5.028784,11.294834,-4.01722,13.0
4.830897,11.380878,-4.01722,13.0
6.76917,16.75428,-5.871322,19.0
3.408282,8.878878,-3.090169,10.0
2.927524,8.043307,-2.781152,9.0
3.096337,8.992416,-3.090169,10.0
6.465637,19.899187,-6.798372,22.0
3.336745,10.913998,-3.708203,12.0
3.670054,12.798999,-4.326237,14.0
7.384547,27.559502,-9.270508,30.0
3.451221,13.842091,-4.635254,15.0
9.19947,39.847282,-13.287728,43.0
1.977357,9.302737,-3.090169,10.0
4.355285,22.40599,-7.416406,24.0
0.825746,4.683039,-1.545085,5.0
1.162424,6.592434,-2.046602,7.0
3.46696,17.83596,-5.555063,19.0
1.789442,8.418665,-2.631346,9.0
3.226826,13.976921,-4.385576,15.0
1.156755,4.639492,-1.461859,5.0
6.682767,24.940426,-7.894037,27.0
5.008274,17.465923,-5.555063,19.0
2.795965,9.145188,-2.923717,10.0
1.477572,4.547499,-1.461859,5.0
2.802081,8.137835,-2.631346,9.0
2.289528,6.290428,-2.046602,7.0
6.511471,16.96296,-5.555063,19.0
7.164762,17.733406,-5.847435,20.0
2.615607,6.161982,-2.046602,7.0
13.224781,29.703348,-9.940639,34.0
13.337011,28.601313,-9.648267,33.0
2.096082,4.297605,-1.461859,5.0
9.551372,18.745623,-6.432178,22.0
1.795832,3.377468,-1.169487,4.0
17.617777,31.783314,-11.110126,38.0
9.084895,15.7355,-5.555063,19.0
11.8208,19.673117,-7.016922,24.0
7.601465,12.164886,-4.385576,15.0
7.291773,11.228345,-4.093204,14.0
5.347588,7.928126,-2.923717,10.0
6.582167,9.400308,-3.508461,12.0
7.869426,10.831335,-4.093204,14.0
5.755186,7.637389,-2.923717,10.0
7.06512,9.042941,-3.508461,12.0
7.823687,9.661449,-3.800833,13.0
11.679316,13.918867,-5.555063,19.0
8.156101,9.38252,-3.800833,13.0
8.958499,9.949421,-4.093204,14.0
9.130776,9.791558,-4.093204,14.0
15.279018,15.821885,-6.72455,23.0
8.790724,8.790725,-3.800833,13.0
8.942805,8.635966,-3.800833,13.0
9.791558,9.130776,-4.093204,14.0
27.005571,24.315926,-11.110126,38.0
10.104253,8.783493,-4.093204,14.0
10.256007,8.605812,-4.093204,14.0
5.945507,4.814577,-2.338974,8.0
18.83946,14.719,-7.309293,25.0
6.109912,4.604148,-2.338974,8.0
7.736668,5.621018,-2.923717,10.0
11.750385,8.227708,-4.385576,15.0
19.820314,13.36897,-7.309293,25.0
13.634419,8.854295,-4.97032,17.0
14.597864,9.121757,-5.262691,18.0
18.03369,10.835733,-6.432178,22.0
23.189157,13.388267,-8.186409,28.0
15.055254,8.345263,-5.262691,18.0
14.354239,7.632284,-4.97032,17.0
14.485254,7.380605,-4.97032,17.0
17.19042,8.384328,-5.847435,20.0
20.800955,9.699644,-7.016922,24.0
19.219812,8.557212,-6.432178,22.0
20.246513,8.594135,-6.72455,23.0
22.166758,8.955952,-7.309293,25.0
17.855747,6.85418,-5.847435,20.0
17.074018,6.214434,-5.555063,19.0
19.892487,6.849532,-6.432178,22.0
25.465996,8.274404,-8.186409,28.0
22.86297,6.989911,-7.309293,25.0
29.416292,8.434986,-9.355896,32.0
25.864145,6.930277,-8.186409,28.0
27.836952,6.940532,-8.771152,30.0
26.090252,6.023409,-8.186409,28.0
25.255995,5.368327,-7.894037,27.0
25.345839,4.926732,-7.894037,27.0
26.369738,4.649696,-8.186409,28.0
23.613276,3.739976,-7.309293,25.0
26.515945,3.726573,-8.186409,28.0
25.627768,3.146694,-7.894037,27.0
21.874517,2.299105,-6.72455,23.0
25.721973,2.250381,-7.894037,27.0
27.665281,1.934545,-8.47878,29.0
38.199768,2.001965,-11.694869,40.0
25.804499,0.901113,-7.894037,27.0
21.99166,0.383866,-6.72455,23.0
26.776533,0.0,-8.186409,28.0
25.816296,-0.450625,-7.894037,27.0
30.58311,-1.067986,-9.355896,32.0
23.874853,-1.251228,-7.309293,25.0
27.665281,-1.934545,-8.47878,29.0
31.43797,-2.750466,-9.648267,33.0
42.79797,-4.498248,-13.156728,45.0
41.76377,-5.127946,-12.864356,44.0
51.137894,-7.186962,-15.788074,54.0
65.172646,-10.322333,-20.17365,69.0
64.04079,-11.292119,-19.881277,68.0
70.405106,-13.685366,-21.92788,75.0
62.672283,-13.321405,-19.588905,67.0
55.907684,-12.907305,-17.542303,60.0
64.02499,-15.963223,-20.17365,69.0
66.5078,-17.820711,-21.050764,72.0
60.6711,-17.397158,-19.296535,66.0
60.35824,-18.453365,-19.296535,66.0
60.026993,-19.503952,-19.296535,66.0
68.7195,-23.66202,-22.220251,76.0
62.904278,-22.895283,-20.46602,70.0
59.816753,-22.961502,-19.588905,67.0
60.293583,-24.360188,-19.881277,68.0
64.26067,-27.277037,-21.343138,73.0
62.027576,-27.616459,-20.758392,71.0
61.536156,-28.69478,-20.758392,71.0
61.025993,-29.764364,-20.758392,71.0
62.201385,-31.693188,-21.343138,73.0
59.105686,-31.427052,-20.46602,70.0
59.384613,-32.917427,-20.758392,71.0
58.80108,-33.94882,-20.758392,71.0
59.01935,-35.4624,-21.050764,72.0
57.580463,-35.980267,-20.758392,71.0
56.94375,-36.979706,-20.758392,71.0
55.49688,-37.433117,-20.46602,70.0
56.401848,-39.492996,-21.050764,72.0
58.798676,-42.71974,-22.220251,76.0
54.989204,-41.437336,-21.050764,72.0
55.011227,-42.97948,-21.343138,73.0
55.73913,-45.136658,-21.92788,75.0
63.73376,-53.478973,-25.43634,87.0
54.851658,-47.68182,-22.220251,76.0
55.432487,-49.911636,-22.804995,78.0
54.552967,-50.871464,-22.804995,78.0
57.09637,-55.13732,-24.266853,83.0
56.125393,-56.125397,-24.266853,83.0
53.808716,-55.72055,-23.682112,81.0
54.132458,-58.049953,-24.266853,83.0
53.1111,-58.985855,-24.266853,83.0
54.583138,-62.790714,-25.43634,87.0
52.249573,-62.268616,-24.851599,85.0
53.56217,-66.14376,-26.021084,89.0
52.9884,-67.82206,-26.313456,90.0
62.156006,-82.4838,-31.576147,108.0
53.399677,-73.498344,-27.775314,95.0
60.88504,-86.95285,-32.453262,111.0
60.427746,-89.58782,-33.038006,113.0
71.876045,-110.6794,-40.347298,138.0
59.291424,-94.88611,-34.207493,117.0
60.5816,-100.82472,-35.961723,123.0
53.553062,-92.75663,-32.745632,112.0
18.081402,-32.619717,-11.402498,39.0
17.060402,-32.085945,-11.110126,38.0
16.497826,-32.378803,-11.110126,38.0
15.930224,-32.661797,-11.110126,38.0
15.35777,-32.934845,-11.110126,38.0
13.613745,-30.576975,-10.233011,35.0
13.825349,-32.570477,-10.817754,37.0
12.538334,-31.03346,-10.233011,35.0
13.022942,-33.925922,-11.110126,38.0
12.755944,-35.04667,-11.402498,39.0
10.58564,-30.742933,-9.940639,34.0
10.343004,-31.832495,-10.233011,35.0
9.506281,-31.093637,-9.940639,34.0
11.070921,-38.608883,-12.279613,42.0
8.415337,-31.406462,-9.940639,34.0
7.403234,-29.692749,-9.355896,32.0
6.883896,-29.81743,-9.355896,32.0
6.760115,-31.803844,-9.940639,34.0
4.014375,-20.652164,-6.432178,22.0
3.321212,-18.835526,-5.847435,20.0
3.171506,-17.986502,-5.23711,19.0
3.668349,-18.872011,-5.512747,20.0
3.397578,-15.984349,-4.685835,17.0
3.676026,-15.922619,-4.685835,17.0
3.488254,-13.990622,-4.134561,15.0
6.717407,-25.069702,-7.442209,27.0
4.769274,-16.632433,-4.961473,18.0
5.058824,-16.546663,-4.961473,18.0
5.049785,-15.541642,-4.685835,17.0
5.946167,-17.268925,-5.23711,19.0
6.246646,-17.16252,-5.23711,19.0
5.856252,-15.256057,-4.685835,17.0
6.121615,-15.151527,-4.685835,17.0
7.136304,-16.812075,-5.23711,19.0
9.383528,-21.07575,-6.615297,24.0
8.937428,-19.166376,-6.064022,22.0
9.691956,-19.871454,-6.339659,23.0
10.473689,-20.55577,-6.615297,24.0
15.794977,-29.70603,-9.647308,35.0
15.378953,-27.74437,-9.096033,33.0
15.860817,-27.471743,-9.096033,33.0
18.813282,-31.31056,-10.47422,38.0
19.866253,-31.79265,-10.749857,39.0
17.800383,-27.410185,-9.37167,34.0
15.05086,-22.313818,-7.717846,28.0
19.297497,-27.559683,-9.647308,35.0
20.905573,-28.77405,-10.198583,37.0
21.404564,-28.404816,-10.198583,37.0
20.713413,-26.51196,-9.647308,35.0
22.38284,-27.640503,-10.198583,37.0
23.47971,-27.982029,-10.47422,38.0
24.595133,-28.293463,-10.749857,39.0
25.728384,-28.574266,-11.025495,40.0
26.223156,-28.120892,-11.025495,40.0
26.70994,-27.65895,-11.025495,40.0
29.907444,-29.907446,-12.128044,44.0
69.83885,-67.4426,-27.839375,101.0
87.17477,-81.29178,-34.179035,124.0
90.008934,-81.04441,-34.73031,126.0
92.860596,-80.72249,-35.28158,128.0
86.89156,-72.910675,-32.525208,118.0
85.909676,-69.56828,-31.698298,115.0
84.08079,-65.69111,-30.595749,111.0
89.05294,-67.1062,-31.973934,116.0
75.43467,-54.8065,-26.736826,97.0
77.16711,-54.03299,-27.012463,98.0
70.92606,-47.840233,-24.531727,89.0
71.75019,-46.59512,-24.531727,89.0
70.10687,-43.807632,-23.704815,86.0
70.86074,-42.577427,-23.704815,86.0
70.76055,-40.853622,-23.429176,85.0
68.94055,-38.21437,-22.602264,82.0
77.23568,-41.066936,-25.083,91.0
71.08871,-36.221504,-22.877901,83.0
69.1181,-33.71115,-22.05099,80.0
68.824715,-32.093494,-21.775352,79.0
68.496185,-30.496468,-21.499716,78.0
69.01799,-29.296398,-21.499716,78.0
68.62751,-27.727312,-21.224077,77.0
68.203545,-26.18089,-20.94844,76.0
69.55337,-25.315355,-21.224077,77.0
67.25792,-23.158758,-20.397165,74.0
67.65185,-21.981419,-20.397165,74.0
68.02518,-20.797382,-20.397165,74.0
67.45376,-19.342052,-20.121529,73.0
68.70956,-18.41067,-20.397165,74.0
67.15498,-16.743618,-19.84589,72.0
68.3736,-15.785288,-20.121529,73.0
69.57893,-14.789459,-20.397165,74.0
71.713646,-13.939721,-20.94844,76.0
67.212715,-11.851415,-19.570253,71.0
67.40932,-10.676587,-19.570253,71.0
68.537285,-9.632287,-19.84589,72.0
74.41953,-9.13757,-21.499716,78.0
66.91971,-7.033545,-19.294617,70.0
65.11706,-5.697004,-18.743341,68.0
65.206566,-4.559687,-18.743341,68.0
66.23616,-3.47129,-19.018978,69.0
67.24733,-2.348328,-19.294617,70.0
65.35584,-1.14079,-18.743341,68.0
63.44327,0.0,-18.192066,66.0
72.08365,1.258225,-20.672804,75.0
63.404625,2.214138,-18.192066,66.0
67.1961,3.521599,-19.294617,70.0
57.535206,4.023254,-16.538242,60.0
70.86268,6.199681,-20.397165,74.0
63.095722,6.631628,-18.192066,66.0
63.924473,7.848938,-18.467705,67.0
65.681564,9.230942,-19.018978,69.0
58.86447,9.323217,-17.089518,62.0
40.70629,7.177617,-11.852407,43.0
31.13882,6.052773,-9.096033,33.0
31.968699,6.795157,-9.37167,34.0
23.415615,5.405921,-6.890934,25.0
26.115828,6.511407,-7.717846,28.0
23.212687,6.219821,-6.890934,25.0
24.948648,7.15391,-7.442209,27.0
24.819998,7.588234,-7.442209,27.0
20.112713,6.535017,-6.064022,22.0
25.448942,8.762773,-7.717846,28.0
24.388844,8.876813,-7.442209,27.0
24.230207,9.301106,-7.442209,27.0
17.825327,7.201899,-5.512747,20.0
30.084766,12.770225,-9.37167,34.0
15.806812,7.037647,-4.961473,18.0
20.037577,9.343675,-6.339659,23.0
24.191336,11.798903,-7.717846,28.0
23.981733,12.219303,-7.717846,28.0
25.46231,13.538551,-8.269121,30.0
22.699938,12.582781,-7.442209,27.0
19.146973,11.05451,-6.339659,23.0
20.599052,12.377159,-6.890934,25.0
26.086277,16.300514,-8.820396,32.0
24.185455,15.70622,-8.269121,30.0
15.938441,10.750614,-5.512747,20.0
15.74839,11.027141,-5.512747,20.0
23.33031,16.950464,-8.269121,30.0
15.353955,11.570034,-5.512747,20.0
24.239506,18.937977,-8.820396,32.0
25.399382,20.568014,-9.37167,34.0
16.200123,13.593516,-6.064022,22.0
13.783995,11.982244,-5.23711,19.0
13.572776,12.220983,-5.23711,19.0
14.060446,13.111578,-5.512747,20.0
9.680633,9.348479,-3.858923,14.0
12.234864,12.234864,-4.961473,18.0
9.348479,9.680633,-3.858923,14.0
12.455999,13.357424,-5.23711,19.0
17.36666,19.28763,-7.442209,27.0
10.720955,12.333048,-4.685835,17.0
11.121968,13.254645,-4.961473,18.0
10.888949,13.446731,-4.961473,18.0
17.162542,21.967052,-7.993484,29.0
8.099024,10.747768,-3.858923,14.0
8.475232,11.665155,-4.134561,15.0
9.37307,13.386131,-4.685835,17.0
10.213084,15.141519,-5.23711,19.0
4.711866,7.255637,-2.480736,9.0
6.112693,9.782354,-3.307648,12.0
7.426295,12.359431,-4.134561,15.0
8.170724,14.15211,-4.685835,17.0
6.990433,12.611077,-4.134561,15.0
6.769276,12.731155,-4.134561,15.0
8.29167,16.273317,-5.23711,19.0
7.16362,14.687597,-4.685835,17.0
7.312441,15.681581,-4.961473,18.0
6.646666,14.928657,-4.685835,17.0
8.638683,20.35146,-6.339659,23.0
6.121615,15.151527,-4.685835,17.0
4.47831,11.666396,-3.583286,13.0
3.94525,10.839486,-3.307648,12.0
3.755474,10.906689,-3.307648,12.0
2.970462,9.142142,-2.756374,10.0
2.810458,9.192591,-2.756374,10.0
3.179516,11.088288,-3.307648,12.0
5.473443,20.427164,-6.064022,22.0
1.162751,4.663541,-1.378187,5.0
7.135815,30.908613,-9.096033,33.0
1.998575,9.402558,-2.756374,10.0
2.751262,14.154009,-4.134561,15.0
3.338428,18.933159,-5.512747,20.0
0.838656,4.756256,-1.294095,5.0
5.160607,26.549013,-7.246933,28.0
3.414063,16.061907,-4.399924,17.0
1.08643,4.705846,-1.294095,5.0
5.374608,21.556376,-5.952838,23.0
1.25,4.665063,-1.294095,5.0
3.993679,13.927612,-3.882286,15.0
2.259276,7.389756,-2.070552,8.0
15.222861,46.851154,-13.199771,51.0
12.578987,36.532032,-10.352761,40.0
1.65183,4.538367,-1.294095,5.0
4.846196,12.624772,-3.623467,14.0
4.703949,11.642681,-3.364647,13.0
8.303182,19.561068,-5.694019,22.0
7.071793,15.883509,-4.658743,18.0
15.104062,32.390766,-9.576304,37.0
5.504642,11.286189,-3.364647,13.0
13.155635,25.819386,-7.764571,30.0
8.61602,16.204374,-4.917562,19.0
10.302382,18.58599,-5.694019,22.0
11.108146,19.239876,-5.952838,23.0
8.954794,14.903281,-4.658743,18.0
16.379606,26.21285,-8.282209,32.0
6.839052,10.531216,-3.364647,13.0
7.561944,11.211043,-3.623467,14.0
6.648388,9.494881,-3.105828,12.0
10.219626,14.066107,-4.658743,18.0
7.557013,10.028495,-3.364647,13.0
8.325567,10.656239,-3.623467,14.0
10.941783,13.511976,-4.658743,18.0
18.005669,21.45832,-7.505752,29.0
10.772974,12.392889,-4.399924,17.0
12.28028,13.638633,-4.917562,19.0
12.516437,13.422235,-4.917562,19.0
18.11669,18.76038,-6.988114,27.0
13.660254,13.660254,-5.176381,20.0
9.727604,9.393838,-3.623467,14.0
9.890068,9.222637,-3.623467,14.0
12.92081,11.63395,-4.658743,18.0
12.392889,10.772974,-4.399924,17.0
10.35919,8.692392,-3.623467,14.0
13.511976,10.941783,-4.658743,18.0
9.895079,7.730883,-3.364647,13.0
9.257072,6.975704,-3.105828,12.0
9.377405,6.813084,-3.105828,12.0
11.868602,8.310484,-3.882286,15.0
9.609466,6.481666,-3.105828,12.0
12.151403,7.891214,-3.882286,15.0
12.287273,7.677941,-3.882286,15.0
18.21512,10.944748,-5.694019,22.0
16.730326,9.659259,-5.176381,20.0
14.361902,7.960932,-4.399924,17.0
23.027271,12.243817,-6.988114,27.0
18.934217,9.647465,-5.694019,22.0
20.83604,10.162416,-6.211657,24.0
26.262783,12.246537,-7.764571,30.0
22.060429,9.821936,-6.470476,25.0
25.785044,10.945101,-7.505752,29.0
17.016226,6.875002,-4.917562,19.0
26.151314,10.038549,-7.505752,29.0
20.876488,7.59842,-5.952838,23.0
22.83252,7.861867,-6.470476,25.0
24.80355,8.059163,-6.988114,27.0
22.169268,6.777825,-6.211657,24.0
21.355673,6.123641,-5.952838,23.0
35.454483,9.5,-9.835123,38.0
27.179777,6.77668,-7.505752,29.0
25.41157,5.866723,-6.988114,27.0
27.399723,5.823991,-7.505752,29.0
22.756296,4.423376,-6.211657,24.0
27.586287,4.864206,-7.505752,29.0
26.712942,4.230915,-7.246933,28.0
23.913137,3.360772,-6.470476,25.0
23.96815,2.942919,-6.470476,25.0
23.055225,2.423202,-6.211657,24.0
23.094006,2.020464,-6.211657,24.0
19.271458,1.347592,-5.176381,20.0
21.221245,1.112158,-5.694019,22.0
31.856134,1.112441,-8.541028,33.0
31.870699,0.556305,-8.541028,33.0
23.18222,0.0,-6.211657,24.0
28.007584,-0.488874,-7.505752,29.0
28.960121,-1.01131,-7.764571,30.0
27.008858,-1.415474,-7.246933,28.0
30.834332,-2.156147,-8.282209,32.0
43.301258,-3.788369,-11.646857,45.0
60.519966,-6.360905,-16.3056,63.0
69.98699,-8.593323,-18.89379,73.0
66.00026,-9.275732,-17.858515,69.0
64.87429,-10.275078,-17.599695,68.0
63.733833,-11.237994,-17.340876,67.0
65.424355,-12.717206,-17.858515,69.0
59.523537,-12.652118,-16.3056,63.0
60.23483,-13.906306,-16.564419,64.0
63.73189,-15.890145,-17.599695,68.0
78.37307,-21.000002,-21.740799,84.0
61.281494,-17.572186,-17.082056,66.0
63.736645,-19.486246,-17.858515,69.0
63.386852,-20.595638,-17.858515,69.0
71.237465,-24.529026,-20.187885,78.0
64.44481,-23.455992,-18.376152,71.0
62.22209,-23.884825,-17.858515,69.0
62.691357,-25.328953,-18.117332,70.0
67.57459,-28.683714,-19.670246,76.0
62.65162,-27.894299,-18.376152,71.0
63.030678,-29.39169,-18.634972,72.0
63.376293,-30.910683,-18.89379,73.0
63.68782,-32.450565,-19.152609,74.0
60.553192,-32.196705,-18.376152,71.0
60.826878,-33.71689,-18.634972,72.0
61.902206,-35.739258,-19.152609,74.0
59.613125,-35.819176,-18.634972,72.0
63.07467,-39.41343,-19.929066,77.0
59.946922,-38.92999,-19.152609,74.0
60.85995,-41.050552,-19.670246,76.0
59.34301,-41.55242,-19.411428,75.0
68.76763,-49.962612,-22.776075,88.0
58.628124,-44.17946,-19.670246,76.0
58.609314,-45.790615,-19.929066,77.0
58.551895,-47.414394,-20.187885,78.0
70.2945,-58.98409,-24.587809,95.0
56.1325,-48.795235,-19.929066,77.0
55.272354,-49.767452,-19.929066,77.0
54.395374,-50.724506,-19.929066,77.0
56.975967,-55.021053,-21.223162,82.0
55.324028,-55.32403,-20.964342,81.0
54.350067,-56.28114,-20.964342,81.0
54.677067,-58.633976,-21.48198,83.0
53.64543,-59.579292,-21.48198,83.0
57.033394,-65.60941,-23.293713,90.0
54.01701,-64.37496,-22.517256,87.0
52.27741,-64.55722,-22.258436,86.0
54.116184,-69.26556,-23.552532,91.0
59.293484,-78.68511,-26.399542,102.0
60.749996,-83.61519,-27.693638,107.0
60.389523,-86.24517,-28.211275,109.0
61.57583,-91.289925,-29.50537,114.0
63.12971,-97.21123,-31.058285,120.0
62.44725,-99.93649,-31.575922,122.0
60.693607,-101.01112,-31.575922,122.0
63.26814,-109.58364,-33.905293,131.0
60.409424,-108.9815,-33.387657,129.0
19.499414,-36.67306,-11.129219,43.0
15.348241,-30.122618,-9.058666,35.0
15.667059,-32.12223,-9.576304,37.0
15.51228,-33.266193,-9.835123,38.0
14.929341,-33.531853,-9.835123,38.0
12.83219,-30.23074,-8.799847,34.0
12.302636,-30.450089,-8.799847,34.0
11.423177,-29.75839,-8.541028,33.0
11.562813,-31.768568,-9.058666,35.0
11.006614,-31.965528,-9.058666,35.0
9.850086,-30.315453,-8.541028,33.0
9.601921,-31.406462,-8.799847,34.0
7.454868,-25.99821,-7.246933,28.0
7.250001,-27.057367,-7.505752,29.0
7.945073,-31.865946,-8.799847,34.0
8.039583,-34.82326,-9.576304,37.0
7.832262,-36.847904,-10.093942,39.0
5.529222,-28.445372,-7.764571,30.0
5.367402,-30.44004,-8.282209,32.0
4.717723,-26.755533,-6.773812,28.0
4.998813,-25.716654,-6.53189,27.0
3.631244,-17.083664,-4.354594,18.0
5.020188,-21.744823,-5.564203,23.0
4.225244,-16.946527,-4.354594,18.0
10.045241,-37.48935,-9.676875,40.0
4.814096,-16.788746,-4.354594,18.0
5.106367,-16.702171,-4.354594,18.0
6.596432,-20.301735,-5.322281,22.0
12.0041,-34.86244,-9.193031,38.0
6.305353,-17.323814,-4.596515,19.0
7.649904,-19.92868,-5.322281,22.0
9.813939,-24.290348,-6.53189,27.0
16.302366,-38.405964,-10.40264,43.0
11.839644,-26.592278,-7.257656,30.0
12.301941,-26.381598,-7.257656,30.0
14.461888,-29.651264,-8.225343,34.0
17.179699,-33.717052,-9.434953,39.0
16.854473,-31.69865,-8.951109,37.0
17.875528,-32.248314,-9.193031,38.0
18.435617,-31.931429,-9.193031,38.0
19.98957,-33.26823,-9.676875,40.0
16.453709,-26.331438,-7.7415,32.0
16.910751,-26.040272,-7.7415,32.0
20.075552,-29.76323,-8.951109,37.0
23.374628,-33.382427,-10.160718,42.0
19.961393,-27.4745,-8.467265,35.0
19.85391,-26.347029,-8.225343,34.0
20.90808,-26.761122,-8.467265,35.0
24.425077,-30.162457,-9.676875,40.0
23.076681,-27.501717,-8.951109,37.0
24.189709,-27.827076,-9.193031,38.0
27.26869,-30.28495,-10.160718,42.0
29.116564,-31.223694,-10.644562,44.0
54.595947,-56.53576,-19.59567,81.0
92.62386,-92.62386,-32.65945,135.0
93.52829,-90.31922,-32.41753,134.0
92.25182,-86.026215,-31.449842,130.0
93.01806,-83.753845,-31.20792,129.0
88.60727,-77.02512,-29.272547,121.0
88.45147,-74.21959,-28.788702,119.0
86.717064,-70.22209,-27.821014,115.0
93.281624,-72.87959,-29.514467,122.0
84.46548,-63.6493,-26.369484,109.0
84.77846,-61.595158,-26.127562,108.0
73.918236,-51.758106,-22.498734,93.0
79.63675,-53.715664,-23.950266,99.0
72.4245,-47.033024,-21.531046,89.0
73.234314,-45.761875,-21.531046,89.0
74.85352,-44.97653,-21.772968,90.0
75.62707,-43.663307,-21.772968,90.0
77.22622,-42.807194,-22.01489,91.0
71.10778,-37.808678,-20.079515,83.0
71.756805,-36.561916,-20.079515,83.0
71.51187,-34.87867,-19.837593,82.0
79.14479,-36.905823,-21.772968,90.0
70.91274,-31.572388,-19.353748,80.0
70.55979,-29.950853,-19.111828,79.0
70.17212,-28.351376,-18.869905,78.0
74.279625,-28.513277,-19.837593,82.0
70.20704,-25.553272,-18.627983,77.0
70.64231,-24.324099,-18.627983,77.0
71.978874,-23.387356,-18.869905,78.0
71.44818,-21.8439,-18.627983,77.0
70.88582,-20.326181,-18.386063,76.0
68.41806,-18.332565,-17.660295,73.0
68.727585,-17.135712,-17.660295,73.0
69.96161,-16.151909,-17.902218,74.0
74.9783,-15.937131,-19.111828,79.0
67.625275,-13.145022,-17.176453,71.0
69.7555,-12.299776,-17.660295,73.0
70.917885,-11.23229,-17.902218,74.0
78.78993,-11.073203,-19.837593,82.0
69.34055,-8.51395,-17.418373,72.0
70.443565,-7.403917,-17.660295,73.0
70.56205,-6.17338,-17.660295,73.0
77.43457,-5.414753,-19.353748,80.0
69.76555,-3.656258,-17.418373,72.0
69.81873,-2.438124,-17.418373,72.0
67.910355,-1.18538,-16.93453,70.0
72.77218,0.0,-18.14414,75.0
65.97006,1.151512,-16.450687,68.0
68.84903,2.404261,-17.176453,71.0
62.982788,3.300788,-15.724921,65.0
67.75525,4.737909,-16.93453,70.0
61.86262,5.412278,-15.483,64.0
58.8638,6.186835,-14.757234,61.0
59.709923,7.331457,-14.999156,62.0
68.22056,9.587774,-17.176453,71.0
66.12614,10.473351,-16.69261,69.0
64.02217,11.288835,-16.208765,67.0
52.385777,10.182763,-13.305703,55.0
35.11642,7.464226,-8.951109,37.0
21.744823,5.020188,-5.564203,23.0
23.536844,5.868395,-6.048047,25.0
26.242544,7.031669,-6.773812,28.0
8.394373,2.407048,-2.177297,9.0
13.918476,4.255305,-3.628828,15.0
20.301735,6.596433,-5.322281,22.0
24.770681,8.52923,-6.53189,27.0
24.618053,8.960238,-6.53189,27.0
7.246793,2.781783,-1.935375,8.0
13.494638,5.452188,-3.628828,15.0
10.717943,4.549497,-2.903062,12.0
12.40973,5.525168,-3.386906,14.0
20.225891,9.431488,-5.564203,23.0
24.41869,11.90979,-6.773812,28.0
21.613497,11.012626,-6.048047,25.0
33.41209,17.765524,-9.434953,39.0
33.09695,18.34594,-9.434953,39.0
31.091127,17.950472,-8.951109,37.0
28.277996,16.991135,-8.225343,34.0
36.205727,22.62385,-10.644562,44.0
26.854029,17.43921,-7.983422,33.0
33.78529,22.788464,-10.160718,42.0
29.40833,20.591934,-8.951109,37.0
33.754387,24.523998,-10.40264,43.0
30.996506,23.35754,-9.676875,40.0
22.1735,17.323837,-7.015734,29.0
22.621841,18.318808,-7.257656,30.0
20.81211,17.463434,-6.773812,28.0
24.897911,21.643423,-8.225343,34.0
23.074247,20.776148,-7.7415,32.0
19.869623,18.528723,-6.773812,28.0
16.751335,16.176577,-5.806125,24.0
10.29154,10.291541,-3.628828,15.0
8.762313,9.07364,-3.144984,13.0
15.220022,16.321476,-5.564203,23.0
8.440309,9.373913,-3.144984,13.0
12.094854,13.913538,-4.596515,19.0
10.602799,12.635924,-4.112672,17.0
8.548777,10.556859,-3.386906,14.0
10.752727,13.762862,-4.354594,18.0
7.007263,9.298952,-2.903062,12.0
10.26586,14.129743,-4.354594,18.0
5.565388,7.948197,-2.419219,10.0
9.223902,13.674998,-4.112672,17.0
7.926914,12.206377,-3.628828,15.0
9.255211,14.811434,-4.354594,18.0
6.49661,10.812175,-3.144984,13.0
6.79207,11.764211,-3.386906,14.0
6.585721,11.880957,-3.386906,14.0
4.555263,8.567203,-2.419219,10.0
6.607576,12.968097,-3.628828,15.0
8.081644,16.569824,-4.596515,19.0
9.021423,19.346504,-5.322281,22.0
7.498441,16.841776,-4.596515,19.0
6.824247,16.076914,-4.354594,18.0
6.179147,15.293923,-4.112672,17.0
7.649904,19.92868,-5.322281,22.0
4.314189,11.853137,-3.144984,13.0
4.422563,12.844057,-3.386906,14.0
4.497568,13.842091,-3.628828,15.0
5.390054,17.63007,-4.596515,19.0
3.744297,13.057914,-3.386906,14.0
4.520359,16.870207,-4.354594,18.0
3.286301,13.180633,-3.386906,14.0
2.837497,12.290553,-3.144984,13.0
3.026037,14.236387,-3.628828,15.0
5.369095,27.621592,-7.015734,29.0
3.369802,19.111095,-4.838437,20.0
3.214755,18.231777,-4.274069,19.0
0.929593,4.782341,-1.124755,5.0
3.646492,17.1554,-4.049118,18.0
2.630227,11.392764,-2.699412,12.0
3.064379,12.290553,-2.924363,13.0
3.278412,12.2352,-2.924363,13.0
8.594331,29.971989,-7.198432,32.0
2.279026,7.454358,-1.799608,8.0
2.709872,8.340129,-2.024559,9.0
3.806686,11.05542,-2.699412,12.0
6.665084,18.312166,-4.49902,20.0
10.126308,26.379932,-6.523579,29.0
6.570099,16.261562,-4.049118,18.0
14.467238,34.08267,-8.548138,38.0
9.9078,22.253284,-5.623775,25.0
5.765012,12.363109,-3.149314,14.0
5.9799,12.260612,-3.149314,14.0
11.05887,21.704252,-5.623775,25.0
8.233904,15.485718,-4.049118,18.0
8.975295,16.191862,-4.274069,19.0
13.64118,23.627218,-6.298628,28.0
9.534916,15.868765,-4.274069,19.0
7.745062,12.39469,-3.374265,15.0
7.42952,11.440457,-3.149314,14.0
13.621521,20.194735,-5.623775,25.0
8.383136,11.972358,-3.374265,15.0
9.736247,13.400793,-3.824167,17.0
8.795858,11.672498,-3.374265,15.0
14.997053,19.195353,-5.623775,25.0
10.424247,12.872872,-3.824167,17.0
10.647321,12.688983,-3.824167,17.0
11.506397,13.236596,-4.049118,18.0
18.907444,20.998844,-6.523579,29.0
11.961338,12.826965,-4.049118,18.0
13.537087,14.018063,-4.49902,20.0
13.09069,13.09069,-4.274069,19.0
23.830708,23.013046,-7.648334,34.0
8.55131,7.974225,-2.699412,12.0
10.861471,9.779713,-3.374265,15.0
13.236596,11.506397,-4.049118,18.0
14.928216,12.52626,-4.49902,20.0
9.843961,7.971483,-2.924363,13.0
11.517211,8.998232,-3.374265,15.0
3.112666,2.345562,-0.899804,4.0
26.801586,19.472492,-7.648334,34.0
9.577887,6.706509,-2.699412,12.0
25.84926,17.435547,-7.198432,32.0
35.138546,22.81924,-9.672893,43.0
19.831505,12.392099,-5.398824,24.0
15.868765,9.534916,-4.274069,19.0
19.408072,11.205256,-5.173873,23.0
24.713896,13.699135,-6.523579,29.0
28.390484,15.095488,-7.423383,33.0
27.781443,14.155352,-7.198432,32.0
32.403046,15.804022,-8.323187,37.0
32.67393,15.236104,-8.323187,37.0
32.93486,14.663545,-8.323187,37.0
30.495022,12.944368,-7.648334,34.0
26.199186,10.585158,-6.523579,29.0
50.030907,19.205067,-12.372305,55.0
40.28677,14.663184,-9.897844,44.0
46.985535,16.178417,-11.472501,51.0
44.480686,14.452652,-10.797648,48.0
46.589737,14.243911,-11.24755,50.0
39.338234,11.280057,-9.447942,42.0
40.470276,10.843978,-9.672893,43.0
37.817085,9.428858,-8.99804,40.0
50.318043,11.616835,-11.922403,53.0
57.184666,12.154976,-13.49706,60.0
21.0423,4.090209,-4.948922,22.0
33.58485,5.921915,-7.873285,35.0
12.510862,1.981526,-2.924363,13.0
32.806175,4.610608,-7.648334,34.0
28.04611,3.443629,-6.523579,29.0
31.009035,3.259181,-7.198432,32.0
17.471922,1.528595,-4.049118,18.0
33.047882,2.310933,-7.648334,34.0
22.379799,1.172876,-5.173873,23.0
22.39686,0.782116,-5.173873,23.0
26.303986,0.459138,-6.073677,27.0
24.359253,0.0,-5.623775,25.0
32.149315,-0.561168,-7.423383,33.0
26.291965,-0.918136,-6.073677,27.0
48.651737,-2.54973,-11.24755,50.0
64.15177,-4.485929,-14.846766,66.0
70.858345,-6.199302,-16.421423,73.0
65.8942,-6.92576,-15.296668,68.0
60.927757,-7.480988,-14.171913,63.0
59.82303,-8.407578,-13.946962,62.0
66.4038,-10.51733,-15.521619,69.0
62.37187,-10.997843,-14.621815,65.0
63.1269,-12.270626,-14.846766,66.0
62.903133,-13.370474,-14.846766,66.0
69.305984,-16.000547,-16.421423,73.0
66.1799,-16.500502,-15.74657,70.0
63.05834,-16.896431,-15.071717,67.0
66.50035,-19.068668,-15.971521,71.0
73.611786,-22.50538,-17.77113,79.0
66.72103,-21.678978,-16.196472,72.0
66.33252,-22.840118,-16.196472,72.0
65.923805,-23.9943,-16.196472,72.0
78.23014,-30.02974,-19.345787,86.0
65.04626,-26.280394,-16.196472,72.0
64.57769,-27.411604,-16.196472,72.0
64.97959,-28.930779,-16.421423,73.0
67.99709,-31.707567,-17.321226,77.0
64.80609,-31.608044,-16.646374,74.0
63.376415,-32.291897,-16.421423,73.0
64.52383,-34.307926,-16.871325,75.0
64.76745,-35.901184,-17.096275,76.0
62.443363,-36.051693,-16.646374,74.0
63.475063,-38.139664,-17.096275,76.0
62.799763,-39.24165,-17.096275,76.0
62.922512,-40.86236,-17.321226,77.0
63.815365,-43.044003,-17.77113,79.0
63.852577,-44.710056,-17.99608,80.0
61.485992,-44.672188,-17.546179,78.0
61.47516,-46.324852,-17.77113,79.0
70.6389,-55.189156,-20.695494,92.0
59.82099,-48.442085,-17.77113,79.0
58.966454,-49.478725,-17.77113,79.0
58.829315,-51.13954,-17.99608,80.0
65.16882,-58.678276,-20.24559,90.0
58.433952,-54.49054,-18.445984,82.0
58.174965,-56.17891,-18.670935,83.0
57.185646,-57.185646,-18.670935,83.0
57.53262,-59.57677,-19.120836,85.0
57.813133,-61.996998,-19.570738,87.0
58.678272,-65.16883,-20.24559,90.0
56.253498,-64.71224,-19.795689,88.0
55.115543,-65.68415,-19.795689,88.0
58.866333,-72.69386,-21.595297,96.0
55.78904,-71.40671,-20.920444,93.0
60.398228,-80.15115,-23.169954,103.0
62.42652,-85.92273,-24.51966,109.0
67.62396,-96.57703,-27.219072,121.0
63.203857,-93.70357,-26.094316,116.0
63.15092,-97.24388,-26.76917,119.0
64.54218,-103.289085,-28.118876,125.0
70.25728,-116.92774,-31.493141,140.0
65.76997,-113.91695,-30.368385,135.0
63.77183,-115.04745,-30.368385,135.0
61.296837,-115.28257,-30.143435,134.0
64.5838,-126.75283,-32.842846,146.0
16.231157,-33.278805,-8.548138,38.0
16.059677,-34.440086,-8.773089,39.0
14.663543,-32.93486,-8.323187,37.0
13.325087,-31.391933,-7.873285,35.0
12.775192,-31.619707,-7.873285,35.0
13.268955,-34.566807,-8.548138,38.0
12.330405,-33.87751,-8.323187,37.0
11.737283,-34.087543,-8.323187,37.0
9.6351,-29.653793,-7.198432,32.0
9.97074,-32.612816,-7.873285,35.0
8.862903,-30.908611,-7.423383,33.0
8.322123,-31.058584,-7.423383,33.0
9.193137,-36.87166,-8.773089,39.0
7.671495,-33.228897,-7.873285,35.0
6.482653,-30.498487,-7.198432,32.0
5.39164,-27.737576,-6.523579,29.0
4.906731,-27.82745,-6.523579,29.0
5.605168,-31.788483,-6.861084,33.0
4.665986,-24.004408,-5.197791,25.0
5.084207,-23.91932,-5.197791,25.0
6.160989,-26.686176,-5.821525,28.0
5.915883,-23.72731,-5.197791,25.0
6.329081,-23.620451,-5.197791,25.0
6.740352,-23.506395,-5.197791,25.0
9.151448,-29.93303,-6.653172,32.0
8.463398,-26.047663,-5.821525,28.0
8.916704,-25.895988,-5.821525,28.0
9.70184,-26.655584,-6.029437,29.0
11.217177,-29.221743,-6.653172,32.0
10.992618,-27.20768,-6.237349,30.0
10.701398,-25.210909,-5.821525,28.0
11.139757,-25.020306,-5.821525,28.0
13.228257,-28.36809,-6.653172,32.0
12.863751,-26.374598,-6.237349,30.0
13.322092,-26.146076,-6.237349,30.0
15.154014,-28.500551,-6.861084,33.0
16.123322,-29.087246,-7.068995,34.0
17.117582,-29.648523,-7.276907,35.0
16.624847,-27.668392,-6.861084,33.0
17.623535,-28.20355,-7.068995,34.0
19.711285,-30.352713,-7.69273,37.0
18.050116,-26.760397,-6.861084,33.0
19.075443,-27.242556,-7.068995,34.0
21.272808,-29.279507,-7.69273,37.0
21.780565,-28.903788,-7.69273,37.0
22.281689,-28.51926,-7.69273,37.0
22.776026,-28.126047,-7.69273,37.0
23.263424,-27.724268,-7.69273,37.0
24.385458,-28.05226,-7.900642,38.0
37.306984,-41.433605,-11.850962,57.0
160.76991,-172.40462,-50.1067,241.0
166.47221,-172.38702,-50.938347,245.0
94.75671,-94.756714,-28.483892,137.0
100.61773,-97.16541,-29.731361,143.0
95.14446,-88.72364,-27.652246,133.0
91.59007,-82.46807,-26.196863,126.0
94.49182,-82.14049,-26.612688,128.0
91.41515,-76.70642,-25.365217,122.0
91.979774,-74.48376,-25.157307,121.0
89.411736,-69.8561,-24.117748,116.0
89.05491,-67.10769,-23.701925,114.0
87.04719,-63.243484,-22.870277,110.0
86.53517,-60.592583,-22.454454,108.0
78.65935,-53.0564,-20.167427,97.0
76.291954,-49.54458,-19.335781,93.0
73.82694,-46.132195,-18.504133,89.0
86.358925,-51.889675,-21.414898,103.0
76.23906,-44.016644,-18.712046,90.0
76.99564,-42.679382,-18.712046,90.0
75.13782,-39.95149,-18.08831,87.0
74.95209,-38.189995,-17.8804,86.0
74.72803,-36.447292,-17.672487,85.0
73.579735,-34.310795,-17.256664,83.0
75.9545,-33.81712,-17.672487,85.0
73.83195,-31.339804,-17.048754,82.0
76.1815,-30.779325,-17.464577,84.0
73.05436,-28.04294,-16.63293,80.0
73.532646,-26.763695,-16.63293,80.0
73.06368,-25.157843,-16.425018,79.0
80.93381,-26.29699,-18.08831,87.0
75.76798,-23.164597,-16.840841,81.0
73.33996,-21.029894,-16.217108,78.0
74.640625,-19.999895,-16.425018,79.0
91.11288,-22.716991,-19.959517,96.0
74.340065,-17.162756,-16.217108,78.0
72.71473,-15.455993,-15.801283,76.0
73.93357,-14.371231,-16.009195,77.0
78.026276,-13.758137,-16.840841,81.0
71.49177,-11.323184,-15.38546,74.0
74.58438,-10.482151,-16.009195,77.0
72.81425,-8.940466,-15.593372,75.0
71.986404,-7.566076,-15.38546,74.0
72.10748,-6.308587,-15.38546,74.0
72.206604,-5.049177,-15.38546,74.0
70.33011,-3.685845,-14.969637,72.0
72.33883,-2.526128,-15.38546,74.0
73.3499,-1.280327,-15.593372,75.0
71.40478,0.0,-15.177548,73.0
68.45991,1.194972,-14.553814,70.0
68.42862,2.38958,-14.553814,70.0
71.306915,3.737037,-15.177548,73.0
69.279305,4.844481,-14.761725,71.0
67.23536,5.882331,-14.345902,69.0
65.17688,6.850366,-13.930079,67.0
66.01825,8.106022,-14.13799,68.0
64.8981,9.120833,-13.930079,67.0
64.729034,10.252072,-13.930079,67.0
69.35669,12.229455,-14.969637,72.0
66.25217,12.878116,-14.345902,69.0
31.5735,6.711155,-6.861084,33.0
22.873865,5.280848,-4.989879,24.0
31.320051,7.808966,-6.861084,33.0
22.675632,6.075918,-4.989879,24.0
31.028442,8.897263,-6.861084,33.0
29.933031,9.151446,-6.653172,32.0
29.768757,9.672456,-6.653172,32.0
31.44513,10.827426,-7.068995,34.0
32.170532,11.709116,-7.276907,35.0
29.221743,11.217176,-6.653172,32.0
25.393835,10.259775,-5.821525,28.0
26.1113,11.083589,-6.029437,29.0
17.871647,7.95697,-4.158232,20.0
25.708582,11.988108,-6.029437,29.0
29.012056,14.150126,-6.861084,33.0
40.96219,20.871277,-9.771846,47.0
50.955532,27.093536,-12.266786,59.0
42.77536,23.710768,-10.395581,50.0
38.11953,22.008322,-9.356023,45.0
42.760242,25.692945,-10.603493,51.0
48.111942,30.063677,-12.058874,58.0
41.01718,26.63687,-10.395581,50.0
39.735134,26.801685,-10.18767,49.0
36.056324,25.246908,-9.356023,45.0
40.35824,29.32198,-10.603493,51.0
30.466154,22.957893,-8.108553,39.0
19.269772,15.055195,-5.197791,25.0
25.845558,20.929321,-7.068995,34.0
29.972181,25.149647,-8.316465,40.0
28.05226,24.385458,-7.900642,38.0
28.349308,25.525831,-8.108553,39.0
23.607271,22.014137,-6.861084,33.0
26.033958,25.140701,-7.69273,37.0
29.741156,29.741158,-8.9402,43.0
22.422789,23.219477,-6.861084,33.0
8.672236,9.299834,-2.702851,13.0
15.708204,17.445728,-4.989879,24.0
14.759619,16.978998,-4.781967,23.0
20.748459,24.72705,-6.861084,33.0
13.542502,16.723597,-4.574056,22.0
8.430909,10.791072,-2.910763,14.0
5.886639,7.811834,-2.079116,10.0
11.498815,15.82676,-4.158232,20.0
7.854594,11.217523,-2.910763,14.0
12.580384,18.651186,-4.781967,23.0
10.122011,15.586528,-3.950321,19.0
9.848446,15.760808,-3.950321,19.0
9.571882,15.930287,-3.950321,19.0
15.650361,27.107222,-6.653172,32.0
8.061661,14.543622,-3.534498,17.0
6.888188,12.954796,-3.118674,15.0
9.769534,19.17379,-4.574056,22.0
12.434959,25.495443,-6.029437,29.0
9.094427,19.503061,-4.574056,22.0
7.956969,17.871647,-4.158232,20.0
9.172627,21.60935,-4.989879,24.0
9.160515,22.673065,-5.197791,25.0
6.660199,17.35041,-3.950321,19.0
6.356378,17.464005,-3.950321,19.0
6.05062,17.572277,-3.950321,19.0
6.045284,18.605473,-4.158232,20.0
5.147689,16.83733,-3.742409,18.0
4.853053,16.924604,-3.742409,18.0
4.810102,17.951544,-3.950321,19.0
5.205977,20.880033,-4.574056,22.0
4.400706,19.061556,-4.158232,20.0
5.490944,25.832865,-5.613614,27.0
3.732788,19.203526,-4.158232,20.0
3.227218,18.30246,-3.950321,19.0
5.795566,32.86828,-6.487507,34.0
0.936517,4.81796,-0.954045,5.0
5.714568,26.884935,-5.342653,28.0
7.507814,32.519917,-6.487507,34.0
6.649359,26.669123,-5.342653,28.0
4.827213,18.015402,-3.625371,19.0
3.517451,12.266808,-2.480517,13.0
2.583001,8.448612,-1.717281,9.0
5.156771,15.87091,-3.243753,17.0
7.989663,23.203669,-4.770226,25.0
9.736352,26.750406,-5.533462,29.0
16.533836,43.072113,-8.968024,47.0
14.341238,35.495804,-7.441552,39.0
13.424332,31.625738,-6.678316,35.0
12.776439,28.696354,-6.105889,32.0
16.594143,35.586254,-7.632361,40.0
14.200462,29.115261,-6.296698,33.0
13.369483,26.239086,-5.724271,30.0
12.442844,23.401585,-5.151844,27.0
11.897556,21.463762,-4.770226,25.0
19.14173,33.15445,-7.441552,39.0
12.133809,20.19405,-4.579417,24.0
11.964213,19.146742,-4.388608,23.0
10.69265,16.465237,-3.81618,20.0
16.467567,24.414175,-5.724271,30.0
10.134688,14.473834,-3.434562,18.0
10.962734,15.088908,-3.625371,19.0
11.224402,14.895284,-3.625371,19.0
13.295701,17.017721,-4.197799,22.0
11.119644,13.731616,-3.434562,18.0
11.988578,14.287431,-3.625371,19.0
14.168118,16.298555,-4.197799,22.0
18.39143,20.425753,-5.342653,28.0
13.389362,14.358333,-3.81618,20.0
15.001702,15.534717,-4.197799,22.0
13.882304,13.882305,-3.81618,20.0
33.89393,32.730988,-9.158833,48.0
10.050834,9.372554,-2.671326,14.0
13.130841,11.823062,-3.434562,18.0
14.816869,12.880107,-3.81618,20.0
15.039401,12.619555,-3.81618,20.0
18.308823,14.826192,-4.579417,24.0
13.150057,10.273951,-3.243753,17.0
10.19151,7.679854,-2.480517,13.0
7.147378,5.192874,-1.717281,9.0
36.184586,25.33672,-8.586406,45.0
21.972757,14.820811,-5.151844,27.0
12.348927,8.019487,-2.862135,15.0
27.471413,17.166044,-6.296698,33.0
25.242561,15.167261,-5.724271,30.0
32.304337,18.650917,-7.250743,38.0
33.483467,18.560188,-7.441552,39.0
37.26919,19.81638,-8.204788,43.0
39.35863,20.054222,-8.586406,45.0
39.70263,19.364265,-8.586406,45.0
47.151787,21.98724,-10.112878,53.0
58.289467,25.952145,-12.402587,65.0
45.17963,19.177614,-9.540451,50.0
42.776997,17.28303,-8.968024,47.0
43.072113,16.533834,-8.968024,47.0
64.56995,23.501537,-13.356632,70.0
51.976215,17.896847,-10.685305,56.0
53.214226,17.290352,-10.876114,57.0
47.875473,14.637,-9.73126,51.0
53.785236,15.422668,-10.876114,57.0
53.098026,14.227574,-10.685305,56.0
51.433308,12.823764,-10.303687,54.0
46.86694,10.820085,-9.349642,49.0
43.20793,9.18413,-8.586406,45.0
26.980574,5.244492,-5.342653,28.0
32.86828,5.795564,-6.487507,34.0
40.720753,6.449534,-8.013979,42.0
22.357702,3.14217,-4.388608,23.0
23.383448,2.871126,-4.579417,24.0
23.429993,2.462592,-4.579417,24.0
26.403078,2.30997,-5.151844,27.0
27.418608,1.917296,-5.342653,28.0
27.447893,1.438483,-5.342653,28.0
17.658525,0.616649,-3.434562,18.0
24.536942,0.428294,-4.770226,25.0
29.448814,0.0,-5.724271,30.0
26.499897,-0.462557,-5.151844,27.0
17.658525,-0.616649,-3.434562,18.0
27.447893,-1.438483,-5.342653,28.0
49.941036,-3.492217,-9.73126,51.0
72.36399,-6.331029,-14.119868,74.0
68.33748,-7.182559,-13.356632,70.0
66.2531,-8.134858,-12.975014,68.0
65.12896,-9.153279,-12.784205,67.0
81.441505,-12.899067,-16.027958,84.0
65.73656,-11.591128,-12.975014,68.0
67.45143,-13.111231,-13.356632,70.0
65.291985,-13.87824,-12.975014,68.0
75.56098,-17.444628,-15.073913,79.0
64.76787,-16.148443,-12.975014,68.0
67.32071,-18.03853,-13.547441,71.0
66.05204,-18.940119,-13.356632,70.0
81.66992,-24.969,-16.600386,87.0
65.35081,-21.233765,-13.356632,70.0
67.75471,-23.329819,-13.929059,73.0
69.18208,-25.18022,-14.310677,75.0
68.73209,-26.38378,-14.310677,75.0
69.17131,-27.947025,-14.501486,76.0
69.57663,-29.533525,-14.692295,77.0
66.36031,-29.545519,-14.119868,74.0
66.72423,-31.114017,-14.310677,75.0
71.46474,-34.85568,-15.455531,81.0
67.34699,-34.315002,-14.692295,77.0
66.737854,-35.485146,-14.692295,77.0
67.825485,-37.59628,-15.073913,79.0
77.36038,-44.66404,-17.36362,91.0
67.3135,-40.44603,-15.264722,80.0
67.42983,-42.134834,-15.455531,81.0
65.86095,-42.7706,-15.264722,80.0
78.12536,-52.696217,-18.317665,96.0
64.328156,-45.043056,-15.264722,80.0
64.3264,-46.735867,-15.455531,81.0
63.50095,-47.851395,-15.455531,81.0
81.22094,-63.456753,-20.034948,105.0
62.55514,-50.65616,-15.64634,82.0
62.413513,-52.371155,-15.837149,83.0
62.23085,-54.09645,-16.027958,84.0
63.46573,-57.144802,-16.600386,87.0
63.176666,-58.913193,-16.791195,88.0
59.314373,-57.279224,-16.027958,84.0
60.388023,-60.388027,-16.600386,87.0
62.73439,-64.96336,-17.55443,92.0
66.27734,-71.07375,-18.890093,99.0
57.1448,-63.465733,-16.600386,87.0
56.672474,-65.19422,-16.791195,88.0
58.049957,-69.181244,-17.55443,92.0
63.01132,-77.81249,-19.46252,102.0
64.66546,-82.768005,-20.416567,107.0
64.39262,-85.4519,-20.798183,109.0
65.776405,-90.53345,-21.75223,114.0
65.87547,-94.079926,-22.324656,117.0
66.41919,-98.470505,-23.087893,121.0
64.69054,-99.61468,-23.087893,121.0
65.543076,-104.89085,-24.041937,126.0
66.73595,-111.06727,-25.18679,132.0
71.16797,-123.26654,-27.667309,145.0
65.19861,-117.62142,-26.140837,137.0
113.82899,-214.08116,-47.12983,247.0
109.62976,-215.1605,-46.93902,246.0
104.13673,-213.51192,-46.175785,242.0
15.764435,-33.806942,-7.250743,38.0
13.574966,-30.489876,-6.487507,34.0
11.506571,-27.107777,-5.724271,30.0
12.870342,-31.85521,-6.678316,35.0
11.608864,-30.24212,-6.296698,33.0
11.415033,-31.362547,-6.487507,34.0
10.226769,-29.700697,-6.105889,32.0
10.010202,-30.808237,-6.296698,33.0
9.184002,-30.03951,-6.105889,32.0
8.928914,-31.13882,-6.296698,33.0
8.384106,-31.289907,-6.296698,33.0
8.786653,-35.24134,-7.059934,37.0
7.286996,-31.56345,-6.296698,33.0
6.530935,-30.725641,-6.105889,32.0
5.993707,-30.834942,-6.105889,32.0
6.306939,-35.76842,-7.059934,37.0
4.788283,-27.155697,-4.862149,28.0
5.449397,-28.034706,-5.035797,29.0
5.937837,-27.935333,-5.035797,29.0
13.292012,-57.57403,-10.418891,60.0
6.670904,-26.755533,-4.862149,28.0
7.391724,-27.586287,-5.035797,29.0
7.872046,-27.453081,-5.035797,29.0
14.972359,-48.97237,-9.029706,52.0
8.216702,-25.288412,-4.688501,27.0
8.977417,-26.072313,-4.862149,28.0
7.746954,-21.28458,-3.993908,23.0
13.058172,-34.017696,-6.424983,37.0
9.222888,-22.827446,-4.341205,25.0
10.389468,-24.476048,-4.688501,27.0
11.215606,-25.190666,-4.862149,28.0
19.977491,-42.84187,-8.335113,48.0
12.951339,-26.55418,-5.209446,30.0
14.306988,-28.079044,-5.556742,32.0
13.870178,-26.086008,-5.209446,30.0
20.052658,-36.175957,-7.293224,42.0
16.741732,-28.997532,-5.904038,34.0
17.245258,-28.70093,-5.904038,34.0
17.743532,-28.395588,-5.904038,34.0
18.236403,-28.081594,-5.904038,34.0
17.62232,-26.126163,-5.556742,32.0
16.945875,-24.201218,-5.209446,30.0
19.10223,-26.291964,-5.73039,33.0
23.114212,-30.673595,-6.772279,39.0
20.61448,-26.385328,-5.904038,34.0
21.071827,-26.021538,-5.904038,34.0
23.421822,-27.91304,-6.424983,37.0
27.135864,-31.216242,-7.293224,42.0
155.51573,-172.71773,-40.980972,236.0
163.8795,-175.73924,-42.370155,244.0
166.92162,-172.85239,-42.370155,244.0
172.00197,-172.00197,-42.8911,247.0
176.39444,-170.34213,-43.2384,249.0
99.39351,-92.68594,-23.96345,138.0
99.53225,-89.61924,-23.616154,136.0
98.108185,-85.28415,-22.92156,132.0
101.09047,-84.824974,-23.268856,134.0
93.3714,-75.61067,-21.18508,122.0
94.67677,-73.9696,-21.18508,122.0
94.380295,-71.12065,-20.837782,120.0
97.99732,-71.19923,-21.358727,123.0
89.54451,-62.69974,-19.274948,111.0
77.56205,-52.31626,-16.496578,95.0
78.46328,-50.95465,-16.496578,95.0
78.50545,-49.05565,-16.32293,94.0
74.28476,-44.634785,-15.28104,88.0
74.19956,-42.839138,-15.107392,87.0
76.65857,-42.49254,-15.454689,89.0
78.258026,-41.61053,-15.628337,90.0
84.23713,-42.92096,-16.670225,96.0
74.35171,-36.26375,-14.586448,84.0
74.97327,-34.96061,-14.586448,84.0
76.471664,-34.04738,-14.760096,85.0
85.21291,-36.170734,-16.32293,94.0
78.52641,-31.72673,-14.933744,86.0
78.148766,-29.9985,-14.760096,85.0
77.73499,-28.293222,-14.586448,84.0
83.80386,-28.855984,-15.628337,90.0
79.611664,-25.8674,-14.760096,85.0
79.109215,-24.186111,-14.586448,84.0
78.57261,-22.530334,-14.412799,83.0
82.75886,-22.17517,-15.107392,87.0
79.31104,-19.774464,-14.412799,83.0
80.603645,-18.608816,-14.586448,84.0
80.91614,-17.199257,-14.586448,84.0
80.23727,-15.596545,-14.412799,83.0
77.58771,-13.680805,-13.891855,80.0
76.841965,-12.170572,-13.718207,79.0
77.04267,-10.827641,-13.718207,79.0
78.19737,-9.60143,-13.891855,80.0
75.41479,-7.926414,-13.37091,77.0
76.5227,-6.694869,-13.544559,78.0
75.64548,-5.289647,-13.37091,77.0
80.64356,-4.22635,-14.239151,82.0
78.736626,-2.749544,-13.891855,80.0
73.849335,-1.289045,-13.023614,75.0
73.86058,0.0,-13.023614,75.0
73.849335,1.289045,-13.023614,75.0
77.75242,2.715174,-13.718207,79.0
76.70973,4.020187,-13.544559,78.0
67.78621,4.740073,-11.981725,69.0
67.69316,5.922384,-11.981725,69.0
68.5589,7.205831,-12.155373,70.0
64.51283,7.92118,-11.46078,66.0
64.36476,9.045877,-11.46078,66.0
67.115135,10.629994,-11.981725,69.0
76.61786,13.509795,-13.718207,79.0
67.66998,13.153712,-12.155373,70.0
57.79724,12.285183,-10.418891,60.0
16.312641,3.76607,-2.952019,17.0
21.022205,5.241424,-3.82026,22.0
28.537537,7.64661,-5.209446,30.0
31.239714,8.957843,-5.73039,33.0
25.427961,7.774108,-4.688501,27.0
28.098234,9.12967,-5.209446,30.0
26.072313,8.977417,-4.862149,28.0
25.911663,9.431074,-4.862149,28.0
26.66252,10.234783,-5.035797,29.0
27.392935,11.067464,-5.209446,30.0
25.382568,10.774261,-4.862149,28.0
38.685665,17.223969,-7.466872,43.0
42.84187,19.977491,-8.335113,48.0
32.750156,15.973318,-6.424983,37.0
35.098804,17.883734,-6.945927,40.0
51.302483,27.278015,-10.245243,59.0
56.84793,31.511322,-11.46078,66.0
54.583588,31.51385,-11.113484,64.0
48.96041,29.41838,-10.071595,58.0
56.791176,35.487064,-11.808077,68.0
54.511333,35.400074,-11.46078,66.0
53.885216,36.346035,-11.46078,66.0
57.27622,40.10524,-12.329021,71.0
51.787205,37.625607,-11.287132,65.0
46.403645,34.96765,-10.245243,59.0
51.218582,40.016342,-11.46078,66.0
56.635113,45.86221,-12.849966,74.0
62.61574,52.540844,-14.412799,83.0
38.64868,33.596786,-9.029706,52.0
42.44758,38.21997,-10.071595,58.0
36.732384,34.2535,-8.856058,51.0
35.42057,34.205246,-8.682409,50.0
31.33639,31.336391,-7.814168,45.0
25.311884,26.211222,-6.424983,37.0
32.910225,35.291897,-8.508761,49.0
14.49723,16.100805,-3.82026,22.0
29.07414,33.445972,-7.814168,45.0
17.724623,21.123383,-4.862149,28.0
12.395193,15.306787,-3.472964,20.0
21.220787,27.161367,-6.077687,35.0
4.148705,5.505517,-1.215537,7.0
2.894277,3.983631,-0.868241,5.0
9.602663,13.714024,-2.952019,17.0
10.463252,15.51241,-3.299316,19.0
9.654566,14.866727,-3.125667,18.0
7.306161,11.692301,-2.431075,14.0
16.230831,27.01264,-5.556742,32.0
8.370865,14.498765,-2.952019,17.0
8.116552,14.642649,-2.952019,17.0
8.322107,15.651605,-3.125667,18.0
14.754082,28.956514,-5.73039,33.0
8.634226,17.702787,-3.472964,20.0
8.323955,17.850779,-3.472964,20.0
7.61059,17.093666,-3.299316,19.0
16.161394,38.073853,-7.293224,42.0
6.271564,15.522663,-2.952019,17.0
6.352624,16.54915,-3.125667,18.0
6.736482,18.508331,-3.472964,20.0
10.901149,31.659237,-5.904038,34.0
4.564834,14.049118,-2.604723,15.0
4.31895,14.126645,-2.604723,15.0
5.157547,17.986502,-3.299316,19.0
7.391724,27.586287,-5.035797,29.0
5.241424,21.022205,-3.82026,22.0
5.095271,22.070045,-3.993908,23.0
4.504566,21.192322,-3.82026,22.0
6.201038,31.901564,-5.73039,33.0
4.275253,24.246159,-4.341205,25.0
6.345882,35.989277,-5.788075,37.0
2.638438,13.573584,-2.190082,14.0
2.464223,11.59326,-1.877213,12.0
7.33199,31.75834,-5.162337,33.0
3.584152,14.375247,-2.346517,15.0
8.180242,30.529078,-5.005903,32.0
10.61751,37.027653,-6.100944,39.0
5.486672,17.94609,-2.972255,19.0
4.272974,13.150864,-2.190082,14.0
0.32156,0.933878,-0.156434,1.0
14.187991,38.981186,-6.570247,42.0
8.848897,23.052162,-3.910861,25.0
12.949811,32.051903,-5.475206,35.0
6.560651,15.455922,-2.659386,17.0
11.248412,25.26435,-4.380165,28.0
10.017963,21.483591,-3.754427,24.0
12.123274,24.856396,-4.380165,28.0
10.761628,21.120882,-3.754427,24.0
10.201216,19.185694,-3.441558,22.0
10.534497,19.004738,-3.441558,22.0
12.346104,21.38408,-3.910861,25.0
11.191336,18.625511,-3.441558,22.0
10.467902,16.752144,-3.128689,20.0
11.83454,18.223593,-3.441558,22.0
10.493858,15.557784,-2.972255,19.0
8.497722,12.136004,-2.346517,15.0
8.70823,11.98585,-2.346517,15.0
10.104897,13.409651,-2.659386,17.0
12.161633,15.566181,-3.128689,20.0
11.188304,13.816404,-2.81582,18.0
12.062603,14.37565,-2.972255,19.0
12.959637,14.908357,-3.128689,20.0
21.14856,23.487856,-5.005903,32.0
12.798435,13.724641,-2.972255,19.0
13.72212,14.20967,-3.128689,20.0
13.968022,13.968023,-3.128689,20.0
15.630638,15.094331,-3.441558,22.0
12.279942,11.451231,-2.659386,17.0
13.945914,12.556958,-2.972255,19.0
12.672104,11.015692,-2.659386,17.0
9.079358,7.618486,-1.877213,12.0
19.18945,15.539311,-3.910861,25.0
6.226472,4.864653,-1.251476,8.0
3.944015,2.972028,-0.782172,5.0
21.57453,15.674814,-4.22373,27.0
19.417606,13.596354,-3.754427,24.0
24.564922,16.569248,-4.693034,30.0
33.133804,21.517345,-6.257378,40.0
4.188036,2.616975,-0.782172,5.0
19.472126,11.700033,-3.597992,23.0
33.359165,19.259924,-6.100944,39.0
38.873325,21.547836,-7.03955,45.0
34.011005,18.083973,-6.100944,39.0
43.1218,21.971655,-7.665288,49.0
43.49869,21.215729,-7.665288,49.0
50.12838,23.375246,-8.760329,56.0
46.01721,20.488182,-7.978157,51.0
59.096176,25.084837,-10.168239,65.0
67.766884,27.379599,-11.57615,74.0
68.2344,26.192734,-11.57615,74.0
49.190544,17.903893,-8.291026,53.0
50.429394,17.364233,-8.44746,54.0
59.178886,19.228388,-9.855371,63.0
64.22811,19.636503,-10.637543,68.0
61.712753,17.695847,-10.168239,65.0
63.920258,17.127382,-10.481108,67.0
61.334385,15.29238,-10.011805,64.0
63.51668,14.663981,-10.324674,66.0
65.69514,13.963933,-10.637543,68.0
54.29434,10.55375,-8.760329,56.0
50.57952,8.918534,-8.134592,52.0
39.02113,6.18034,-6.257378,40.0
29.342287,4.123789,-4.693034,30.0
34.31142,4.212913,-5.475206,35.0
21.61011,2.271314,-3.441558,22.0
18.694668,1.635571,-2.972255,19.0
22.661495,1.584646,-3.597992,23.0
21.699364,1.137216,-3.441558,22.0
27.638428,0.965155,-4.380165,28.0
26.663525,0.465414,-4.22373,27.0
31.606028,0.0,-5.005903,32.0
17.775682,-0.310276,-2.81582,18.0
21.715906,-0.758336,-3.441558,22.0
46.357735,-2.429506,-7.352419,47.0
60.102226,-4.202757,-9.542502,61.0
64.93937,-5.681459,-10.324674,66.0
71.70627,-7.536633,-11.419715,73.0
70.58349,-8.666563,-11.263281,72.0
68.46534,-9.622175,-10.950412,70.0
68.28698,-10.815595,-10.950412,70.0
65.16977,-11.491188,-10.481108,67.0
66.89838,-13.003728,-10.793977,69.0
71.49177,-15.196045,-11.57615,74.0
82.76416,-19.107613,-13.453363,86.0
107.335175,-26.761665,-17.520658,112.0
99.219505,-26.585787,-16.269182,104.0
104.436966,-29.946817,-17.20779,110.0
116.17732,-35.51897,-19.241438,123.0
106.14626,-34.489014,-17.677094,113.0
112.9992,-38.908745,-18.92857,121.0
103.94983,-37.83464,-17.520658,112.0
107.884125,-41.412834,-18.302832,117.0
101.65032,-41.069397,-17.364223,111.0
86.37133,-36.662453,-14.861273,95.0
79.402245,-35.352158,-13.766232,88.0
86.82951,-40.48927,-15.174142,97.0
80.78329,-39.40064,-14.235535,91.0
85.36356,-43.494907,-15.174142,97.0
86.335625,-45.905468,-15.487011,99.0
85.52132,-47.40524,-15.487011,99.0
83.82559,-48.39673,-15.330576,98.0
81.27496,-48.83492,-15.017708,96.0
78.73508,-49.19914,-14.704839,94.0
79.52113,-51.64163,-15.017708,96.0
78.60775,-53.021595,-15.017708,96.0
76.86136,-53.8189,-14.861273,95.0
74.31227,-53.991024,-14.548404,93.0
76.51389,-57.65735,-15.174142,97.0
73.93936,-57.767757,-14.861273,95.0
67.54687,-54.698376,-13.766232,88.0
65.06873,-54.599148,-13.453363,86.0
66.342186,-57.670383,-13.922666,89.0
73.39954,-66.08925,-15.643445,100.0
62.84441,-58.60336,-13.609797,87.0
63.94352,-61.74954,-14.079101,90.0
62.8561,-62.856102,-14.079101,90.0
63.807858,-66.07497,-14.548404,93.0
58.60336,-62.84441,-13.609797,87.0
58.81943,-65.3256,-13.922666,89.0
61.558277,-70.8147,-14.861273,95.0
64.12225,-76.41793,-15.79988,101.0
67.751396,-83.666,-17.051355,109.0
68.71323,-87.94892,-17.677094,113.0
70.13987,-93.07875,-18.459267,118.0
71.407486,-98.283966,-19.241438,123.0
74.21343,-105.98776,-20.492912,131.0
69.59084,-103.172676,-19.710741,126.0
69.93137,-107.68487,-20.33648,130.0
70.13494,-112.239365,-20.962217,134.0
76.81326,-127.83874,-23.621603,151.0
122.96719,-212.98544,-38.95218,249.0
118.75251,-214.23523,-38.795746,248.0
114.99552,-216.2751,-38.795746,248.0
114.34229,-224.40936,-39.890785,255.0
105.2127,-215.718,-38.013573,243.0
98.50997,-211.25531,-36.91853,236.0
15.265702,-34.28733,-5.944509,38.0
13.507222,-31.821016,-5.475206,35.0
12.579817,-31.136135,-5.318771,34.0
12.0345,-31.35094,-5.318771,34.0
11.485517,-31.556196,-5.318771,34.0
10.611475,-30.817963,-5.162337,33.0
9.766798,-30.059118,-5.005903,32.0
9.529482,-31.169523,-5.162337,33.0
8.984047,-31.33109,-5.162337,33.0
8.94714,-33.39118,-5.475206,35.0
7.64619,-30.667192,-5.005903,32.0
7.33199,-31.75834,-5.162337,33.0
6.571261,-30.91536,-5.005903,32.0
6.973016,-35.873043,-5.788075,37.0
5.659841,-32.09854,-5.162337,33.0
5.502665,-31.207157,-4.453538,32.0
6.046468,-31.10637,-4.453538,32.0
5.147207,-24.21571,-3.479327,25.0
4.455237,-19.29775,-2.783461,20.0
5.510053,-22.099615,-3.200981,23.0
7.432708,-27.73924,-4.036019,29.0
8.188647,-28.557203,-4.175192,30.0
7.238161,-23.674952,-3.479327,25.0
7.344231,-22.603222,-3.340154,24.0
7.415194,-21.535288,-3.200981,23.0
10.160749,-27.916428,-4.175192,30.0
10.291531,-26.810352,-4.036019,29.0
11.870752,-29.381138,-4.453538,32.0
12.768645,-30.081036,-4.592711,33.0
14.902796,-33.472233,-5.149404,37.0
13.392172,-28.719604,-4.453538,32.0
13.891359,-28.481504,-4.453538,32.0
14.835887,-29.117065,-4.592711,33.0
16.271597,-30.602419,-4.871057,35.0
15.843018,-28.581564,-4.592711,33.0
16.339422,-28.300713,-4.592711,33.0
16.320824,-27.162413,-4.453538,32.0
19.416199,-31.072412,-5.149404,37.0
18.337515,-28.237295,-4.731884,34.0
18.82753,-27.91296,-4.731884,34.0
18.743816,-26.768944,-4.592711,33.0
22.11847,-30.44346,-5.288577,38.0
19.66662,-26.098488,-4.592711,33.0
21.338448,-27.311966,-4.871057,35.0
23.681444,-29.244146,-5.288577,38.0
112.66617,-134.27031,-24.633633,177.0
159.81989,-183.85175,-34.236576,246.0
162.34157,-180.29858,-34.0974,245.0
166.13885,-178.16211,-34.236576,246.0
169.91081,-175.94778,-34.375748,247.0
174.3561,-174.3561,-34.654095,249.0
178.08481,-171.9745,-34.793266,250.0
181.7833,-169.51566,-34.93244,251.0
186.18588,-167.64253,-35.21079,253.0
171.14655,-148.77542,-31.870632,229.0
125.925835,-105.664314,-23.10273,166.0
105.432846,-85.37784,-19.066711,137.0
102.224785,-79.86676,-18.231672,131.0
104.39395,-78.66648,-18.370846,132.0
114.563545,-83.23529,-19.901749,143.0
105.453415,-73.83928,-18.092499,130.0
104.26312,-70.32636,-17.67498,127.0
102.98308,-66.87799,-17.257462,124.0
105.81416,-66.120026,-17.535807,126.0
101.01022,-60.69306,-16.561596,119.0
96.90849,-55.95015,-15.726557,113.0
81.41415,-45.128597,-13.082269,94.0
80.44064,-42.77105,-12.803922,92.0
84.70419,-43.15894,-13.360615,96.0
83.66442,-40.805866,-13.082269,94.0
86.15881,-40.176517,-13.360615,96.0
87.751526,-39.069496,-13.499788,97.0
93.8893,-39.85364,-14.334826,103.0
87.22525,-35.24129,-13.221442,95.0
92.449486,-35.488033,-13.917307,100.0
94.915855,-34.546543,-14.195653,102.0
102.99486,-35.46397,-15.309038,110.0
97.947296,-31.825006,-14.473999,104.0
100.3818,-30.689793,-14.752345,106.0
101.85403,-29.206171,-14.891518,107.0
110.000435,-29.474527,-16.004904,115.0
106.65467,-26.591995,-15.448211,111.0
110.96207,-25.617613,-16.004904,115.0
113.32951,-24.088934,-16.283249,117.0
115.67681,-22.485294,-16.561596,119.0
123.85341,-21.838697,-17.67498,127.0
119.3253,-18.899271,-16.979115,122.0
121.59823,-17.089516,-17.257462,124.0
125.80951,-15.447465,-17.814154,128.0
129.01447,-13.559968,-18.231672,131.0
125.28548,-10.961058,-17.67498,127.0
126.44555,-8.841934,-17.814154,128.0
129.54733,-6.789288,-18.231672,131.0
127.66676,-4.458222,-17.953325,129.0
126.73501,-2.212168,-17.814154,128.0
127.74458,0.0,-17.953325,129.0
133.66583,2.333146,-18.788364,135.0
134.59442,4.700141,-18.927538,136.0
118.66931,6.219195,-16.700768,120.0
71.12562,4.973588,-10.020461,72.0
68.06849,5.955221,-9.602942,69.0
71.89356,7.556318,-10.159634,73.0
71.75073,8.809882,-10.159634,73.0
61.779743,8.682577,-8.767903,63.0
61.6188,9.75946,-8.767903,63.0
63.389538,11.177286,-9.04625,65.0
64.15689,12.470836,-9.185423,66.0
61.023586,12.970964,-8.767903,63.0
61.752804,14.256758,-8.907076,64.0
49.96435,12.457512,-7.237,52.0
40.174072,10.76461,-5.845269,42.0
30.461018,8.734556,-4.453538,32.0
31.250937,9.55437,-4.592711,33.0
28.254026,9.18029,-4.175192,30.0
27.153189,9.349593,-4.036019,29.0
30.70807,11.176823,-4.592711,33.0
23.112371,8.872009,-3.479327,25.0
34.890102,14.096516,-5.288577,38.0
35.550316,15.090214,-5.42775,39.0
45.232746,20.138916,-6.958653,50.0
57.439213,26.784344,-8.907076,64.0
64.08339,31.255556,-10.020461,72.0
60.881138,31.020489,-9.602942,69.0
62.953545,33.472996,-10.020461,72.0
58.895344,32.64622,-9.463769,68.0
62.604603,36.144787,-10.159634,73.0
59.41778,35.7018,-9.742115,70.0
57.94585,36.208588,-9.602942,69.0
54.813572,35.59635,-9.185423,66.0
61.57271,41.531315,-10.43798,75.0
53.537888,37.487633,-9.185423,66.0
44.062904,32.013573,-7.654519,55.0
46.66093,35.161533,-8.211211,59.0
67.88975,53.041283,-12.108057,87.0
80.8062,65.43557,-14.613172,105.0
72.82458,61.107075,-13.360615,96.0
39.610332,34.43274,-7.376173,53.0
47.098404,42.407597,-8.907076,64.0
36.21181,33.76806,-6.958653,50.0
34.90462,33.707,-6.81948,49.0
31.510136,31.510138,-6.262788,45.0
36.458595,37.75398,-7.376173,53.0
28.36517,30.417921,-5.845269,42.0
23.191652,25.75694,-4.871057,35.0
14.292835,16.442024,-3.061808,22.0
20.369024,24.274858,-4.453538,32.0
21.811857,26.935398,-4.871057,35.0
3.04835,3.901709,-0.695865,5.0
20.262579,26.88935,-4.731884,34.0
2.910325,4.005718,-0.695865,5.0
2.839972,4.055901,-0.695865,5.0
8.306263,12.314542,-2.087596,15.0
11.865451,18.27119,-3.061808,22.0
9.970481,15.956104,-2.644288,19.0
9.180464,15.278857,-2.505115,18.0
11.388082,19.724737,-3.200981,23.0
13.44256,24.251024,-3.896846,28.0
6.973541,13.115322,-2.087596,15.0
8.991446,17.646706,-2.783461,20.0
9.984414,20.471083,-3.200981,23.0
17.577225,37.69448,-5.845269,42.0
9.666679,21.711718,-3.340154,24.0
8.899358,20.96557,-3.200981,23.0
9.274025,22.954014,-3.479327,25.0
10.646411,27.734846,-4.175192,30.0
8.128599,22.333141,-3.340154,24.0
7.092794,20.59897,-3.061808,22.0
6.732212,20.71962,-3.061808,22.0
9.843898,32.197933,-4.731884,34.0
5.459098,19.038136,-2.783461,20.0
6.407506,23.913137,-3.479327,25.0
6.707891,26.903881,-3.896846,28.0
6.682855,28.946627,-4.175192,30.0
4.73543,22.278452,-3.200981,23.0
4.534851,23.329777,-3.340154,24.0
4.642874,26.33104,-3.757673,27.0
5.515324,31.27895,-3.899817,32.0
5.113443,26.306377,-3.290471,27.0
7.841753,36.89255,-4.631033,38.0
4.912034,21.27636,-2.681124,22.0
5.762848,23.11352,-2.924863,24.0
7.449806,27.803053,-3.534209,29.0
5.198074,18.127834,-2.315517,19.0
8.125389,26.576944,-3.41234,28.0
9.201408,28.319025,-3.656079,30.0
10.663666,30.969538,-4.021687,33.0
8.147299,22.38452,-2.924863,24.0
8.536722,22.23892,-2.924863,24.0
8.551731,21.166273,-2.802994,23.0
11.246744,26.495663,-3.534209,29.0
11.303736,25.388609,-3.41234,28.0
11.745107,25.187466,-3.41234,28.0
19.14456,39.25216,-5.362249,44.0
10.814557,21.224762,-2.924863,24.0
10.717362,20.156424,-2.802994,23.0
12.029897,21.70251,-3.046732,25.0
12.406826,21.489256,-3.046732,25.0
11.757578,19.567898,-2.802994,23.0
12.623264,20.201445,-2.924863,24.0
12.973906,19.978062,-2.924863,24.0
13.320594,19.748592,-2.924863,24.0
11.386022,16.260923,-2.437386,20.0
11.66808,16.059734,-2.437386,20.0
14.3359,19.024384,-2.924863,24.0
14.665739,18.77129,-2.924863,24.0
14.99111,18.512478,-2.924863,24.0
14.03592,16.727358,-2.681124,22.0
14.976884,17.228933,-2.802994,23.0
19.260147,21.39056,-3.534209,29.0
16.92287,18.147558,-3.046732,25.0
16.547531,17.135471,-2.924863,24.0
15.440394,15.440395,-2.681124,22.0
10.709669,10.342207,-1.828039,15.0
14.518046,13.538297,-2.437386,20.0
12.539294,11.290431,-2.071778,17.0
20.225271,17.581558,-3.290471,27.0
10.644683,8.931949,-1.70617,14.0
14.655711,11.867961,-2.315517,19.0
18.77129,14.665738,-2.924863,24.0
30.914621,23.295837,-4.752902,39.0
33.72544,24.502968,-5.11851,42.0
20.326155,14.232527,-3.046732,25.0
4.11429,2.775124,-0.609346,5.0
12.486289,8.108691,-1.828039,15.0
21.043173,13.149233,-3.046732,25.0
24.672565,14.824772,-3.534209,29.0
38.680656,22.332289,-5.484118,45.0
36.460217,20.21023,-5.11851,42.0
36.80738,19.570831,-5.11851,42.0
41.56516,21.178507,-5.727857,47.0
45.496822,22.190283,-6.215334,51.0
56.671795,26.426493,-7.677765,63.0
54.404163,24.222294,-7.312157,60.0
76.746056,32.576767,-10.23702,84.0
77.30291,31.232405,-10.23702,84.0
50.03757,19.207624,-6.580942,54.0
59.69205,21.72613,-7.799635,64.0
61.000603,21.004192,-7.921504,65.0
59.46995,19.32296,-7.677765,63.0
60.747303,18.572313,-7.799635,64.0
62.970375,18.056465,-8.043373,66.0
65.19337,17.46851,-8.287112,68.0
63.562176,15.847831,-8.043373,66.0
65.76329,15.182652,-8.287112,68.0
66.989105,14.238975,-8.408981,69.0
61.38155,11.931364,-7.677765,63.0
65.490295,11.547706,-8.165243,67.0
70.58349,11.179327,-8.774589,72.0
64.87053,9.116958,-8.043373,66.0
59.10887,7.257657,-7.312157,60.0
51.329662,5.394965,-6.337203,52.0
38.562,3.373738,-4.752902,39.0
29.703852,2.077096,-3.656079,30.0
28.74439,1.50643,-3.534209,29.0
28.766304,1.004541,-3.534209,29.0
33.74143,0.588959,-4.143556,34.0
57.567677,0.0,-7.068419,58.0
66.49046,-1.160595,-8.165243,67.0
65.46814,-2.286198,-8.043373,66.0
60.46234,-3.168697,-7.434027,61.0
60.39783,-4.223428,-7.434027,61.0
60.314922,-5.276872,-7.434027,61.0
61.200752,-6.432458,-7.555896,62.0
57.138577,-7.015735,-7.068419,58.0
57.99032,-8.150008,-7.190288,59.0
59.799904,-9.471374,-7.434027,61.0
62.5579,-11.030645,-7.799635,64.0
61.38155,-11.931364,-7.677765,63.0
62.134827,-13.207165,-7.799635,64.0
113.15155,-26.123093,-14.258707,117.0
138.6811,-34.577087,-17.549177,144.0
128.46928,-34.42324,-16.330484,134.0
125.94075,-36.11293,-16.086746,132.0
124.34214,-38.015205,-15.964877,131.0
130.26752,-42.32648,-16.817963,138.0
126.693565,-43.624092,-16.452354,135.0
126.84561,-46.168026,-16.574224,136.0
125.093925,-48.01906,-16.452354,135.0
121.476006,-49.07949,-16.086746,132.0
116.03273,-49.25297,-15.4774,127.0
116.96895,-52.07793,-15.721139,129.0
114.24314,-53.272453,-15.4774,127.0
111.511826,-54.38795,-15.233661,125.0
107.00818,-54.523388,-14.746184,121.0
106.04031,-56.382637,-14.746184,121.0
102.43585,-56.78112,-14.380576,118.0
98.85057,-57.071407,-14.014969,115.0
113.15349,-67.98947,-16.208616,133.0
102.69068,-64.16826,-14.868054,122.0
97.39305,-63.247787,-14.258707,117.0
93.80582,-63.27282,-13.893099,114.0
91.87422,-64.331024,-13.77123,113.0
83.51062,-60.67402,-12.674406,104.0
79.268265,-59.732918,-12.186929,100.0
75.867294,-59.274025,-11.821321,97.0
74.821266,-60.589066,-11.821321,97.0
72.23177,-60.609653,-11.577583,95.0
71.91207,-62.51221,-11.699452,96.0
69.33492,-62.429443,-11.455713,94.0
69.68662,-64.983826,-11.699452,96.0
70.683815,-68.25857,-12.06506,99.0
64.568924,-64.568924,-11.211975,92.0
64.12169,-66.39995,-11.333844,93.0
73.78372,-79.12335,-13.283753,109.0
85.0103,-94.41351,-15.599269,128.0
80.09377,-92.137344,-14.989923,123.0
81.663536,-97.322815,-15.599269,128.0
83.70036,-103.36133,-16.330484,134.0
89.82765,-114.974144,-17.914785,147.0
82.43143,-109.3902,-16.817963,138.0
78.759544,-108.403206,-16.452354,135.0
77.42495,-110.57429,-16.574224,136.0
92.13411,-136.59444,-20.230303,166.0
137.30717,-211.43448,-30.9548,254.0
134.64815,-215.48209,-31.19854,256.0
129.33336,-215.24686,-30.832932,253.0
125.55708,-217.47127,-30.832932,253.0
121.74256,-219.62941,-30.832932,253.0
114.62917,-215.58609,-29.979845,246.0
110.84921,-217.55382,-29.979845,246.0
106.16528,-217.67108,-29.736107,244.0
104.86703,-224.88808,-30.467323,250.0
63.78537,-143.2643,-19.255348,158.0
14.349293,-33.80481,-4.509164,37.0
13.757132,-34.05009,-4.509164,37.0
13.16078,-34.285,-4.509164,37.0
13.239361,-36.374844,-4.752902,39.0
11.309949,-32.846478,-4.265425,35.0
10.428262,-32.094894,-4.143556,34.0
10.156737,-33.22118,-4.265425,35.0
11.490479,-40.072056,-5.11851,42.0
8.477366,-31.637957,-4.021687,33.0
8.404153,-33.707214,-4.265425,35.0
7.8146,-33.848755,-4.265425,35.0
8.254477,-38.834267,-4.874772,40.0
6.439151,-33.12655,-4.143556,34.0
5.860032,-33.233883,-4.143556,34.0
6.044393,-34.27945,-3.658498,35.0
7.590551,-39.049988,-4.18114,40.0
6.203181,-29.183676,-3.135855,30.0
6.487843,-28.101938,-3.031327,29.0
7.217899,-28.94941,-3.135855,30.0
7.464636,-27.858397,-3.031327,29.0
7.40144,-25.811886,-2.82227,27.0
8.141563,-26.629848,-2.926798,28.0
9.219724,-28.375397,-3.135855,30.0
17.808155,-51.71864,-5.749068,55.0
11.564982,-31.774527,-3.553969,34.0
12.117763,-31.567848,-3.553969,34.0
13.784517,-34.11787,-3.867555,37.0
17.486582,-41.1958,-4.703783,45.0
13.348779,-29.981852,-3.449441,33.0
13.870002,-29.744316,-3.449441,33.0
14.82297,-30.391592,-3.553969,34.0
19.414652,-38.103397,-4.494726,43.0
16.341494,-30.733873,-3.658498,35.0
16.393227,-29.574167,-3.553969,34.0
17.404133,-30.144842,-3.658498,35.0
22.025314,-36.65628,-4.494726,43.0
18.445572,-29.519085,-3.658498,35.0
18.957941,-29.192669,-3.658498,35.0
20.576794,-30.506353,-3.867555,37.0
22.817373,-32.586586,-4.18114,40.0
20.459785,-28.160479,-3.658498,35.0
22.743692,-30.181898,-3.972083,38.0
116.33488,-148.90186,-19.860416,190.0
150.83537,-186.26616,-25.191372,241.0
155.34172,-185.12906,-25.400429,243.0
159.20148,-183.14035,-25.504955,244.0
163.70439,-181.81216,-25.714012,246.0
167.53079,-179.65477,-25.818542,247.0
172.02238,-178.1344,-26.0276,249.0
175.80829,-175.8083,-26.132128,250.0
180.2806,-174.09494,-26.341185,252.0
185.47356,-172.95688,-26.65477,255.0
198.07178,-178.34464,-28.013641,268.0
195.14955,-169.64091,-27.177414,260.0
200.36601,-168.12704,-27.490997,263.0
205.58838,-166.4822,-27.804585,266.0
162.22464,-126.74378,-21.637402,207.0
118.34482,-89.179214,-15.574748,149.0
115.05567,-83.59284,-14.947577,143.0
112.42372,-78.71993,-14.424934,138.0
111.30696,-75.07749,-14.111349,135.0
110.09806,-71.49852,-13.797763,132.0
106.2687,-66.40405,-13.170592,126.0
104.85401,-63.002644,-12.857007,123.0
102.49246,-59.174053,-12.438893,119.0
104.37942,-57.85845,-12.543421,120.0
93.079735,-49.49137,-11.080022,106.0
92.15705,-46.95636,-10.870965,104.0
89.38704,-43.59697,-10.452851,100.0
98.24638,-45.813038,-11.393608,109.0
92.67118,-41.25987,-10.661908,102.0
93.37715,-39.636246,-10.661908,102.0
92.210464,-37.255447,-10.452851,100.0
97.488945,-37.4225,-10.975494,105.0
99.06176,-36.05553,-11.080022,106.0
101.5566,-34.968742,-11.289079,108.0
104.98896,-34.112984,-11.602665,111.0
111.27473,-34.020096,-12.229836,117.0
122.36746,-35.088306,-13.379649,128.0
116.23676,-31.145548,-12.64795,121.0
115.79764,-28.871595,-12.543421,120.0
118.22195,-27.293688,-12.752478,122.0
133.27213,-28.327864,-14.320406,137.0
124.95996,-24.289757,-13.379649,128.0
123.40602,-21.759811,-13.170592,126.0
130.64293,-20.691809,-13.902292,133.0
135.90837,-19.100676,-14.424934,138.0
132.27258,-16.241032,-14.00682,134.0
138.47034,-14.553819,-14.633991,140.0
138.70325,-12.134961,-14.633991,140.0
137.9018,-9.643033,-14.529463,139.0
135.06961,-7.078699,-14.215877,136.0
135.17258,-4.720331,-14.215877,136.0
134.24,-2.343168,-14.111349,135.0
139.23306,0.0,-14.633991,140.0
150.14993,2.620877,-15.783805,151.0
139.14825,4.859164,-14.633991,140.0
78.45956,4.111891,-8.257752,79.0
62.502254,4.370583,-6.585296,63.0
71.33309,6.240837,-7.526053,72.0
62.31165,6.549218,-6.585296,63.0
62.18786,7.635709,-6.585296,63.0
62.045128,8.719874,-6.585296,63.0
67.77716,10.734848,-7.212467,69.0
61.70301,10.879905,-6.585296,63.0
61.50373,11.955115,-6.585296,63.0
65.17687,13.853773,-7.00341,67.0
79.460655,18.344936,-8.571338,82.0
67.54862,16.841764,-7.316996,70.0
66.283775,17.760683,-7.212467,69.0
65.96371,18.91479,-7.212467,69.0
72.28101,22.098524,-7.944167,76.0
64.317566,20.898045,-7.107939,68.0
63.943047,22.017357,-7.107939,68.0
64.4836,23.47011,-7.212467,69.0
69.634964,26.730358,-7.839638,75.0
64.547325,26.078812,-7.316996,70.0
64.99782,27.589935,-7.421524,71.0
64.50641,28.720104,-7.421524,71.0
64.89669,30.261824,-7.526053,72.0
62.570927,30.51788,-7.316996,70.0
60.256535,30.702236,-7.107939,68.0
57.077194,30.348484,-6.794353,65.0
57.408676,31.82215,-6.898882,66.0
60.289684,34.808266,-7.316996,70.0
60.52549,36.36738,-7.421524,71.0
57.351364,35.83711,-7.107939,68.0
56.717182,36.83257,-7.107939,68.0
54.416737,36.70455,-6.898882,66.0
56.21186,39.359966,-7.212467,69.0
60.343884,43.8424,-7.839638,75.0
46.06711,34.714054,-6.062654,58.0
44.670555,34.900463,-5.958125,57.0
51.01065,41.307613,-6.898882,66.0
49.52012,41.55231,-6.794353,65.0
43.533363,37.842976,-6.062654,58.0
35.47554,31.942322,-5.017368,48.0
34.18532,31.878326,-4.91284,47.0
32.192963,31.088383,-4.703783,45.0
30.239025,30.239027,-4.494726,43.0
29.015825,30.046764,-4.390197,42.0
23.060919,24.729807,-3.553969,34.0
6.65465,7.390738,-1.045285,10.0
7.829581,9.006902,-1.254342,12.0
3.196332,3.80924,-0.522643,5.0
12.517459,15.457773,-2.09057,20.0
12.245777,15.673879,-2.09057,20.0
2.992591,3.971303,-0.522643,5.0
2.922827,4.022925,-0.522643,5.0
3.99304,5.702652,-0.7317,7.0
10.566462,15.665424,-1.986042,19.0
13.541387,20.851906,-2.613213,25.0
7.905245,12.651036,-1.567928,15.0
9.732116,16.19696,-1.986042,19.0
11.437001,19.809467,-2.404156,23.0
9.643075,17.396568,-2.09057,20.0
11.672495,21.952766,-2.613213,25.0
13.093602,25.69764,-3.031327,29.0
12.207152,25.02837,-2.926798,28.0
14.710609,31.547003,-3.658498,35.0
11.730746,26.347689,-3.031327,29.0
11.657722,27.463865,-3.135855,30.0
8.568754,21.208406,-2.404156,23.0
12.474168,32.496315,-3.658498,35.0
9.524103,26.167257,-2.926798,28.0
8.094616,23.508472,-2.613213,25.0
6.146483,18.916931,-2.09057,20.0
6.978483,22.825584,-2.508684,24.0
6.853186,23.899895,-2.613213,25.0
5.148025,19.212687,-2.09057,20.0
6.496109,26.054468,-2.82227,27.0
6.264124,27.132906,-2.926798,28.0
5.996408,28.210888,-3.031327,29.0
4.554331,23.429993,-2.508684,24.0
4.662818,26.444147,-2.82227,27.0
5.016636,28.450747,-2.527517,29.0
3.801659,19.557837,-1.743115,20.0
3.935289,18.514084,-1.65596,19.0
6.498756,28.149206,-2.527517,29.0
8.435046,33.83112,-3.050452,35.0
8.766362,32.716507,-2.963296,34.0
6.864713,23.940096,-2.178894,25.0
5.825184,19.053314,-1.743115,20.0
9.235232,28.423124,-2.614673,30.0
9.081219,26.373777,-2.440362,28.0
9.199404,25.275154,-2.353206,27.0
9.99612,26.04078,-2.440362,28.0
9.329529,23.09139,-2.178894,25.0
11.67733,27.510061,-2.614673,30.0
11.750477,26.392006,-2.527517,29.0
11.788282,25.280052,-2.440362,28.0
13.101091,26.861216,-2.614673,30.0
13.115626,25.740864,-2.527517,29.0
11.224443,21.110104,-2.091738,24.0
10.625224,19.168413,-1.917427,22.0
12.452433,21.568249,-2.178894,25.0
11.800798,19.639828,-2.004583,23.0
12.669666,20.275703,-2.091738,24.0
13.564164,20.886978,-2.178894,25.0
13.926625,20.647072,-2.178894,25.0
15.427633,22.032944,-2.353206,27.0
14.053166,19.342522,-2.091738,24.0
14.388598,19.094315,-2.091738,24.0
18.39956,23.550364,-2.614673,30.0
21.315474,26.322414,-2.963296,34.0
19.210249,22.893883,-2.614673,30.0
18.953314,21.803291,-2.527517,29.0
19.330946,21.469193,-2.527517,29.0
26.496723,28.414257,-3.399075,39.0
19.37642,20.064869,-2.440362,28.0
19.019232,19.019234,-2.353206,27.0
14.33205,13.8403,-1.743115,20.0
18.214268,16.985079,-2.178894,25.0
11.104754,9.998766,-1.307337,15.0
12.781241,11.110563,-1.481648,17.0
6.868165,5.763074,-0.784402,9.0
9.290264,7.523108,-1.045869,12.0
9.420146,7.359824,-1.045869,12.0
3.977982,2.997625,-0.435779,5.0
14.506892,10.539874,-1.568804,18.0
4.080175,2.856969,-0.435779,5.0
4.129414,2.785325,-0.435779,5.0
24.228895,15.734429,-2.527517,29.0
6.758568,4.223222,-0.697246,8.0
29.886694,17.957735,-3.050452,35.0
34.509197,19.923895,-3.486231,40.0
33.98037,18.835627,-3.399075,39.0
41.340622,21.9812,-4.096321,47.0
39.94272,20.351831,-3.92201,45.0
39.39645,19.214931,-3.834854,44.0
37.92008,17.682423,-3.660542,42.0
46.413525,20.664635,-4.444944,51.0
56.854126,24.133144,-5.403658,62.0
51.724716,20.898142,-4.880723,56.0
50.221504,19.27823,-4.706412,54.0
69.272644,25.21318,-6.449527,74.0
70.64404,24.324696,-6.536683,75.0
64.42575,20.933195,-5.926592,68.0
62.87594,19.223103,-5.752281,66.0
63.20185,18.122839,-5.752281,66.0
65.433014,17.532722,-5.926592,68.0
68.628845,17.111094,-6.18806,71.0
66.9757,15.462558,-6.013748,69.0
64.31208,13.669955,-5.752281,66.0
63.562965,12.355389,-5.665125,65.0
65.73103,11.590155,-5.839437,67.0
67.89116,10.752904,-6.013748,69.0
70.04149,9.843689,-6.18806,71.0
69.213844,8.498392,-6.100904,70.0
70.34236,7.39328,-6.18806,71.0
70.46068,6.16451,-6.18806,71.0
71.5513,5.003354,-6.275215,72.0
69.63806,3.649576,-6.100904,70.0
70.68674,2.468435,-6.18806,71.0
70.71905,1.234406,-6.18806,71.0
70.72982,0.0,-6.18806,71.0
68.72697,-1.199634,-6.013748,69.0
70.68674,-2.468435,-6.18806,71.0
72.62255,-3.805987,-6.362371,73.0
75.52637,-5.281318,-6.623838,76.0
68.47587,-5.990862,-6.013748,69.0
62.41646,-6.560234,-5.490813,63.0
61.30369,-7.527147,-5.403658,62.0
62.149487,-8.734541,-5.490813,63.0
60.019722,-9.506191,-5.316502,61.0
59.844677,-10.552231,-5.316502,61.0
60.62929,-11.78514,-5.403658,62.0
62.363228,-13.255714,-5.577969,64.0
66.005035,-15.238463,-5.926592,68.0
138.22429,-34.46319,-12.463275,143.0
140.48853,-37.643787,-12.724742,146.0
134.06453,-38.442387,-12.201808,140.0
136.2312,-41.650055,-12.463275,143.0
128.8515,-41.86639,-11.853185,136.0
128.1012,-44.10878,-11.853185,136.0
129.18411,-47.019173,-12.027496,138.0
141.36424,-54.26465,-13.247677,152.0
129.31178,-52.245354,-12.201808,140.0
127.46329,-54.104954,-12.114652,139.0
123.7694,-55.10569,-11.853185,136.0
141.74887,-66.09858,-13.683456,157.0
119.980095,-58.518204,-11.678873,134.0
117.165306,-59.698704,-11.504561,132.0
116.98517,-62.202114,-11.591717,133.0
122.852104,-68.09803,-12.288963,141.0
105.25305,-60.76788,-10.633004,122.0
99.05304,-59.51707,-10.110069,116.0
101.378525,-63.34833,-10.458692,120.0
99.42202,-64.565414,-10.371537,119.0
98.28006,-66.29073,-10.371537,119.0
91.39591,-63.996105,-9.761446,112.0
86.23541,-62.653694,-9.325667,107.0
84.33323,-63.54964,-9.238512,106.0
90.2764,-70.53165,-10.022913,115.0
78.96725,-63.946415,-8.889888,102.0
74.78668,-62.753475,-8.541265,98.0
75.18377,-65.356255,-8.715577,100.0
88.83803,-79.99013,-10.458692,120.0
71.399925,-66.581505,-8.541265,98.0
69.510445,-67.12546,-8.45411,97.0
73.963684,-73.963684,-9.151356,105.0
76.12165,-78.82627,-9.587135,110.0
76.77255,-82.32848,-9.848602,113.0
78.65695,-87.3574,-10.284381,118.0
81.041756,-93.227875,-10.807315,124.0
81.32339,-96.917435,-11.068783,127.0
82.75419,-102.1929,-11.504561,132.0
83.41135,-106.76165,-11.853185,136.0
85.13254,-112.9747,-12.376119,142.0
88.41783,-121.6967,-13.160521,151.0
154.84772,-221.14546,-23.619213,271.0
146.5081,-217.20718,-22.921967,263.0
141.0673,-217.22458,-22.6605,260.0
136.19891,-217.96382,-22.486189,258.0
137.50496,-228.84668,-23.357746,268.0
125.02243,-216.54521,-21.876099,251.0
120.25822,-216.9516,-21.701786,249.0
115.51823,-217.25816,-21.527475,247.0
114.42252,-224.56683,-22.05041,253.0
106.555534,-218.47122,-21.266008,244.0
101.88444,-218.49188,-21.091696,242.0
97.65051,-219.32666,-21.00454,241.0
89.136955,-209.99347,-19.958672,229.0
14.927246,-36.946224,-3.486231,40.0
12.138145,-31.620947,-2.963296,34.0
11.925153,-32.764088,-3.050452,35.0
11.027195,-32.0253,-2.963296,34.0
11.390119,-35.055187,-3.224763,37.0
9.902813,-32.390633,-2.963296,34.0
9.061421,-31.600925,-2.87614,33.0
8.766362,-32.716507,-2.963296,34.0
8.917049,-35.764328,-3.224763,37.0
7.843326,-33.97318,-3.050452,35.0
7.042097,-33.130466,-2.963296,34.0
6.652904,-34.22621,-3.050452,35.0
5.708585,-32.37499,-2.87614,33.0
5.543207,-31.437082,-2.232207,32.0
6.662049,-34.27326,-2.441477,35.0
7.673992,-36.103302,-2.58099,37.0
7.629704,-33.047882,-2.37172,34.0
6.998645,-28.070032,-2.022938,29.0
6.971092,-26.016468,-1.883425,27.0
8.798911,-30.685444,-2.232207,32.0
8.458127,-27.665281,-2.022938,29.0
10.172719,-31.308413,-2.301964,33.0
11.042352,-32.06932,-2.37172,34.0
14.671041,-40.308353,-2.999529,43.0
13.58481,-35.389637,-2.650746,38.0
13.826682,-34.222237,-2.58099,37.0
13.252499,-31.220926,-2.37172,34.0
15.012595,-33.718845,-2.58099,37.0
13.490841,-28.931202,-2.232207,32.0
14.431009,-29.587954,-2.301964,33.0
15.398077,-30.220427,-2.37172,34.0
16.39148,-30.827887,-2.441477,35.0
17.894258,-32.2821,-2.58099,37.0
17.45737,-30.237055,-2.441477,35.0
16.44107,-27.362537,-2.232207,32.0
18.501995,-29.60938,-2.441477,35.0
19.015932,-29.281965,-2.441477,35.0
18.408415,-27.291597,-2.301964,33.0
18.881914,-26.96617,-2.301964,33.0
20.522371,-28.246618,-2.441477,35.0
22.212914,-29.477533,-2.58099,37.0
106.249985,-135.99377,-12.067871,173.0
150.0412,-185.28543,-16.671799,239.0
154.53445,-184.16699,-16.811312,241.0
160.34293,-184.45343,-17.090338,245.0
163.53766,-181.62697,-17.090338,245.0
167.36292,-179.47475,-17.160093,246.0
171.16266,-177.24411,-17.22985,247.0
175.64069,-175.6407,-17.369364,249.0
180.11447,-173.93452,-17.508877,251.0
183.85219,-171.44493,-17.578632,252.0
188.29898,-169.54517,-17.718145,254.0
193.48788,-168.19646,-17.927416,257.0
204.79982,-171.84744,-18.694736,268.0
206.21725,-166.99146,-18.555223,266.0
208.31416,-162.75287,-18.485468,265.0
123.48696,-93.0541,-10.812254,155.0
126.70626,-92.057495,-10.951767,157.0
115.219086,-80.67727,-9.835664,141.0
110.82043,-74.74931,-9.347368,134.0
107.92496,-70.08729,-8.998586,129.0
116.74556,-72.95072,-9.626394,138.0
104.31967,-62.68158,-8.510291,122.0
101.07815,-58.3575,-8.161508,117.0
98.59128,-54.650036,-7.882482,113.0
98.64924,-52.452732,-7.812726,112.0
102.21615,-52.081726,-8.021995,115.0
104.90274,-51.164486,-8.161508,117.0
102.16331,-47.639534,-7.882482,113.0
100.24521,-44.632046,-7.673213,110.0
98.25409,-41.706387,-7.463943,107.0
98.04208,-39.611572,-7.394187,106.0
102.44369,-39.324448,-7.673213,110.0
101.239586,-36.848194,-7.5337,108.0
113.185844,-38.97301,-8.370778,120.0
108.156334,-35.142124,-7.952239,114.0
111.615105,-34.12416,-8.161508,117.0
111.23473,-31.896046,-8.091752,116.0
120.44661,-32.273575,-8.71956,125.0
118.08772,-29.442575,-8.510291,122.0
119.55557,-27.60158,-8.580047,123.0
152.21931,-32.355217,-10.882011,156.0
216.41115,-42.066067,-15.416182,221.0
201.3938,-35.51116,-14.300078,205.0
189.17421,-29.962254,-13.393244,192.0
187.69261,-26.378475,-13.253731,190.0
182.18362,-22.369335,-12.835192,184.0
159.72798,-16.788088,-11.230793,161.0
146.0839,-12.780685,-10.254203,147.0
147.27983,-10.298809,-10.323959,148.0
147.43715,-7.726854,-10.323959,148.0
154.52823,-5.396245,-10.812254,155.0
148.61441,-2.594074,-10.393715,149.0
151.62973,0.0,-10.602985,152.0
152.60405,2.663714,-10.672741,153.0
58.820423,2.054054,-4.115632,59.0
71.72618,3.75901,-5.022467,72.0
64.68371,4.523126,-4.534171,65.0
62.607384,5.477436,-4.394658,63.0
62.502254,6.569252,-4.394658,63.0
70.29911,8.631646,-4.95271,71.0
66.18634,9.301883,-4.673684,67.0
125.13086,19.818783,-8.859073,127.0
122.8011,21.653147,-8.71956,125.0
127.30068,24.744745,-9.068342,130.0
90.74613,19.288687,-6.487353,93.0
69.98375,16.157022,-5.022467,72.0
73.56284,18.341276,-5.301492,76.0
70.34082,18.847767,-5.092223,73.0
66.16549,18.972649,-4.813197,69.0
65.824295,20.124504,-4.813197,69.0
66.41178,21.578499,-4.882954,70.0
66.96829,23.05903,-4.95271,71.0
65.61825,23.88309,-4.882954,70.0
65.19144,25.024649,-4.882954,70.0
63.819843,25.784891,-4.813197,69.0
65.19664,27.674332,-4.95271,71.0
63.792408,28.40221,-4.882954,70.0
62.382904,29.089626,-4.813197,69.0
61.86572,30.173927,-4.813197,69.0
62.218525,31.701921,-4.882954,70.0
59.013386,31.377974,-4.673684,67.0
59.329266,32.88675,-4.743441,68.0
63.065853,36.41109,-5.092223,73.0
59.855553,35.96484,-4.882954,70.0
57.526794,35.94673,-4.743441,68.0
56.05405,36.401924,-4.673684,67.0
56.23723,37.932487,-4.743441,68.0
62.103905,43.485622,-5.301492,76.0
60.52847,43.97651,-5.231736,75.0
61.34514,46.226875,-5.371249,77.0
61.315113,47.904617,-5.441005,78.0
56.59346,45.82848,-5.092223,73.0
39.737278,33.343533,-3.627337,52.0
36.890686,32.068584,-3.418068,49.0
34.842724,31.372532,-3.278555,47.0
32.83075,30.615166,-3.139042,45.0
30.138676,29.104582,-2.929772,42.0
31.742292,31.742294,-3.139042,45.0
30.490515,31.57385,-3.069285,44.0
29.93483,32.101173,-3.069285,44.0
28.035027,31.136051,-2.929772,42.0
19.633827,22.586134,-2.092694,30.0
12.183214,14.51939,-1.325373,19.0
3.138937,3.876264,-0.348782,5.0
30.708088,39.304558,-3.487824,50.0
0.600349,0.79669,-0.069756,1.0
0.586353,0.807046,-0.069756,1.0
7.43833,10.623036,-0.906834,13.0
4.462646,6.616145,-0.558052,8.0
7.606373,11.712786,-0.976591,14.0
8.986683,14.381699,-1.18586,17.0
16.44107,27.362537,-2.232207,32.0
8.978076,15.550485,-1.255617,18.0
9.672572,17.449783,-1.39513,20.0
8.429904,15.854342,-1.255617,18.0
11.322116,22.220901,-1.743912,25.0
15.305616,31.381163,-2.441477,35.0
11.382897,24.410702,-1.883425,27.0
10.955137,24.605642,-1.883425,27.0
10.524043,24.793089,-1.883425,27.0
16.442541,40.696712,-3.069285,44.0
8.937375,23.282658,-1.743912,25.0
8.529675,23.43509,-1.743912,25.0
8.119377,23.580383,-1.743912,25.0
10.480983,32.257153,-2.37172,34.0
6.70817,21.94143,-1.604399,23.0
6.324217,22.055162,-1.604399,23.0
5.938338,22.162176,-1.604399,23.0
6.033315,24.198303,-1.743912,25.0
4.936867,21.383924,-1.534643,22.0
5.18513,24.394121,-1.743912,25.0
5.329639,27.418608,-1.953181,28.0
4.677081,26.525038,-1.883425,27.0
3.815025,21.636078,-1.151391,22.0
5.335332,27.447893,-1.465406,28.0
6.021175,28.327406,-1.517742,29.0
5.391426,23.352833,-1.256063,24.0
6.039759,24.22415,-1.308399,25.0
3.618501,13.504429,-0.732703,14.0
5.229933,18.238941,-0.994383,19.0
6.715335,21.964867,-1.203727,23.0
7.714837,23.743828,-1.308399,25.0
8.128049,23.60557,-1.308399,25.0
6.831028,18.768097,-1.046719,20.0
10.378428,27.036728,-1.517742,29.0
7.107772,17.59235,-0.994383,19.0
7.803914,18.384867,-1.046719,20.0
9.342122,20.98275,-1.203727,23.0
9.284859,19.911446,-1.151391,22.0
8.317637,17.053682,-0.994383,19.0
15.414524,30.252705,-1.779422,34.0
11.251877,21.161701,-1.256063,24.0
12.103629,21.835527,-1.308399,25.0
10.984924,19.026447,-1.151391,22.0
12.343973,20.543821,-1.256063,24.0
11.642247,18.631489,-1.151391,22.0
13.597316,20.93803,-1.308399,25.0
12.84381,19.041733,-1.203727,23.0
16.038132,22.904823,-1.465406,28.0
14.087514,19.389797,-1.256063,24.0
15.024756,19.938524,-1.308399,25.0
17.829716,22.820993,-1.517742,29.0
17.596823,21.730265,-1.465406,28.0
17.331482,20.654854,-1.41307,27.0
16.378998,18.841883,-1.308399,25.0
18.041765,20.037413,-1.41307,27.0
23.83723,25.5623,-1.831758,35.0
16.648952,17.240496,-1.256063,24.0
16.241167,16.241167,-1.203727,23.0
12.930371,12.486715,-0.942047,18.0
14.607028,13.621274,-1.046719,20.0
14.100401,12.696058,-0.994383,19.0
21.856583,18.999638,-1.517742,29.0
20.654856,17.33148,-1.41307,27.0
5.432566,4.399206,-0.366352,7.0
5.508516,4.303724,-0.366352,7.0
26.318853,19.832678,-1.727086,33.0
17.773981,12.913554,-1.151391,22.0
0.818029,0.57279,-0.052336,1.0
4.139507,2.792133,-0.26168,5.0
4.187606,2.719463,-0.26168,5.0
21.172148,13.229826,-1.308399,25.0
33.383713,20.058956,-2.041102,39.0
33.728703,19.473276,-2.041102,39.0
37.557106,20.818245,-2.250445,43.0
38.79645,20.62844,-2.302781,44.0
35.59142,18.134731,-2.093438,40.0
40.390305,19.699667,-2.355117,45.0
39.82289,18.56972,-2.302781,44.0
68.42201,30.463444,-3.925196,75.0
69.862495,29.654867,-3.977532,76.0
71.29532,28.805178,-4.029868,77.0
69.92258,26.840761,-3.925196,75.0
70.38036,25.616356,-3.925196,75.0
70.81671,24.384148,-3.925196,75.0
66.48272,21.601545,-3.663516,70.0
63.029617,19.270086,-3.454172,66.0
63.356323,18.167133,-3.454172,66.0
64.62834,17.31711,-3.506508,67.0
67.82762,16.911325,-3.663516,70.0
68.112434,15.724993,-3.663516,70.0
63.49246,13.495739,-3.401836,65.0
65.67889,12.766682,-3.506508,67.0
67.85861,11.965303,-3.61118,69.0
66.08443,10.466745,-3.506508,67.0
67.24594,9.450801,-3.558844,68.0
66.409454,8.154056,-3.506508,67.0
66.54165,6.993809,-3.506508,67.0
67.6484,5.918468,-3.558844,68.0
67.741394,4.736939,-3.558844,68.0
66.81648,3.501704,-3.506508,67.0
68.863464,2.404765,-3.61118,69.0
66.89799,1.167709,-3.506508,67.0
67.90681,0.0,-3.558844,68.0
71.89037,-1.254851,-3.768188,72.0
78.84367,-2.753282,-4.134539,79.0
68.811005,-3.606232,-3.61118,69.0
74.71477,-5.224566,-3.925196,75.0
114.40539,-10.009174,-6.018633,115.0
124.14487,-13.048152,-6.541993,125.0
127.86298,-15.6996,-6.751336,129.0
0.988911,-0.138982,-0.052336,1.0
70.02977,-11.091626,-3.715852,71.0
59.990944,-10.578022,-3.192492,61.0
61.75776,-12.004492,-3.297164,63.0
59.58523,-12.665232,-3.192492,61.0
59.355118,-13.703209,-3.192492,61.0
47.479332,-11.837927,-2.564461,49.0
132.15048,-35.409615,-7.170024,137.0
152.63115,-43.766277,-8.321415,159.0
149.93408,-45.839447,-8.216743,157.0
142.46297,-46.289024,-7.850391,150.0
144.46608,-49.743664,-8.007399,153.0
149.20636,-54.306675,-8.321415,159.0
148.23586,-56.902416,-8.321415,159.0
156.47932,-63.221752,-8.844774,169.0
171.8985,-72.96658,-9.786821,187.0
172.42346,-76.767876,-9.891493,189.0
181.01314,-84.407814,-10.467188,200.0
175.02464,-85.36522,-10.205509,195.0
192.19365,-97.92755,-11.304563,216.0
303.31772,-161.27689,-18.003565,344.0
222.72238,-123.45702,-13.345665,255.0
115.88837,-66.90818,-7.013016,134.0
103.5751,-62.2342,-6.332649,121.0
99.08565,-61.915585,-6.123305,117.0
96.31493,-62.547653,-6.018633,115.0
102.659775,-69.24489,-6.489657,124.0
92.437325,-64.72531,-5.913961,113.0
88.86991,-64.56777,-5.756954,110.0
87.729515,-66.108925,-5.756954,110.0
89.71011,-70.08922,-5.966297,114.0
90.02538,-72.90112,-6.070969,116.0
85.6794,-71.89355,-5.861625,112.0
87.42633,-75.99855,-6.070969,116.0
89.05516,-80.18563,-6.280313,120.0
86.91182,-81.04658,-6.227977,119.0
82.61071,-79.77623,-6.018633,115.0
79.79356,-79.793564,-5.913961,113.0
77.695114,-80.45564,-5.861625,112.0
79.684456,-85.45112,-6.123305,117.0
77.51277,-86.08666,-6.070969,116.0
79.27435,-91.19471,-6.332649,121.0
81.52215,-97.15431,-6.646665,127.0
94.26869,-116.41213,-7.850391,150.0
83.61521,-107.02259,-7.117688,136.0
85.340614,-113.250824,-7.431704,142.0
87.459984,-120.37833,-7.798055,149.0
127.732254,-182.42056,-11.670915,223.0
144.07405,-213.59856,-13.502673,258.0
138.69263,-213.5679,-13.345665,255.0
135.47342,-216.80278,-13.398001,256.0
131.66905,-219.13411,-13.398001,256.0
125.328,-217.07448,-13.136321,251.0
120.068,-216.60843,-12.979314,248.0
115.33174,-216.90742,-12.874642,246.0
111.52861,-218.8872,-12.874642,246.0
106.81597,-219.0052,-12.76997,244.0
102.13345,-219.02591,-12.665298,242.0
97.07683,-218.03815,-12.50829,239.0
92.47638,-217.86066,-12.403618,237.0
89.40829,-221.29324,-12.50829,239.0
13.59932,-35.427437,-1.988766,38.0
11.271197,-30.96736,-1.727086,33.0
10.403903,-30.21513,-1.67475,32.0
12.960926,-39.889633,-2.19811,42.0
9.635046,-31.514807,-1.727086,33.0
8.808309,-30.718218,-1.67475,32.0
7.753931,-28.938063,-1.570078,30.0
10.146795,-40.69657,-2.19811,42.0
7.413211,-32.110146,-1.727086,33.0
7.059308,-33.21144,-1.779422,34.0
6.097522,-31.36902,-1.67475,32.0
6.93641,-39.338326,-2.093438,40.0
5.206273,-29.526236,-1.046984,30.0
6.483556,-33.354992,-1.186582,34.0
7.272475,-34.21431,-1.221481,35.0
14.163282,-61.34792,-2.198666,63.0
7.978559,-32.00025,-1.151682,33.0
8.277165,-30.890797,-1.116783,32.0
9.090493,-31.702312,-1.151682,33.0
17.823812,-58.299053,-2.128867,61.0
10.191348,-31.365747,-1.151682,33.0
11.062574,-32.128048,-1.186582,34.0
12.647037,-34.747448,-1.29128,37.0
17.907482,-46.650585,-1.744973,50.0
14.226381,-35.21152,-1.32618,38.0
14.448247,-34.03793,-1.29128,37.0
13.820621,-31.041624,-1.186582,34.0
19.006235,-40.759007,-1.570476,45.0
13.143123,-26.947395,-1.046984,30.0
15.426275,-30.275766,-1.186582,34.0
17.359867,-32.64916,-1.29128,37.0
24.710226,-44.578434,-1.779873,51.0
16.989643,-29.426928,-1.186582,34.0
16.985903,-28.26929,-1.151682,33.0
17.476683,-27.968538,-1.151682,33.0
24.493828,-37.717186,-1.570476,45.0
19.000977,-28.170107,-1.186582,34.0
20.062946,-28.652857,-1.221481,35.0
21.734806,-29.915394,-1.29128,37.0
30.07242,-39.90745,-1.744973,50.0
144.59232,-185.06972,-8.201374,235.0
150.31595,-185.62474,-8.340971,239.0
154.81744,-184.50424,-8.41077,241.0
159.9809,-184.03696,-8.515469,244.0
163.16841,-181.21689,-8.515469,244.0
166.98781,-179.07251,-8.550368,245.0
171.4761,-177.5687,-8.620167,247.0
176.669,-176.669,-8.724865,250.0
182.60101,-176.33574,-8.864463,254.0
184.91977,-172.44048,-8.829564,253.0
188.6438,-169.85564,-8.864463,254.0
193.84221,-168.50446,-8.969162,257.0
202.87811,-170.23494,-9.248357,265.0
201.93486,-163.52364,-9.07386,260.0
206.33305,-161.20505,-9.143659,262.0
122.1168,-92.02161,-5.339618,153.0
126.12977,-91.63864,-5.444316,156.0
114.61143,-80.251785,-4.885925,140.0
111.8519,-75.44505,-4.711427,135.0
110.63708,-71.84856,-4.606729,132.0
113.56922,-70.96593,-4.676528,134.0
106.224,-63.825813,-4.327533,124.0
104.725235,-60.463146,-4.222835,121.0
106.6386,-59.110744,-4.257734,122.0
112.06603,-59.586567,-4.432232,127.0
114.86983,-58.5291,-4.502031,129.0
116.77205,-56.953533,-4.53693,130.0
119.55975,-55.75163,-4.606729,132.0
121.42753,-54.063023,-4.641628,133.0
124.19245,-52.716568,-4.711427,135.0
130.65329,-52.787354,-4.920824,141.0
140.88477,-54.080597,-5.269819,151.0
137.11154,-49.904522,-5.095321,146.0
138.90656,-47.829365,-5.130221,147.0
134.96776,-43.853683,-4.955724,142.0
136.66827,-41.783684,-4.990623,143.0
181.56778,-52.063725,-6.595998,189.0
264.50244,-70.87322,-9.562453,274.0
337.4572,-84.137535,-12.145013,348.0
341.79556,-78.90972,-12.249711,351.0
352.89618,-75.0104,-12.598706,361.0
337.47406,-65.59831,-12.005415,344.0
194.87315,-34.361393,-6.910093,198.0
191.49481,-30.3298,-6.770496,194.0
191.99498,-26.983133,-6.770496,194.0
190.45277,-23.38466,-6.700697,192.0
190.83188,-20.05724,-6.700697,192.0
190.15727,-16.636606,-6.665797,191.0
190.41867,-13.31537,-6.665797,191.0
441.12537,-23.118402,-15.425562,442.0
440.46286,-15.381302,-15.390663,441.0
445.66043,-7.779032,-15.56516,446.0
494.69846,0.0,-17.275234,495.0
505.61475,8.825538,-17.659128,506.0
521.3642,18.20644,-18.21752,522.0
499.0106,26.152039,-17.449732,500.0
415.7308,29.070728,-14.553076,417.0
406.19983,35.53788,-14.23898,408.0
413.4691,43.45735,-14.518176,416.0
403.72018,49.570606,-14.204081,407.0
400.81424,56.33077,-14.134282,405.0
383.9767,60.81594,-13.575891,389.0
133.85226,23.601765,-4.746327,136.0
124.590706,24.217981,-4.432232,127.0
119.261314,25.349775,-4.257734,122.0
76.928345,17.760307,-2.757057,79.0
69.81873,17.407766,-2.512761,72.0
73.36565,19.658264,-2.652359,76.0
68.20801,19.55833,-2.477862,71.0
66.90055,20.45355,-2.442962,70.0
65.582924,21.309183,-2.408063,69.0
66.14598,22.775888,-2.442962,70.0
65.73841,23.926825,-2.442962,70.0
66.243835,25.428625,-2.477862,71.0
64.863335,26.206488,-2.442962,70.0
63.476143,26.944023,-2.408063,69.0
63.909225,28.454222,-2.442962,70.0
63.402897,29.565256,-2.442962,70.0
62.87726,30.667288,-2.442962,70.0
61.441998,31.306261,-2.408063,69.0
60.00386,31.90462,-2.373163,68.0
62.06017,34.400513,-2.477862,71.0
61.450348,35.478374,-2.477862,71.0
60.821808,36.545425,-2.477862,71.0
58.47967,36.542156,-2.408063,69.0
67.05277,43.544582,-2.791957,80.0
59.654343,40.237362,-2.512761,72.0
63.036285,44.13848,-2.687259,77.0
62.25636,45.231895,-2.687259,77.0
63.85192,48.11587,-2.791957,80.0
60.639866,47.377056,-2.687259,77.0
61.35713,49.686028,-2.757057,79.0
59.71507,50.10689,-2.722158,78.0
59.585735,51.797092,-2.757057,79.0
33.421146,30.092535,-1.570476,45.0
31.429052,29.308064,-1.500677,43.0
30.91277,29.852114,-1.500677,43.0
33.92045,33.92045,-1.675174,48.0
30.54635,31.63167,-1.535576,44.0
27.263315,29.236326,-1.395978,40.0
21.399136,23.766148,-1.116783,32.0
0.655659,0.75425,-0.034899,1.0
0.642396,0.765578,-0.034899,1.0
0.628937,0.776673,-0.034899,1.0
0.615286,0.787531,-0.034899,1.0
0.601448,0.798149,-0.034899,1.0
4.699418,6.468193,-0.279196,8.0
14.330676,20.466326,-0.872487,25.0
17.883272,26.513042,-1.116783,32.0
10.341838,15.925033,-0.66309,19.0
17.476683,27.968538,-1.151682,33.0
8.750313,14.562967,-0.593291,17.0
8.994517,15.578961,-0.62819,18.0
9.690285,17.481739,-0.697989,20.0
11.72964,22.060244,-0.872487,25.0
12.250277,24.04252,-0.942285,27.0
10.952603,22.456163,-0.872487,25.0
11.403742,24.455404,-0.942285,27.0
12.194665,27.38967,-1.046984,30.0
9.762329,22.998602,-0.872487,25.0
9.359461,23.165476,-0.872487,25.0
8.953742,23.325293,-0.872487,25.0
11.621601,31.930086,-1.186582,34.0
8.134245,23.623566,-0.872487,25.0
7.720718,23.761929,-0.872487,25.0
6.720454,21.98161,-0.802688,23.0
7.437676,25.938255,-0.942285,27.0
5.173228,19.306747,-0.697989,20.0
5.560814,22.303207,-0.802688,23.0
5.170722,22.39686,-0.802688,23.0
4.1557,19.551035,-0.697989,20.0
4.576628,23.5447,-0.837587,24.0
2.950221,16.731533,-0.593291,17.0
3.819679,21.662472,-0.383952,22.0
5.7234,29.44433,-0.523571,30.0
4.57336,21.51597,-0.383952,22.0
4.273419,18.510212,-0.331595,19.0
4.595816,18.432812,-0.331595,19.0
6.987051,26.076025,-0.471213,27.0
6.889885,24.027882,-0.436309,25.0
8.769817,28.684772,-0.523571,30.0
4.325579,13.312763,-0.244333,14.0
10.416594,30.251986,-0.558475,32.0
5.813457,15.972341,-0.29669,17.0
6.807954,17.735327,-0.331595,19.0
7.116442,17.61381,-0.331595,19.0
7.03209,16.566563,-0.314142,18.0
10.166867,22.835157,-0.436309,25.0
5.493201,11.780207,-0.226881,13.0
8.327783,17.074486,-0.331595,19.0
11.348035,22.27177,-0.436309,25.0
11.735003,22.070328,-0.436309,25.0
13.087865,23.611135,-0.471213,27.0
11.498248,19.91555,-0.401404,23.0
14.41887,23.997028,-0.488666,28.0
11.656448,18.654217,-0.383952,22.0
10.891122,16.770857,-0.349047,20.0
12.859478,19.06496,-0.401404,23.0
19.498629,27.846928,-0.59338,34.0
14.104698,19.41345,-0.418856,24.0
15.043084,19.962847,-0.436309,25.0
14.773625,18.909376,-0.418856,24.0
30.832005,38.074352,-0.855165,49.0
16.067244,19.148193,-0.436309,25.0
16.398977,18.864866,-0.436309,25.0
16.725718,18.57579,-0.436309,25.0
23.184414,24.86224,-0.59338,34.0
15.280157,15.823065,-0.383952,22.0
12.725983,12.725984,-0.314142,18.0
16.542295,15.974709,-0.401404,23.0
18.281057,17.047361,-0.436309,25.0
22.290949,20.070862,-0.523571,30.0
28.674597,24.926447,-0.663189,38.0
10.722989,8.997656,-0.244333,14.0
20.979746,16.989063,-0.471213,27.0
3.939454,3.077839,-0.087262,5.0
13.574736,10.229297,-0.29669,17.0
0.808894,0.587696,-0.017452,1.0
0.819027,0.573489,-0.017452,1.0
0.828911,0.559108,-0.017452,1.0
0.838543,0.544556,-0.017452,1.0
35.612595,22.25322,-0.732999,42.0
41.137764,24.718061,-0.837713,48.0
45.026463,25.99604,-0.907522,52.0
46.347786,25.690996,-0.924975,53.0
46.789097,24.878202,-0.924975,53.0
49.888767,25.419596,-0.977332,56.0
71.89257,35.06435,-1.396188,80.0
69.77507,32.53665,-1.343831,77.0
68.50547,30.500603,-1.308926,75.0
69.947716,29.691042,-1.326379,76.0
72.309326,29.214865,-1.361283,78.0
69.07443,26.51519,-1.291474,74.0
71.40576,25.98957,-1.326379,76.0
71.848465,24.73941,-1.326379,76.0
74.17111,24.099655,-1.361283,78.0
68.84345,21.047556,-1.256569,72.0
65.35584,18.740484,-1.18676,68.0
65.67295,17.597015,-1.18676,68.0
71.79095,17.899494,-1.291474,74.0
69.16974,15.969092,-1.239117,71.0
70.4159,14.967362,-1.256569,72.0
67.72196,13.163816,-1.204212,69.0
71.88002,12.674386,-1.274022,73.0
68.140114,10.792334,-1.204212,69.0
69.308205,9.740633,-1.221665,70.0
69.46765,8.529555,-1.221665,70.0
71.59467,7.524903,-1.256569,72.0
68.72697,6.01283,-1.204212,69.0
69.81885,4.882209,-1.221665,70.0
68.89494,3.610631,-1.204212,69.0
70.945946,2.477487,-1.239117,71.0
70.97837,1.238932,-1.239117,71.0
75.98843,0.0,-1.326379,76.0
74.97716,-1.308731,-1.308926,75.0
76.941376,-2.686852,-1.343831,77.0
115.82338,-6.070046,-2.024473,116.0
119.68945,-8.369502,-2.094282,120.0
122.51328,-10.718523,-2.146639,123.0
140.20622,-14.736269,-2.460782,141.0
397.95038,-48.862164,-6.998393,401.0
399.01724,-56.078217,-7.033298,403.0
399.95285,-63.34631,-7.068202,405.0
426.3568,-75.17821,-7.556868,433.0
441.66495,-85.85097,-7.853558,450.0
402.93542,-85.646576,-7.190369,412.0
405.2762,-93.565384,-7.260178,416.0
508.3575,-126.747765,-9.145032,524.0
492.54715,-131.97762,-8.900699,510.0
481.51877,-138.07329,-8.743628,501.0
418.7977,-128.03929,-7.64413,438.0
418.40112,-135.94678,-7.679035,440.0
423.5278,-145.83232,-7.818653,448.0
185.09125,-67.36771,-3.438113,197.0
175.48639,-67.362915,-3.281042,188.0
175.21106,-70.78986,-3.298494,189.0
184.07294,-78.13432,-3.49047,200.0
176.28741,-78.48822,-3.368304,193.0
174.89076,-81.5529,-3.368304,193.0
178.83278,-87.22257,-3.473018,199.0
182.62852,-93.05388,-3.577732,205.0
319.57834,-169.92282,-6.317751,362.0
310.44272,-172.0812,-6.195585,355.0
300.46506,-173.47359,-6.055966,347.0
290.53546,-174.5713,-5.916347,339.0
278.1174,-173.78705,-5.724371,328.0
270.0108,-175.34706,-5.619657,322.0
135.94145,-91.693665,-2.862186,164.0
131.04437,-91.758255,-2.792376,160.0
127.805214,-92.85593,-2.757472,158.0
126.96371,-95.67401,-2.774924,159.0
133.15353,-104.030945,-2.949447,169.0
138.31091,-112.00197,-3.106519,178.0
212.92792,-178.66774,-4.851754,278.0
136.58163,-118.7286,-3.158876,181.0
118.88506,-107.04459,-2.792376,160.0
116.99877,-109.10312,-2.792376,160.0
115.79607,-111.82297,-2.809829,161.0
115.947845,-115.94785,-2.862186,164.0
177.11092,-183.4037,-4.45035,255.0
188.88477,-202.55412,-4.834301,277.0
183.98288,-204.33371,-4.799397,275.0
167.26958,-192.42163,-4.45035,255.0
102.83035,-122.54845,-2.792376,160.0
86.83299,-107.229805,-2.408424,138.0
85.56391,-109.51681,-2.425877,139.0
86.64816,-114.986,-2.513139,144.0
91.680534,-126.18742,-2.722567,156.0
151.40112,-216.2232,-4.607421,264.0
146.48622,-217.17476,-4.572516,262.0
140.49548,-216.34404,-4.502707,258.0
141.99673,-227.24228,-4.67723,268.0
131.82967,-219.40141,-4.467802,256.0
126.98065,-219.93695,-4.432897,254.0
122.153404,-220.3706,-4.397993,252.0
120.16643,-226.00015,-4.467802,256.0
112.11858,-220.04509,-4.310731,247.0
107.82288,-221.06966,-4.293278,246.0
103.10315,-221.10542,-4.258374,244.0
99.63529,-223.78455,-4.275826,245.0
93.7612,-220.88751,-4.188564,240.0
89.51735,-221.56319,-4.171112,239.0
83.12871,-216.55766,-4.048946,232.0
16.072498,-44.158825,-0.820261,47.0
12.369705,-35.924232,-0.663189,38.0
11.740856,-36.134644,-0.663189,38.0
10.816108,-35.377888,-0.645737,37.0
10.19703,-35.561264,-0.645737,37.0
9.057288,-33.802254,-0.610832,35.0
8.949747,-35.895473,-0.645737,37.0
8.321921,-36.046204,-0.645737,37.0
8.10732,-38.14195,-0.680642,39.0
6.10496,-31.407286,-0.558475,32.0
5.729518,-32.493706,-0.575928,33.0
6.077688,-34.46827,-2.0E-6,35.0
7.441553,-38.28346,-2.0E-6,39.0
8.732289,-41.0822,-2.0E-6,42.0
8.548139,-37.026062,-2.0E-6,38.0
8.467266,-33.96035,-2.0E-6,35.0
11.12922,-41.53481,-2.0E-6,43.0
9.647309,-33.644157,-2.0E-6,35.0
9.94064,-32.514362,-1.0E-6,34.0
10.815594,-33.28698,-2.0E-6,35.0
12.371589,-35.929707,-2.0E-6,38.0
11.970705,-32.88924,-2.0E-6,35.0
12.542879,-32.675316,-2.0E-6,35.0
14.235052,-35.232986,-2.0E-6,38.0
15.238516,-35.89969,-2.0E-6,39.0
14.235781,-31.97409,-2.0E-6,35.0
14.791639,-31.720774,-2.0E-6,35.0
14.466248,-29.660204,-1.0E-6,33.0
15.889668,-31.185228,-2.0E-6,35.0
17.839922,-33.55201,-2.0E-6,38.0
16.968334,-30.61169,-2.0E-6,35.0
18.499998,-32.04294,-2.0E-6,37.0
19.056408,-31.71519,-2.0E-6,37.0
18.017256,-28.833635,-1.0E-6,34.0
18.517729,-28.5148,-1.0E-6,34.0
18.453365,-27.35824,-1.0E-6,33.0
22.36948,-31.94693,-2.0E-6,39.0
81.702156,-112.45336,-6.0E-6,139.0
143.83379,-190.87389,-1.0E-5,239.0
147.75876,-189.12257,-1.0E-5,240.0
152.29555,-188.06932,-1.1E-5,242.0
157.48297,-187.6809,-1.1E-5,245.0
160.73447,-184.90384,-1.1E-5,245.0
164.60612,-182.81363,-1.1E-5,246.0
168.4536,-180.64436,-1.1E-5,247.0
173.6646,-179.83495,-1.1E-5,250.0
177.4838,-177.48381,-1.1E-5,251.0
180.55429,-174.35925,-1.1E-5,251.0
186.4952,-173.90958,-1.1E-5,255.0
190.98822,-171.96657,-1.1E-5,257.0
202.26216,-175.82382,-1.2E-5,268.0
198.40552,-166.482,-1.1E-5,259.0
205.94368,-166.76991,-1.2E-5,265.0
210.39886,-164.3816,-1.2E-5,267.0
192.47116,-145.03741,-1.1E-5,241.0
162.61241,-118.14484,-9.0E-6,201.0
213.79869,-149.70345,-1.1E-5,261.0
232.13052,-156.574,-1.2E-5,280.0
238.18243,-154.67749,-1.2E-5,284.0
243.3898,-152.08682,-1.3E-5,287.0
250.29286,-150.39111,-1.3E-5,292.0
257.20953,-148.5,-1.3E-5,297.0
264.13516,-146.4125,-1.3E-5,302.0
272.8308,-145.06671,-1.4E-5,309.0
274.43002,-139.82907,-1.3E-5,308.0
242.6744,-118.36021,-1.2E-5,270.0
295.45633,-137.77356,-1.4E-5,326.0
309.6919,-137.88373,-1.5E-5,339.0
304.6871,-129.332,-1.4E-5,331.0
298.5532,-120.62332,-1.4E-5,322.0
302.48007,-116.11122,-1.4E-5,324.0
239.62161,-87.21513,-1.1E-5,255.0
173.97542,-59.90454,-8.0E-6,184.0
283.41486,-92.08707,-1.3E-5,298.0
306.01752,-93.558945,-1.4E-5,320.0
312.41006,-89.58214,-1.4E-5,325.0
322.61923,-86.445564,-1.5E-5,334.0
330.87085,-82.49537,-1.5E-5,341.0
342.97827,-79.18277,-1.5E-5,352.0
349.1987,-74.22448,-1.6E-5,357.0
361.2388,-70.21771,-1.6E-5,368.0
379.15097,-66.854546,-1.7E-5,385.0
385.19846,-61.00944,-1.7E-5,390.0
241.62541,-33.958237,-1.1E-5,244.0
216.37506,-26.567516,-1.0E-5,218.0
442.56226,-46.515167,-1.9E-5,445.0
453.2686,-39.65586,-2.0E-5,455.0
447.90625,-31.320656,-2.0E-5,449.0
445.38876,-23.341837,-1.9E-5,446.0
439.73196,-15.355778,-1.9E-5,440.0
434.93375,-7.591797,-1.9E-5,435.0
498.0,0.0,-2.2E-5,498.0
509.92233,8.900727,-2.2E-5,510.0
537.67224,18.775928,-2.4E-5,538.0
416.42853,21.824095,-1.8E-5,417.0
410.9964,28.739668,-1.8E-5,412.0
433.3447,37.912746,-1.9E-5,435.0
424.66086,44.633656,-1.9E-5,427.0
405.9514,49.844563,-1.8E-5,409.0
394.12668,55.390896,-1.7E-5,398.0
394.08765,62.417355,-1.7E-5,399.0
155.59962,27.43641,-7.0E-6,158.0
127.611534,24.805168,-6.0E-6,130.0
120.31216,25.57314,-5.0E-6,123.0
116.92441,26.994125,-5.0E-6,120.0
116.435486,29.030628,-5.0E-6,120.0
117.84295,31.575924,-5.0E-6,122.0
76.90093,22.050987,-3.0E-6,80.0
69.81025,21.343134,-3.0E-6,73.0
67.52501,21.940207,-3.0E-6,71.0
67.13182,23.11534,-3.0E-6,71.0
64.83879,23.599388,-3.0E-6,69.0
63.483467,24.36902,-3.0E-6,68.0
62.12132,25.098642,-3.0E-6,67.0
64.43534,27.351177,-3.0E-6,70.0
61.207546,27.251356,-3.0E-6,67.0
61.62893,28.738043,-3.0E-6,68.0
61.117996,29.809238,-3.0E-6,68.0
62.370457,31.779333,-3.0E-6,70.0
59.15749,31.454596,-3.0E-6,67.0
62.098,34.421482,-3.0E-6,71.0
61.487804,35.5,-3.0E-6,71.0
60.001713,36.052666,-3.0E-6,70.0
57.66727,36.03451,-3.0E-6,68.0
61.22295,39.75865,-3.0E-6,73.0
63.00686,42.498657,-3.0E-6,76.0
72.90453,51.0483,-4.0E-6,89.0
63.103325,45.84725,-3.0E-6,78.0
62.29357,46.94157,-3.0E-6,78.0
61.46484,48.021595,-3.0E-6,78.0
61.39453,49.716312,-3.0E-6,79.0
59.75147,50.137432,-3.0E-6,78.0
60.376766,52.484722,-3.0E-6,80.0
59.451584,53.53045,-3.0E-6,80.0
65.090485,60.697853,-4.0E-6,89.0
58.985863,56.961987,-4.0E-6,82.0
58.68986,58.689865,-4.0E-6,83.0
57.656647,59.7052,-4.0E-6,83.0
58.65186,62.89642,-4.0E-6,86.0
54.199577,60.194733,-4.0E-6,81.0
51.828663,59.622055,-3.0E-6,79.0
48.851856,58.21938,-3.0E-6,76.0
45.94039,56.731655,-3.0E-6,73.0
52.946888,67.76892,-4.0E-6,86.0
45.73794,60.6963,-3.0E-6,76.0
42.32054,58.24922,-3.0E-6,72.0
34.988163,49.968273,-3.0E-6,61.0
19.57175,29.016315,-2.0E-6,35.0
16.339172,25.160116,-1.0E-6,30.0
15.367659,24.593395,-1.0E-6,29.0
13.906028,23.143517,-1.0E-6,27.0
16.499998,28.578838,-1.0E-6,33.0
14.059478,25.363972,-1.0E-6,29.0
8.919961,16.776005,-1.0E-6,19.0
9.079811,17.82013,-1.0E-6,20.0
13.151135,26.963821,-1.0E-6,30.0
11.410693,24.47031,-1.0E-6,27.0
7.727996,17.357365,-1.0E-6,19.0
9.76828,23.01262,-1.0E-6,25.0
8.241346,20.398045,-1.0E-6,22.0
12.184511,31.741734,-1.0E-6,34.0
6.840403,18.793852,-1.0E-6,20.0
7.813635,22.692446,-1.0E-6,24.0
6.798373,20.923244,-1.0E-6,22.0
7.894038,25.820229,-1.0E-6,27.0
5.237111,18.263971,-1.0E-6,19.0
4.658743,17.386665,-1.0E-6,18.0
4.838438,19.405914,-1.0E-6,20.0
5.623776,24.359253,-1.0E-6,25.0
4.158233,19.562952,-1.0E-6,20.0
4.197799,21.595798,-1.0E-6,22.0
4.167557,23.635386,-1.0E-6,24.0
3.125192,17.72384,0.314143,18.0
3.8156,19.629553,0.349048,20.0
5.61276,26.405964,0.471214,27.0
6.072753,26.303986,0.471214,27.0
5.805241,23.28355,0.418857,24.0
9.574847,35.73381,0.645738,37.0
3.58274,12.494499,0.226881,13.0
4.092581,13.386227,0.244333,14.0
4.325579,13.312763,0.244333,14.0
7.161408,20.79824,0.383952,22.0
8.207233,22.549189,0.418857,24.0
6.091328,15.86845,0.296691,17.0
4.494595,11.124511,0.209429,12.0
9.766792,23.009115,0.43631,25.0
8.946843,20.094938,0.383952,22.0
6.338308,13.592546,0.261786,15.0
10.081001,20.669115,0.401405,23.0
4.085292,8.017837,0.157071,9.0
8.449202,15.890636,0.314143,18.0
11.148922,20.11319,0.401405,23.0
8.998629,15.586083,0.314143,18.0
11.844071,19.711845,0.401405,23.0
11.656448,18.654217,0.383952,22.0
10.891122,16.770857,0.349048,20.0
13.418586,19.893871,0.418857,24.0
13.763738,19.656654,0.418857,24.0
16.45548,22.649025,0.488667,28.0
17.449978,23.156902,0.506119,29.0
11.080219,14.182033,0.314143,18.0
16.989063,20.979746,0.471214,27.0
15.424553,18.382267,0.418857,24.0
19.678774,22.637838,0.523571,30.0
18.732803,20.804886,0.488667,28.0
16.365467,17.549816,0.418857,24.0
26.392998,27.33075,0.663191,38.0
28.279963,28.279964,0.698095,40.0
26.611519,25.698444,0.645738,37.0
32.905907,30.685251,0.785357,45.0
29.721266,26.761148,0.698095,40.0
36.975136,32.141994,0.855167,49.0
40.594173,34.062553,0.924976,53.0
42.73652,34.60735,0.959881,55.0
52.00079,40.62747,1.151857,66.0
59.888542,45.12925,1.308929,75.0
60.667034,44.077183,1.308929,75.0
58.969967,41.291214,1.256572,72.0
59.681614,40.255756,1.256572,72.0
62.05217,40.29715,1.291476,74.0
64.44184,40.26773,1.326381,76.0
64.277756,38.62197,1.308929,75.0
64.94201,37.49429,1.308929,75.0
69.084435,38.294125,1.378738,79.0
70.625046,37.552006,1.396191,80.0
73.05141,37.22155,1.431095,82.0
71.89257,35.06435,1.396191,80.0
73.39975,34.226868,1.413643,81.0
72.159096,32.1273,1.378738,79.0
71.788445,30.472385,1.361286,78.0
72.309326,29.214865,1.361286,78.0
71.87474,27.59013,1.343833,77.0
70.46621,25.647602,1.308929,75.0
71.848465,24.73941,1.326381,76.0
71.318375,23.172745,1.308929,75.0
72.66809,22.216864,1.326381,76.0
71.122536,20.394058,1.291476,74.0
65.67295,17.597015,1.186762,68.0
65.97006,16.448183,1.186762,68.0
67.2213,15.519258,1.204214,69.0
70.4159,14.967362,1.256572,72.0
64.77753,12.591476,1.151857,66.0
65.97207,11.632656,1.16931,67.0
69.127655,10.948745,1.221667,70.0
67.32797,9.462329,1.186762,68.0
67.48286,8.285853,1.186762,68.0
67.61719,7.106853,1.186762,68.0
69.72301,6.099973,1.221667,70.0
67.82402,4.742718,1.186762,68.0
68.89494,3.610631,1.204214,69.0
71.94518,2.512381,1.256572,72.0
96.97045,1.692626,1.692881,97.0
120.98157,0.0,2.111738,121.0
121.96284,-2.128869,2.129191,122.0
120.907875,-4.222196,2.111738,121.0
130.80055,-6.854966,2.286262,131.0
128.66617,-8.997215,2.251357,129.0
166.33917,-14.552792,2.914548,167.0
397.74817,-41.80502,6.980953,400.0
395.9656,-48.61846,6.963501,399.0
395.0568,-55.52161,6.963501,399.0
396.00272,-62.72067,6.998406,401.0
420.44885,-74.136475,7.452168,427.0
422.0354,-82.03537,7.504525,430.0
426.4074,-90.6357,7.609239,436.0
402.35355,-92.89063,7.207834,413.0
528.73065,-131.82735,9.511549,545.0
507.9996,-136.11809,9.179954,526.0
506.50775,-145.23877,9.197406,527.0
431.22775,-131.83955,7.871025,451.0
418.40112,-135.94678,7.679049,440.0
421.63705,-145.18127,7.783763,446.0
425.61594,-154.91153,7.90593,453.0
426.58127,-163.7492,7.975739,457.0
419.95032,-169.67094,7.90593,453.0
393.91608,-167.20744,7.46962,428.0
376.3234,-167.54997,7.190382,412.0
365.1864,-170.28922,7.03331,403.0
355.86823,-173.56853,6.911144,396.0
338.5309,-172.49011,6.631906,380.0
322.22678,-171.33102,6.37012,365.0
317.4386,-175.95909,6.335215,363.0
298.73325,-172.47374,6.021072,345.0
287.96436,-173.02643,5.864001,336.0
277.2695,-173.2572,5.706929,327.0
275.04205,-178.6144,5.724382,328.0
264.4227,-178.35536,5.56731,319.0
265.36484,-185.81046,5.654572,324.0
254.80154,-185.12416,5.497501,315.0
267.50217,-201.57732,5.846548,335.0
259.21606,-202.52177,5.741834,329.0
247.8718,-200.72264,5.56731,319.0
247.39467,-207.58878,5.63712,323.0
253.5438,-220.40227,5.864001,336.0
254.85985,-229.47685,5.986167,343.0
240.57872,-224.34328,5.741834,329.0
232.31137,-224.34048,5.63712,323.0
226.2397,-226.23972,5.584763,320.0
220.17317,-227.99599,5.532405,317.0
206.61403,-221.56642,5.288072,303.0
198.03249,-219.93736,5.165905,296.0
190.88411,-219.58704,5.078643,291.0
190.87885,-227.48055,5.183358,297.0
176.8121,-218.34474,4.90412,281.0
170.51225,-218.24573,4.83431,277.0
164.8722,-218.7928,4.781953,274.0
158.67786,-218.40132,4.712143,270.0
153.12158,-218.68028,4.659786,267.0
147.04533,-218.00368,4.589977,263.0
141.04004,-217.18259,4.520167,259.0
138.28787,-221.30684,4.555072,261.0
131.3147,-218.54437,4.450358,255.0
126.48073,-219.07106,4.415453,253.0
121.18394,-218.62163,4.363096,250.0
116.411224,-218.93765,4.328191,248.0
112.11858,-220.04509,4.310739,247.0
107.384575,-220.171,4.275834,245.0
102.680595,-220.19925,4.240929,243.0
98.821945,-221.95773,4.240929,243.0
96.4959,-227.33006,4.310739,247.0
89.51735,-221.56319,4.17112,239.0
85.27859,-222.1583,4.153667,238.0
73.8651,-202.94269,3.769715,216.0
13.997298,-40.651108,0.750452,43.0
10.504976,-32.330997,0.593381,34.0
9.646799,-31.55325,0.575929,33.0
9.094649,-31.716805,0.575929,33.0
11.127525,-41.528484,0.750452,43.0
8.224092,-32.98503,0.593381,34.0
7.872087,-34.09776,0.610833,35.0
7.06792,-33.251953,0.593381,34.0
8.01276,-41.22206,0.733,42.0
5.208653,-29.539734,0.523571,30.0
5.7269,-32.47886,1.151683,33.0
6.483556,-33.354992,1.186583,34.0
9.350325,-43.98983,1.570477,45.0
6.74442,-29.213295,1.046985,30.0
7.253236,-29.091139,1.046985,30.0
8.277165,-30.890797,1.116784,32.0
15.701761,-54.758537,1.989271,57.0
9.350197,-30.58311,1.116784,32.0
9.882519,-30.41527,1.116784,32.0
10.411834,-30.238163,1.116784,32.0
13.33066,-36.625687,1.36108,39.0
11.460789,-29.856375,1.116784,32.0
12.728867,-31.505047,1.186583,34.0
14.83874,-34.957874,1.326181,38.0
19.917953,-44.736458,1.710075,49.0
13.515546,-28.984182,1.116784,32.0
14.019332,-28.743889,1.116784,32.0
13.611419,-26.713911,1.046985,30.0
22.051723,-41.473255,1.640276,47.0
15.98897,-28.84487,1.151683,33.0
16.989643,-29.426928,1.186583,34.0
16.471178,-27.412645,1.116784,32.0
27.00942,-43.224106,1.779874,51.0
18.506449,-28.497429,1.186583,34.0
26.266056,-38.94103,1.640276,47.0
130.69577,-186.6529,7.957085,228.0
140.98253,-194.04579,8.375878,240.0
143.14471,-189.95946,8.30608,238.0
147.05347,-188.21983,8.340979,239.0
151.57384,-187.17809,8.410778,241.0
156.74463,-186.80098,8.515476,244.0
159.9809,-184.03696,8.515476,244.0
163.16841,-181.21689,8.515476,244.0
167.66939,-179.8034,8.585275,246.0
172.17033,-178.2876,8.655074,248.0
175.96233,-175.96234,8.689974,249.0
181.16321,-174.94727,8.794672,252.0
185.65068,-173.12206,8.864471,254.0
191.61456,-172.53053,9.004069,258.0
198.3677,-172.43842,9.178567,263.0
199.81581,-167.66536,9.108768,261.0
205.81822,-166.66832,9.248366,265.0
210.2707,-164.28148,9.318165,267.0
221.88542,-167.20265,9.702059,278.0
220.7271,-160.36763,9.527562,273.0
226.76689,-158.78389,9.66716,277.0
230.33205,-155.36092,9.702059,278.0
247.2571,-160.57065,10.295351,295.0
243.24153,-151.99419,10.016155,287.0
249.28374,-149.78477,10.155753,291.0
256.18735,-147.90985,10.33025,296.0
275.33737,-152.622,10.993341,315.0
270.01736,-143.57079,10.679245,306.0
278.71515,-142.01247,10.923542,313.0
289.23538,-141.06952,11.237637,322.0
300.71088,-140.22379,11.586632,332.0
306.76428,-136.58026,11.72623,336.0
306.3414,-130.0342,11.621531,333.0
301.15118,-121.67298,11.342335,325.0
302.2958,-116.04049,11.307436,324.0
314.60526,-114.50695,11.69133,335.0
321.2805,-110.62574,11.865828,340.0
318.40985,-103.457634,11.69133,335.0
315.38834,-96.42388,11.516833,330.0
314.14108,-90.07851,11.412134,327.0
319.52667,-85.61692,11.551732,331.0
330.66928,-82.445114,11.900727,341.0
351.53333,-81.15786,12.598717,361.0
359.73904,-76.4649,12.843014,368.0
388.48755,-75.514336,13.8202,396.0
387.7779,-68.3757,13.750401,394.0
390.88632,-61.910313,13.8202,396.0
412.69025,-57.99983,14.553089,417.0
436.45425,-53.589848,15.355777,440.0
459.1892,-48.262733,16.123566,462.0
456.97482,-39.980114,16.018867,459.0
451.62125,-31.580433,15.809471,453.0
449.10953,-23.536835,15.704772,450.0
442.46045,-15.451059,15.460476,443.0
437.6665,-7.639497,15.285978,438.0
506.69116,0.0,17.694042,507.0
517.6056,9.034839,18.077938,518.0
489.4032,17.090336,17.100752,490.0
421.16495,22.07232,14.727586,422.0
412.73993,28.861588,14.44839,414.0
456.97482,39.980114,16.018867,459.0
426.38998,44.815395,14.971883,429.0
427.5268,52.49369,15.041682,431.0
421.59723,59.251625,14.867184,426.0
411.61514,65.193436,14.553089,417.0
410.41467,72.36718,14.553089,417.0
417.91843,81.235115,14.867184,426.0
413.5044,87.893074,14.762486,423.0
410.9337,94.87151,14.727586,422.0
510.06464,127.1734,18.357134,526.0
122.597855,32.849995,4.432236,127.0
126.80925,36.361965,4.606733,132.0
124.24389,37.98517,4.536934,130.0
124.512505,40.456566,4.571834,131.0
130.40208,44.901035,4.81613,138.0
69.494896,25.294071,2.582563,74.0
67.17684,25.786776,2.512764,72.0
65.789955,26.580866,2.477864,71.0
67.15592,28.505997,2.547663,73.0
64.82221,28.86071,2.477864,71.0
63.402897,29.565256,2.442965,70.0
63.775505,31.10539,2.477864,71.0
65.89432,33.57483,2.582563,74.0
64.41591,34.250546,2.547663,73.0
61.186085,33.916,2.442965,70.0
61.450348,35.478374,2.477864,71.0
64.24838,38.604324,2.617462,75.0
64.41239,40.24933,2.652362,76.0
64.53829,41.91166,2.687261,77.0
63.79701,43.031624,2.687261,77.0
70.40416,49.297523,3.001356,86.0
63.87341,46.40675,2.75706,79.0
63.053772,47.514423,2.75706,79.0
62.214928,48.607628,2.75706,79.0
65.24049,52.83071,2.931557,84.0
60.480644,50.749287,2.75706,79.0
60.33999,52.45275,2.791959,80.0
60.900753,54.835285,2.861758,82.0
63.589012,59.29771,3.036256,87.0
59.668835,57.62152,2.896658,83.0
57.947433,57.947437,2.861758,82.0
54.84458,56.793224,2.75706,79.0
62.024044,66.51264,3.175854,91.0
50.822945,56.444603,2.652362,76.0
48.518795,55.814487,2.582563,74.0
47.537308,56.652756,2.582563,74.0
50.314964,62.1338,2.791959,80.0
44.300625,56.70221,2.512764,72.0
43.304283,57.46673,2.512764,72.0
42.29476,58.213737,2.512764,72.0
49.297523,70.40416,3.001356,86.0
40.237362,59.654343,2.512764,72.0
30.481209,46.93694,1.954372,56.0
29.657402,47.46176,1.954372,56.0
32.42763,53.968643,2.198668,63.0
25.484465,44.140392,1.779874,51.0
21.318626,38.459824,1.535578,44.0
22.051723,41.473255,1.640276,47.0
23.593126,46.304115,1.814774,52.0
18.400373,37.726353,1.465779,42.0
13.515546,28.984182,1.116784,32.0
13.414132,30.128635,1.151683,33.0
19.524658,45.997204,1.744975,50.0
13.103245,32.431667,1.221482,35.0
11.460789,29.856375,1.116784,32.0
6.152612,16.904163,0.628191,18.0
6.182026,17.953909,0.66309,19.0
9.264861,28.514315,1.046985,30.0
5.55168,18.158722,0.66309,19.0
5.50939,19.213522,0.69799,20.0
4.914567,18.341412,0.66309,19.0
6.527912,26.182026,0.942286,27.0
3.821838,16.554201,0.593291,17.0
4.98684,23.461243,0.837588,24.0
5.530092,28.449846,1.012085,29.0
4.685646,26.57361,0.942286,27.0
4.335256,24.586452,1.308399,25.0
3.239308,16.664791,0.889712,17.0
7.266935,34.188248,1.831759,35.0
5.616069,24.325869,1.308399,25.0
6.76453,27.131046,1.465407,28.0
5.686216,21.221245,1.151391,22.0
6.881491,23.998608,1.308399,25.0
8.467161,27.69483,1.517743,29.0
11.726552,36.09062,1.988767,38.0
16.906342,49.099586,2.721471,52.0
6.489477,17.82969,0.994383,19.0
10.020552,26.104427,1.465407,28.0
10.100518,24.999655,1.413071,27.0
11.315675,26.658056,1.517743,29.0
9.342121,20.98275,1.203727,23.0
10.128938,21.721577,1.256063,24.0
7.879867,16.15612,0.942048,18.0
2.266842,4.448927,0.26168,5.0
11.251877,21.1617,1.256063,24.0
10.651194,19.215263,1.151391,22.0
11.983554,20.756124,1.256063,24.0
6.171987,10.271911,0.628032,12.0
12.700633,20.32526,1.256063,24.0
12.509531,19.262987,1.203727,23.0
13.402237,19.869635,1.256063,24.0
18.902082,26.99497,1.727087,33.0
12.913554,17.773981,1.151391,22.0
14.423766,19.140984,1.256063,24.0
17.829716,22.820993,1.517743,29.0
18.22528,22.506346,1.517743,29.0
20.541014,24.479828,1.674751,32.0
31.447678,36.176414,2.512127,48.0
22.051048,24.490171,1.727087,33.0
19.750847,21.180191,1.517743,29.0
25.667135,26.579096,1.936431,37.0
35.306885,35.30689,2.616799,50.0
30.170868,29.135668,2.198111,42.0
35.05687,32.691055,2.512127,48.0
31.911432,28.733185,2.250447,43.0
40.698463,35.378635,2.826143,54.0
35.954746,30.169615,2.459791,47.0
42.68445,34.565186,2.878479,55.0
44.068127,34.429794,2.930815,56.0
60.613117,45.67526,3.977534,76.0
57.361485,41.67556,3.715854,71.0
56.44403,39.522533,3.611182,69.0
57.9531,39.089855,3.663518,70.0
61.139046,39.704163,3.820526,73.0
59.28201,37.04351,3.663518,70.0
61.631466,37.031918,3.76819,72.0
64.86289,37.44861,3.925198,75.0
67.253426,37.27918,4.02987,77.0
67.89379,36.09977,4.02987,77.0
72.07262,36.72283,4.239214,81.0
72.702545,35.4594,4.239214,81.0
73.310326,34.185165,4.239214,81.0
72.983475,32.49434,4.186878,80.0
71.70098,30.43526,4.082206,78.0
72.22123,29.17927,4.082206,78.0
75.51638,28.988024,4.239214,81.0
71.31876,25.957907,3.977534,76.0
71.76093,24.70927,3.977534,76.0
72.18124,23.453106,3.977534,76.0
74.48955,22.773739,4.082206,78.0
71.03588,20.369211,3.872862,74.0
70.41595,18.867899,3.820526,73.0
68.796585,17.152914,3.715854,71.0
68.112434,15.724993,3.663518,70.0
67.39969,14.326246,3.611182,69.0
65.67889,12.766682,3.50651,67.0
67.85861,11.965303,3.611182,69.0
69.043434,10.935406,3.663518,70.0
68.234856,9.589783,3.611182,69.0
69.38301,8.519163,3.663518,70.0
70.51428,7.41135,3.715854,71.0
72.62255,6.35365,3.820526,73.0
91.650116,6.4088,4.81491,92.0
75.79183,3.972082,3.977534,76.0
132.73682,4.635272,6.960684,133.0
130.80054,2.283132,6.856013,131.0
129.82184,0.0,6.803677,130.0
1331.9689,-23.249603,69.81619,1334.0
543.9216,-18.99416,28.523106,545.0
470.70715,-24.668718,24.70258,472.0
419.3989,-29.327229,22.033445,421.0
421.80768,-36.90339,22.190453,424.0
422.09256,-44.363716,22.242788,425.0
429.1835,-52.697105,22.661476,433.0
417.3204,-58.65056,22.085781,422.0
422.15128,-66.8622,22.399797,428.0
422.887,-74.56638,22.504469,430.0
430.34375,-83.65035,22.975492,439.0
443.47043,-94.26255,23.760532,454.0
402.83636,-93.002106,21.667093,414.0
449.60022,-112.09792,24.283892,464.0
499.66388,-133.88454,27.110035,518.0
491.4915,-140.93292,26.796019,512.0
420.19745,-128.46724,23.027828,440.0
419.7909,-136.39833,23.1325,442.0
423.0118,-145.65465,23.446516,448.0
425.09738,-154.7228,23.708197,453.0
429.79074,-164.98122,24.126884,461.0
426.84598,-172.45697,24.126884,461.0
409.9825,-174.02725,23.341845,446.0
389.54932,-173.43854,22.347462,427.0
370.17188,-172.61398,21.405413,409.0
356.3322,-173.79483,20.777382,397.0
347.9061,-177.26701,20.463366,391.0
340.35068,-180.96767,20.201687,386.0
331.02658,-183.49103,19.835335,379.0
319.99026,-184.74648,19.36431,370.0
297.02942,-178.47328,18.160583,347.0
280.3192,-175.16289,17.323208,331.0
272.1944,-176.7651,17.009192,325.0
268.24005,-180.93019,16.956856,324.0
280.5841,-196.4671,17.951239,343.0
273.073,-198.39915,17.68956,338.0
271.9615,-204.93767,17.846567,341.0
262.8349,-205.34912,17.480215,334.0
255.33061,-206.76266,17.218534,329.0
247.85826,-207.97777,16.956856,324.0
252.48122,-219.47858,17.53255,335.0
250.83871,-225.8562,17.68956,338.0
241.74632,-225.43208,17.323208,331.0
233.46504,-225.45457,17.009192,325.0
223.13951,-223.13953,16.538168,316.0
212.96786,-220.53467,16.067144,307.0
205.00017,-219.83577,15.753128,301.0
201.80049,-224.12216,15.805464,302.0
191.3067,-220.07318,15.282104,292.0
184.22722,-219.55345,15.020424,287.0
177.22514,-218.85481,14.758745,282.0
177.68233,-227.423,15.125096,289.0
165.27232,-219.32378,14.392393,275.0
159.6585,-219.75104,14.235385,272.0
154.08061,-220.04991,14.078377,269.0
151.33359,-224.36128,14.183049,271.0
141.4121,-217.75551,13.607353,260.0
138.11938,-221.03722,13.659689,261.0
132.69771,-220.84608,13.502681,258.0
127.82458,-221.39867,13.398009,256.0
122.00458,-220.10211,13.188665,252.0
117.207054,-220.43439,13.083993,250.0
112.43535,-220.66678,12.979321,248.0
108.12929,-221.69788,12.926985,247.0
103.82161,-222.64616,12.874649,246.0
99.10773,-222.59961,12.769978,244.0
94.81756,-223.37613,12.717642,243.0
90.53056,-224.07098,12.665306,242.0
88.39558,-230.27834,12.926985,247.0
81.63079,-224.27875,12.508298,239.0
76.40366,-221.89235,12.298954,235.0
28.082005,-86.427536,4.762574,91.0
11.678843,-38.199764,2.093439,40.0
9.358828,-32.638107,1.779423,34.0
8.787788,-32.79647,1.779423,34.0
8.214072,-32.944843,1.779423,34.0
9.434995,-40.86746,2.198111,42.0
7.266935,-34.188248,1.831759,35.0
6.288069,-32.3493,1.727087,33.0
5.895948,-33.437576,1.779423,34.0
8.661261,-49.12044,3.487826,50.0
6.471705,-33.29402,2.371721,34.0
6.636966,-31.224476,2.232208,32.0
7.180898,-31.10389,2.232208,32.0
15.445286,-61.947655,4.464417,64.0
8.262035,-30.834332,2.232208,32.0
9.073877,-31.644363,2.301965,33.0
9.624766,-31.481182,2.301965,33.0
16.02974,-49.33447,3.627339,52.0
10.717577,-31.126106,2.301965,33.0
10.917984,-29.996914,2.232208,32.0
11.797335,-30.733107,2.301965,33.0
17.937317,-44.39641,3.348313,48.0
12.86272,-30.302664,2.301965,33.0
13.795358,-30.984884,2.371721,34.0
13.91243,-29.835302,2.301965,33.0
17.492132,-35.864185,2.79026,40.0
14.492308,-28.442755,2.232208,32.0
16.39148,-30.827887,2.441478,35.0
16.927002,-30.537123,2.441478,35.0
21.447626,-37.14838,2.99953,43.0
17.982422,-29.927774,2.441478,35.0
18.501995,-29.60938,2.441478,35.0
22.819118,-35.13836,2.929773,42.0
135.55287,-200.9654,16.950832,243.0
136.17867,-194.48328,16.60205,238.0
140.72484,-193.6911,16.741564,240.0
144.68411,-192.0023,16.81132,241.0
149.85547,-191.80624,17.02059,244.0
153.18013,-189.1617,17.02059,244.0
157.09935,-187.22371,17.090345,245.0
160.99739,-185.2063,17.160103,246.0
165.54015,-183.85097,17.299616,248.0
170.7646,-183.12262,17.508884,251.0
173.93452,-180.11447,17.508884,251.0
177.75684,-177.75685,17.578642,252.0
183.70241,-177.39935,17.857668,256.0
195.52534,-182.33032,18.694744,268.0
192.74698,-173.55017,18.136692,260.0
198.00511,-172.12321,18.345963,263.0
202.50728,-169.92378,18.485476,265.0
214.74504,-173.89711,19.322554,277.0
213.03072,-166.43784,18.904015,271.0
218.29308,-164.49564,19.113283,274.0
224.35886,-163.00626,19.39231,278.0
235.34111,-164.78761,20.089874,288.0
235.70015,-158.98175,19.880606,285.0
241.78537,-157.01726,20.159632,289.0
248.7188,-155.41675,20.508413,294.0
259.08902,-155.67639,21.136223,303.0
262.6304,-151.62975,21.205978,304.0
267.8542,-148.474,21.415249,307.0
273.9278,-145.65,21.694275,311.0
287.09406,-146.28172,22.531353,323.0
293.18973,-142.99817,22.810379,327.0
301.96942,-140.81065,23.298676,334.0
312.5828,-139.17084,23.926483,343.0
309.45447,-131.35564,23.507944,337.0
310.7749,-125.56121,23.438189,336.0
302.67453,-116.185875,22.670866,325.0
314.9676,-114.638824,23.438189,336.0
326.3525,-112.37218,24.135754,346.0
332.05893,-107.89249,24.41478,350.0
319.5817,-97.70593,23.368431,335.0
316.44363,-90.738754,23.01965,330.0
319.9062,-85.71861,23.159163,332.0
358.1349,-89.29306,25.80991,370.0
353.80673,-81.682724,25.39137,364.0
376.64523,-80.05842,26.926014,386.0
384.83975,-74.80527,27.414309,393.0
389.03387,-68.59717,27.623577,396.0
406.92163,-64.45006,28.809439,413.0
430.70514,-60.53166,30.41384,436.0
446.54788,-54.829185,31.460188,451.0
461.32617,-48.487335,32.43678,465.0
458.12704,-40.08092,32.157753,461.0
457.76166,-32.00981,32.087994,460.0
448.2886,-23.49381,31.39043,450.0
440.65472,-15.388001,30.832378,442.0
462.79922,-8.07819,32.36702,464.0
513.7455,0.0,35.924603,515.0
528.6284,9.227243,36.97095,530.0
425.70038,14.865784,29.78603,427.0
413.42172,21.666515,28.948952,415.0
464.7276,32.496918,32.57629,467.0
427.32025,37.385677,29.9953,430.0
437.51578,45.984764,30.762623,441.0
426.74533,52.397736,30.065056,431.0
422.8023,59.420986,29.855787,428.0
420.71558,66.6348,29.78603,427.0
437.1719,77.085205,31.041649,445.0
416.1753,80.896286,29.646517,425.0
412.74854,87.732414,29.507004,423.0
523.9061,120.95326,37.59876,539.0
548.8175,136.83557,39.55194,567.0
1253.6083,335.90335,90.75322,1301.0
1240.8427,355.8059,90.26492,1294.0
1244.9377,380.61563,91.03225,1305.0
945.89355,307.33945,69.54724,997.0
936.61285,322.50165,69.26822,993.0
144.36015,52.542797,10.742503,154.0
114.550674,43.971886,8.580051,123.0
76.7688,31.016607,5.78979,83.0
71.62448,30.402786,5.441008,78.0
70.171646,31.242432,5.371251,77.0
65.09521,30.354393,5.022469,72.0
64.555534,31.485838,5.022469,72.0
61.32969,31.249037,4.813199,69.0
63.41737,33.719612,5.022469,72.0
60.20175,33.370377,4.813199,69.0
61.33802,35.413525,4.952712,71.0
63.275867,38.019974,5.161982,74.0
69.370544,43.34753,5.720034,82.0
63.5837,41.291737,5.301495,76.0
63.680393,42.952965,5.371251,77.0
62.921062,44.0578,5.371251,77.0
66.177795,48.080982,5.720034,82.0
60.548447,45.626526,5.301495,76.0
59.74293,46.676292,5.301495,76.0
59.69447,48.33963,5.371251,77.0
62.66263,52.58019,5.720034,82.0
57.971077,50.39349,5.371251,77.0
59.306763,53.40005,5.580521,80.0
58.365772,54.426964,5.580521,80.0
60.27735,58.209164,5.859547,84.0
57.136127,57.13613,5.650277,81.0
54.74433,56.68941,5.510764,79.0
51.705616,55.447483,5.301495,76.0
56.070053,62.272102,5.859547,84.0
47.775646,54.959595,5.092225,73.0
46.16797,55.020844,5.022469,72.0
44.572906,55.042953,4.952712,71.0
60.187855,77.036934,6.836138,98.0
41.424084,54.971615,4.813199,69.0
40.45839,55.68619,4.813199,69.0
41.196903,58.835278,5.022469,72.0
44.068626,65.33443,5.510764,79.0
30.968803,47.687775,3.976121,57.0
30.660448,49.066975,4.045878,58.0
26.202955,43.609043,3.557582,51.0
31.423265,54.426697,4.39466,63.0
20.3124,36.644547,2.929773,42.0
22.011415,41.397446,3.278556,47.0
19.021154,37.331116,2.929773,42.0
23.614378,48.41665,3.766852,54.0
16.020372,34.355804,2.650747,38.0
12.172375,27.339603,2.092695,30.0
14.421837,33.97571,2.580991,37.0
15.695153,38.846863,2.929773,42.0
10.00986,26.076574,1.953182,28.0
9.553236,26.2473,1.953182,28.0
6.495501,18.864307,1.39513,20.0
9.864455,30.359674,2.232208,32.0
9.333106,30.527206,2.232208,32.0
9.623809,33.562202,2.441478,35.0
9.036601,33.72505,2.441478,35.0
5.791982,23.230371,1.674156,24.0
6.507689,28.1879,2.022939,29.0
4.770319,22.442593,1.6044,23.0
5.519983,28.397842,2.022939,29.0
4.850306,27.507446,1.953182,28.0
5.535598,31.393929,2.788986,32.0
6.272738,32.270428,2.876141,33.0
6.834976,32.15604,2.876141,33.0
9.411991,40.767815,3.660544,42.0
10.363056,41.56395,3.747699,43.0
12.376041,46.188007,4.183478,48.0
16.475311,57.456226,5.229348,60.0
14.56296,47.633286,4.35779,50.0
15.392053,47.371872,4.35779,50.0
17.51378,50.863712,4.706413,54.0
25.21318,69.272644,6.449529,74.0
19.992239,52.08156,4.880725,56.0
19.405418,48.03009,4.532102,52.0
19.072973,44.933098,4.270634,49.0
17.42312,39.132973,3.747699,43.0
15.577372,33.405785,3.224765,37.0
20.961744,42.977943,4.183478,48.0
15.829203,31.066559,3.050453,35.0
25.254997,47.497734,4.706413,54.0
25.597132,46.17845,4.619257,53.0
27.395353,47.450146,4.793569,55.0
29.758535,49.52652,5.055036,58.0
30.090458,48.154797,4.967881,57.0
30.383726,46.78683,4.880725,56.0
30.638575,45.423557,4.793569,55.0
29.712479,42.433815,4.532102,52.0
27.520782,37.879105,4.096323,47.0
26.978622,35.80184,3.922011,45.0
27.599342,35.325546,3.922011,45.0
23.823175,29.419168,3.31192,38.0
24.973322,29.762047,3.399076,39.0
22.87469,26.314318,3.050453,35.0
29.996296,33.314262,3.922011,45.0
25.137917,26.957115,3.224765,37.0
27.6806,28.664099,3.486232,40.0
31.69872,31.698723,3.922011,45.0
38.696533,37.36881,4.706413,54.0
36.428535,33.970158,4.35779,50.0
31.833628,28.663128,3.747699,43.0
33.080856,28.75675,3.834855,44.0
51.12967,42.902885,5.839439,67.0
41.032,33.22706,4.619257,53.0
43.175667,33.73253,4.793569,55.0
63.647717,47.961994,6.972464,80.0
62.863197,45.672787,6.798152,78.0
56.30641,39.42617,6.01375,69.0
56.985916,38.437485,6.01375,69.0
58.48354,37.979656,6.100906,70.0
67.58568,42.23222,6.972464,80.0
59.773388,35.91547,6.100906,70.0
62.116554,35.86301,6.275218,72.0
63.60428,35.256428,6.362373,73.0
74.76495,39.75323,7.408243,85.0
70.12166,35.72877,6.885308,79.0
71.629906,34.93624,6.972464,80.0
73.13158,34.101814,7.05962,81.0
76.44581,34.035866,7.321087,84.0
72.44316,30.750298,6.885308,79.0
72.04514,29.108126,6.798152,78.0
72.542175,27.846333,6.798152,78.0
74.88934,27.25749,6.972464,80.0
71.58597,24.649023,6.623841,76.0
72.95268,23.703766,6.710997,77.0
72.402596,22.135695,6.623841,76.0
73.7355,21.143312,6.710997,77.0
72.16876,19.337563,6.536685,75.0
70.56205,17.593096,6.362373,73.0
69.88769,16.134844,6.275218,72.0
69.184204,14.705558,6.188062,71.0
69.43032,13.495887,6.188062,71.0
69.65528,12.282105,6.188062,71.0
72.810814,11.5321,6.449529,74.0
75.96049,10.67555,6.710997,77.0
78.11277,9.591042,6.885308,79.0
121.8607,12.808077,10.720163,123.0
131.98972,11.547603,11.591721,133.0
346.82504,24.252369,30.417374,349.0
1105.2555,57.92399,96.83009,1111.0
1139.9481,39.807865,99.79339,1145.0
1126.5245,19.66356,98.57321,1131.0
1123.7076,0.0,98.311745,1128.0
1124.5325,-19.628788,98.398895,1129.0
541.5998,-18.91308,47.412758,544.0
494.43024,-25.911991,43.316433,497.0
419.3701,-29.325214,36.779747,422.0
420.77924,-36.81341,36.95406,424.0
424.0356,-44.56794,37.302685,428.0
424.18198,-52.083,37.38984,429.0
423.2084,-59.47806,37.38984,429.0
424.0738,-67.16669,37.56415,431.0
425.78015,-75.07652,37.82562,434.0
426.3608,-82.876144,37.999928,436.0
471.62192,-100.24634,42.183407,484.0
404.76617,-93.44763,36.343967,417.0
499.73398,-124.59768,45.059547,517.0
497.48334,-133.30026,45.059547,517.0
496.03876,-142.23683,45.146706,518.0
420.12558,-128.44528,38.435707,441.0
420.66223,-136.68144,38.697174,444.0
424.80618,-146.27249,39.307266,451.0
428.7415,-156.04913,39.91736,458.0
427.8128,-164.22195,40.091667,460.0
428.5762,-173.15604,40.440292,464.0
415.40192,-176.32765,39.48158,453.0
393.14987,-175.0416,37.651306,432.0
372.88077,-173.87717,35.995346,413.0
357.25418,-174.24449,34.775166,399.0
352.38354,-179.54837,34.600853,397.0
350.9555,-186.60635,34.775166,399.0
340.675,-188.83922,34.07792,391.0
314.0337,-181.30743,31.72471,364.0
294.5974,-177.01198,30.06875,345.0
283.85986,-177.37532,29.28435,336.0
277.3791,-180.1321,28.935726,332.0
294.01428,-198.31514,31.027466,356.0
273.3717,-191.41692,29.197193,335.0
284.49628,-206.69864,30.765999,353.0
289.5971,-218.22707,31.72471,364.0
279.46432,-218.34146,31.027466,356.0
256.25644,-207.51239,28.84857,331.0
251.8327,-211.31273,28.761414,330.0
254.12114,-220.90413,29.45866,338.0
253.18839,-227.97186,29.807283,342.0
249.17117,-232.35587,29.807283,342.0
236.47882,-228.36494,28.761414,330.0
227.52637,-227.52638,28.151323,323.0
217.29271,-225.01318,27.36692,314.0
214.69139,-230.22833,27.541233,316.0
200.64189,-222.8354,26.233896,301.0
193.45451,-222.54395,25.798117,296.0
186.3394,-222.07066,25.362337,291.0
184.31615,-227.61147,25.623804,294.0
172.95587,-221.37341,24.577936,282.0
167.26746,-221.9714,24.316467,279.0
162.19696,-223.24493,24.142157,277.0
157.1333,-224.4096,23.967846,275.0
150.96461,-223.81425,23.619223,271.0
145.40784,-223.90842,23.357756,268.0
139.89424,-223.87756,23.096287,265.0
136.4788,-227.13887,23.183443,266.0
130.9996,-226.89796,22.921976,263.0
122.67304,-221.30804,22.137573,254.0
118.32433,-222.53569,22.050419,253.0
113.518,-222.79161,21.876106,251.0
113.542786,-232.7972,22.660507,260.0
103.98949,-223.00618,21.527483,247.0
99.67646,-223.87701,21.440327,246.0
95.36486,-224.6655,21.35317,245.0
94.78801,-234.60852,22.137573,254.0
86.75204,-225.99677,21.17886,243.0
82.45392,-226.54027,21.091703,242.0
77.83902,-226.06094,20.917393,240.0
76.65242,-235.91193,21.701794,249.0
11.650368,-38.10663,3.486232,40.0
9.610598,-33.516132,3.050453,35.0
9.539865,-35.603256,3.224765,37.0
9.640052,-38.66414,3.486232,40.0
8.291516,-35.914505,3.224765,37.0
7.249217,-34.104893,3.050453,35.0
6.652904,-34.22621,3.050453,35.0
6.919497,-39.24241,3.486232,40.0
6.044393,-34.27945,3.658495,35.0
6.262205,-32.21624,3.449438,33.0
7.237044,-34.047623,3.658495,35.0
14.989155,-64.92517,7.003404,67.0
8.902075,-35.704273,3.867552,37.0
10.038648,-37.46474,4.076608,39.0
10.142715,-35.371845,3.867552,37.0
17.736979,-58.015026,6.376234,61.0
11.370993,-34.996323,3.867552,37.0
12.303817,-35.73288,3.97208,38.0
12.925568,-35.512707,3.97208,38.0
17.463835,-45.494843,5.121893,49.0
12.666853,-31.351557,3.553966,34.0
13.212085,-31.125715,3.553966,34.0
13.753288,-30.890392,3.553966,34.0
15.551215,-33.34969,3.867552,37.0
14.387001,-29.497723,3.449438,33.0
15.35112,-30.128267,3.553966,34.0
17.275291,-32.490097,3.867552,37.0
19.28615,-34.79314,4.181137,40.0
17.404133,-30.144844,3.658495,35.0
17.927582,-29.836508,3.658495,35.0
21.080652,-33.736095,4.181137,40.0
109.414406,-168.4834,21.11474,202.0
134.58336,-199.52803,25.295877,242.0
135.19293,-193.07552,24.773235,237.0
138.54198,-190.68666,24.773235,237.0
144.24289,-191.41678,25.19135,241.0
153.0722,-195.9235,26.132107,250.0
150.83537,-186.26616,25.19135,241.0
154.70245,-184.36722,25.295877,242.0
159.20148,-183.14035,25.504934,244.0
167.03172,-185.50752,26.236633,251.0
166.85252,-178.92743,25.713991,246.0
171.33154,-177.41899,25.92305,248.0
175.80829,-175.8083,26.132107,250.0
182.42679,-176.16751,26.654749,255.0
185.47356,-172.95688,26.654749,255.0
190.68105,-171.68999,26.968332,258.0
195.14955,-169.64091,27.17739,260.0
199.60417,-167.48778,27.386448,262.0
204.81549,-165.85632,27.700031,265.0
209.24629,-163.48111,27.909088,267.0
214.45033,-161.59991,28.222673,270.0
219.65173,-159.58633,28.536259,273.0
228.92076,-160.29204,29.372486,281.0
230.85889,-155.71628,29.267958,280.0
237.71173,-154.37181,29.7906,285.0
244.5867,-152.83473,30.313244,290.0
257.44644,-154.68942,31.567583,302.0
257.52307,-148.68103,31.253998,299.0
264.42786,-146.57475,31.77664,304.0
271.3362,-144.27202,32.299282,309.0
293.30756,-149.44765,34.598907,331.0
293.18948,-142.99806,34.285324,328.0
300.1472,-139.96094,34.807964,333.0
305.26978,-135.91486,35.12155,336.0
314.00354,-133.28659,35.85325,343.0
304.29453,-122.94297,34.494377,330.0
305.46536,-117.25717,34.38985,329.0
337.3707,-122.79289,37.73476,361.0
329.11862,-113.32463,36.58495,350.0
323.47952,-105.104866,35.748722,342.0
317.65607,-97.117195,34.912495,334.0
318.34662,-91.28442,34.807964,333.0
319.89124,-85.71461,34.807964,333.0
338.7081,-84.44942,36.689476,351.0
368.2323,-85.01312,39.720802,380.0
385.22452,-81.882,41.393253,396.0
390.49988,-75.90549,41.81137,400.0
391.76514,-69.078766,41.81137,400.0
400.7693,-63.47562,42.647594,408.0
413.6342,-58.132492,43.90194,420.0
431.36658,-52.965157,45.67892,437.0
455.963,-47.923645,48.187603,461.0
463.66513,-40.56544,48.919304,468.0
452.39728,-31.634699,47.664963,456.0
447.91467,-23.474215,47.14232,451.0
442.29263,-15.4452,46.51515,445.0
442.49484,-7.723776,46.51515,445.0
510.18973,0.0,53.62308,513.0
493.20773,8.608973,51.8461,496.0
503.91544,17.597115,52.99591,507.0
412.16095,21.600441,43.379295,415.0
440.4921,30.802208,46.41062,444.0
436.91522,38.22513,46.097034,441.0
427.27988,44.908928,45.15628,432.0
425.44394,52.237946,45.05175,431.0
421.5129,59.239777,44.738167,428.0
430.23764,68.142944,45.783447,438.0
418.2093,73.741585,44.633636,427.0
416.85864,81.02911,44.633636,427.0
414.4082,88.08518,44.529106,426.0
463.19748,106.93756,49.964584,478.0
684.1711,170.58301,74.11065,709.0
705.10565,188.9325,76.72386,734.0
923.49194,264.80707,100.97446,966.0
938.70215,286.99005,103.169556,987.0
945.84656,307.3242,104.52842,1000.0
915.89014,315.36627,101.810684,974.0
327.0907,119.05128,36.58495,350.0
131.8422,50.609478,14.843036,142.0
122.639915,49.549744,13.90228,133.0
119.92555,50.905376,13.693223,131.0
117.20178,52.1816,13.484167,129.0
100.95041,47.073948,11.707183,112.0
80.44833,39.237274,9.407558,90.0
77.09292,39.280804,9.093973,87.0
84.29863,44.822376,10.034729,96.0
100.03027,55.447685,12.020769,115.0
101.63119,58.676792,12.334354,118.0
91.21447,54.80718,11.184541,107.0
69.159,43.215336,8.571331,82.0
65.89202,42.79078,8.257745,79.0
64.31069,43.378105,8.153217,78.0
64.358505,45.064312,8.257745,79.0
63.562225,46.18066,8.257745,79.0
64.3351,48.479973,8.466802,81.0
63.47921,49.595394,8.466802,81.0
62.60398,50.695705,8.466802,81.0
64.75708,54.33764,8.884916,85.0
63.048317,54.807068,8.780388,84.0
60.60405,54.568134,8.571331,82.0
61.09717,56.974033,8.780388,84.0
61.52433,59.413357,8.989444,86.0
59.77482,59.774822,8.884916,85.0
55.95909,57.947334,8.466802,81.0
53.58272,57.460434,8.257745,79.0
54.56813,60.604053,8.571331,82.0
48.93488,56.29314,7.839632,75.0
47.30571,56.37675,7.735103,74.0
46.314598,57.19376,7.735103,74.0
55.718285,71.31615,9.512086,91.0
43.09331,57.186756,7.526046,72.0
40.919575,56.320957,7.31699,70.0
40.50084,57.84119,7.421518,71.0
40.04133,59.363712,7.526046,72.0
42.790783,65.89202,8.257745,79.0
29.512915,47.230534,5.853592,56.0
25.610832,42.623585,5.226421,50.0
27.349352,47.37047,5.749063,55.0
21.214766,38.272453,4.599251,44.0
23.34499,43.905537,5.226421,50.0
19.866156,38.98952,4.599251,44.0
20.926546,42.905777,5.017364,48.0
18.493338,39.65909,4.599251,44.0
16.18034,36.34164,4.181137,40.0
16.7094,39.364876,4.494722,43.0
16.392399,40.572605,4.599251,44.0
16.038216,41.78098,4.703779,45.0
15.986887,43.92361,4.912836,47.0
15.541663,45.13627,5.017364,48.0
15.980855,49.18402,5.435478,52.0
15.410817,50.406498,5.540006,53.0
15.351136,53.535767,5.853592,56.0
15.186673,56.67743,6.167177,59.0
14.916991,59.82878,6.480762,62.0
13.423124,58.14194,6.271705,60.0
12.199589,57.394566,6.167177,59.0
11.196063,57.598732,6.167177,59.0
11.052605,62.682423,6.689819,64.0
9.651817,54.73816,6.824682,56.0
10.60566,54.561375,6.824682,56.0
11.556267,54.367973,6.824682,56.0
13.619732,58.99354,7.434029,61.0
13.206526,52.96848,6.702813,55.0
13.615163,50.812477,6.459074,53.0
14.49989,50.56712,6.459074,53.0
19.152702,62.645657,8.043375,66.0
16.255821,50.030277,6.459074,53.0
17.126495,49.738953,6.459074,53.0
18.331423,50.36517,6.580943,54.0
27.744347,72.27649,9.505807,78.0
20.449791,50.615,6.702813,55.0
21.71785,51.164036,6.824682,56.0
23.011177,51.683952,6.946551,57.0
29.362768,62.968662,8.530853,70.0
23.930698,49.0652,6.702813,55.0
26.13518,51.293175,7.068421,58.0
25.628473,48.20014,6.702813,55.0
29.834145,53.822227,7.555898,62.0
28.287563,48.995502,6.946551,57.0
28.627148,47.643574,6.824682,56.0
29.980251,47.97843,6.946551,57.0
31.894184,49.112736,7.19029,59.0
29.416311,43.611477,6.459074,53.0
28.465055,40.65231,6.093466,50.0
28.586798,39.346348,5.971597,49.0
30.463787,40.42681,6.215335,51.0
26.887186,34.41403,5.36225,44.0
27.483702,33.93954,5.36225,44.0
24.881859,29.653044,4.752904,39.0
28.65143,32.9597,5.36225,44.0
25.901577,28.766617,4.752904,39.0
25.722763,27.584288,4.631034,38.0
28.958181,29.987074,5.118512,42.0
27.371609,27.371609,4.752904,39.0
28.559118,27.57922,4.874773,40.0
32.665604,30.461168,5.48412,45.0
29.504221,26.565722,4.874773,40.0
33.708782,29.302599,5.48412,45.0
34.215054,28.709835,5.48412,45.0
38.56766,31.231478,6.093466,50.0
58.66028,45.830433,9.140199,75.0
59.451195,44.799686,9.140199,75.0
53.80011,39.088066,8.165245,67.0
54.474094,38.143173,8.165245,67.0
55.13149,37.186657,8.165245,67.0
60.766605,39.462296,8.896461,73.0
57.237427,35.765915,8.287114,68.0
57.852913,34.761536,8.287114,68.0
61.029484,35.23539,8.652722,71.0
67.71183,37.533283,9.505807,78.0
64.851105,34.48194,9.01833,74.0
68.096115,34.6967,9.383938,77.0
70.47547,34.373184,9.627677,79.0
76.461945,35.654793,10.358892,85.0
69.81867,31.085278,9.383938,77.0
70.350555,29.862038,9.383938,77.0
69.94073,28.257889,9.262069,76.0
77.83622,29.878527,10.237023,84.0
68.08624,24.781366,8.896461,73.0
68.50837,23.589325,8.896461,73.0
67.02169,21.776669,8.652722,71.0
74.984955,22.9252,9.627677,79.0
74.41953,21.339458,9.505807,78.0
132.30418,35.4508,16.817966,138.0
129.05048,32.1759,16.330488,134.0
144.09898,33.26787,18.15853,149.0
123.29879,26.207968,15.477404,127.0
118.86585,23.105183,14.868057,122.0
119.25099,21.027166,14.868057,122.0
140.18666,22.203386,17.427313,143.0
121.87796,17.12883,15.111796,124.0
126.09893,15.483001,15.599273,128.0
131.28548,13.798661,16.20862,133.0
353.97937,30.969181,43.62922,358.0
702.00104,49.08869,86.40535,709.0
702.7508,36.82961,86.40535,709.0
702.2946,24.524668,86.28348,708.0
704.60046,12.298846,86.52722,710.0
702.72266,0.0,86.28348,708.0
706.5852,-12.333491,86.77096,712.0
703.28656,-24.559307,86.40535,709.0
471.8045,-24.726227,58.009796,476.0
428.7256,-29.979412,52.769417,433.0
420.22693,-36.76509,51.79446,425.0
420.5084,-44.197212,51.916332,426.0
421.64328,-51.771286,52.16007,428.0
434.43594,-61.05599,53.86624,442.0
421.54028,-66.76543,52.40381,430.0
421.28833,-74.2845,52.525677,431.0
421.87634,-82.004456,52.769417,433.0
442.71063,-94.10105,55.57241,456.0
401.34952,-92.65884,50.575768,415.0
458.41812,-114.29648,58.009796,476.0
0.958726,-0.25689,0.121869,1.0
497.08432,-142.53664,63.493916,521.0
422.3836,-129.13562,54.23185,445.0
428.56125,-139.24799,55.328674,454.0
423.25034,-145.73679,54.963066,451.0
425.30588,-154.79868,55.57241,456.0
429.02582,-164.68759,56.425495,463.0
434.36874,-175.49637,57.52232,472.0
416.62146,-176.8453,55.57241,456.0
391.70996,-174.40051,52.64755,432.0
373.3142,-174.07927,50.575768,415.0
359.51413,-175.34674,49.11334,403.0
351.09296,-178.89078,48.382122,397.0
351.42285,-186.85486,48.8696,401.0
347.24017,-192.47836,48.74773,400.0
330.9345,-191.06514,46.91969,385.0
316.48947,-190.16605,45.33539,372.0
286.18713,-178.82957,41.43557,340.0
278.86044,-181.0941,40.82622,335.0
274.8346,-185.37827,40.704353,334.0
271.55743,-190.14656,40.704353,334.0
274.62146,-199.52417,41.67931,342.0
291.7072,-219.81714,44.84791,368.0
258.88736,-202.26497,40.338745,331.0
251.46115,-203.62923,39.7294,326.0
251.67072,-211.17679,40.338745,331.0
256.93585,-223.35092,41.801178,343.0
250.04828,-225.14449,41.3137,339.0
241.72546,-225.41264,40.582485,333.0
232.7568,-224.77065,39.7294,326.0
223.88571,-223.88573,38.876312,319.0
213.04947,-220.61919,37.65762,309.0
205.1052,-219.9484,36.926407,303.0
198.57875,-220.54407,36.438927,299.0
190.79248,-219.48163,35.70771,293.0
188.84692,-225.059,36.07332,296.0
176.77017,-218.29295,34.489017,283.0
171.10028,-218.99837,34.12341,280.0
166.05751,-220.36577,33.879673,278.0
169.77057,-233.66913,35.463974,291.0
154.2806,-220.33553,33.02659,271.0
148.1916,-219.7031,32.53911,267.0
142.71297,-219.75868,32.1735,264.0
140.4338,-224.74107,32.53911,267.0
132.91176,-221.20232,31.686024,260.0
128.03845,-221.7691,31.442286,258.0
122.70495,-221.36562,31.076677,255.0
118.35695,-222.59702,30.954807,254.0
112.651634,-221.09128,30.46733,250.0
107.90569,-221.23946,30.223593,248.0
103.189156,-221.28987,29.979853,246.0
99.31139,-223.05707,29.979853,246.0
96.95468,-228.41089,30.46733,250.0
90.35089,-223.62628,29.614246,243.0
86.43431,-225.16907,29.614246,243.0
82.15193,-225.71057,29.492376,242.0
80.46221,-233.67923,30.34546,249.0
72.99783,-224.66426,29.004898,238.0
69.06581,-225.90402,29.004898,238.0
30.367695,-105.904724,13.527495,111.0
10.018705,-37.390312,4.752904,39.0
8.404153,-33.707214,4.265426,35.0
8.261149,-35.78297,4.509165,37.0
7.635391,-35.921696,4.509165,37.0
7.007311,-36.04948,4.509165,37.0
5.860032,-33.233883,4.143557,34.0
5.502665,-31.207157,4.453539,32.0
6.23542,-32.07844,4.592712,33.0
7.617866,-35.83925,5.149405,37.0
7.573902,-32.806175,4.731885,34.0
8.145296,-32.669,4.731885,34.0
8.714209,-32.521866,4.731885,34.0
13.374791,-46.643433,6.819482,49.0
10.133425,-33.14493,4.871059,35.0
10.404327,-32.021233,4.731885,34.0
10.961591,-31.834772,4.731885,34.0
16.257198,-44.666286,6.680309,48.0
11.356172,-29.583836,4.453539,32.0
11.870752,-29.381138,4.453539,32.0
11.607859,-27.346395,4.175193,30.0
16.111132,-36.186195,5.566924,40.0
13.392171,-28.719604,4.453539,32.0
13.891359,-28.481504,4.453539,32.0
13.48717,-26.470058,4.175193,30.0
17.666304,-33.225483,5.288578,38.0
16.323109,-29.447672,4.731885,34.0
17.32969,-30.015905,4.871059,35.0
18.870953,-31.40654,5.149405,37.0
115.972435,-185.59468,30.757256,221.0
127.823265,-196.83055,32.984024,237.0
131.79271,-195.39073,33.1232,238.0
135.18268,-193.06087,33.1232,238.0
140.27766,-193.07562,33.540718,241.0
146.60571,-194.55235,34.236584,246.0
146.32079,-187.28204,33.401543,240.0
151.4366,-187.00862,33.819065,243.0
155.95035,-185.85439,34.09741,245.0
166.31662,-191.32538,35.628315,256.0
163.66681,-181.77042,34.375755,247.0
168.16493,-180.33482,34.654102,249.0
172.6624,-178.79715,34.93245,251.0
182.75879,-182.7588,36.32418,261.0
181.6465,-175.41399,35.48914,255.0
186.85295,-174.24318,35.90666,258.0
192.07318,-172.94348,36.32418,261.0
199.5464,-173.46304,37.159218,267.0
199.509,-167.40793,36.602528,263.0
205.4786,-166.39331,37.159218,267.0
210.6923,-164.61087,37.576736,270.0
216.69653,-163.29254,38.13343,274.0
221.11566,-160.64993,38.411777,276.0
226.31924,-158.47044,38.829296,279.0
232.33435,-156.71149,39.385986,283.0
239.1865,-155.32953,40.081852,288.0
247.73952,-154.80482,41.056065,295.0
252.10115,-151.47765,41.33441,297.0
258.9944,-149.53049,42.030277,302.0
265.02905,-146.90799,42.586967,306.0
280.6679,-149.23376,44.674564,321.0
284.11197,-144.76227,44.81374,322.0
291.93542,-142.38641,45.648777,328.0
301.55585,-140.6178,46.76216,336.0
316.6292,-140.97241,48.710587,350.0
309.01428,-131.16878,47.17968,339.0
308.50195,-124.642876,46.76216,336.0
305.0833,-117.11051,45.927124,330.0
339.64987,-123.62244,50.798183,365.0
327.7109,-112.83991,48.710587,350.0
336.22293,-109.24545,49.684795,357.0
341.8663,-104.51901,50.24149,361.0
350.3017,-100.447395,51.215702,368.0
368.26233,-98.67559,53.581642,385.0
369.92834,-92.2335,53.581642,385.0
384.02524,-88.65921,55.390896,398.0
389.38858,-82.767105,55.947586,402.0
389.8017,-75.769775,55.808414,401.0
390.08948,-68.783295,55.66924,400.0
405.90164,-64.288506,57.756836,415.0
438.34198,-61.60495,62.210377,447.0
459.991,-56.479794,65.13301,468.0
461.8915,-48.546753,65.27219,469.0
456.74942,-39.960396,64.43715,463.0
451.4501,-31.568466,63.602108,457.0
446.98773,-23.425636,62.906242,452.0
440.40085,-15.379136,61.93203,445.0
437.63184,-7.638892,61.51451,442.0
436.70822,0.0,61.375336,441.0
429.71088,7.500631,60.401127,434.0
450.2975,15.724735,63.32376,455.0
435.12082,22.803717,61.236164,440.0
419.8387,29.357983,59.148567,425.0
455.7629,39.87409,64.29797,462.0
429.39166,45.130882,60.679474,436.0
426.57285,52.37656,60.401127,434.0
429.5163,60.36458,60.957817,438.0
421.55084,66.7671,59.983604,431.0
420.3214,74.114,59.983604,431.0
418.96393,81.43834,59.983604,431.0
424.25922,90.179085,60.957817,438.0
411.0421,94.896545,59.287743,426.0
685.0881,170.81165,99.23042,713.0
682.0027,182.74207,99.23042,713.0
681.56525,195.43568,99.64794,716.0
676.1566,206.72182,99.36959,714.0
670.56226,217.87889,99.09125,712.0
667.59393,229.87102,99.23042,713.0
305.2196,111.09085,45.648777,328.0
329.12018,126.3374,49.545624,356.0
136.80592,55.273182,20.736792,149.0
124.88188,53.009212,19.066715,137.0
123.033066,54.77785,18.927542,136.0
119.36586,55.661213,18.510021,133.0
126.38668,61.642902,19.76258,142.0
118.23293,60.242687,18.649197,134.0
119.786606,63.69167,19.066715,137.0
121.25512,67.21281,19.484234,140.0
139.78836,80.70685,22.685215,163.0
138.35854,83.13419,22.685215,163.0
139.40596,87.11051,23.102736,166.0
135.37291,87.9122,22.685215,163.0
135.45996,91.36889,22.963562,165.0
101.397514,70.999306,17.396639,125.0
63.29035,45.98313,10.994675,79.0
60.89647,45.88878,10.716329,77.0
66.32906,51.82194,11.829714,85.0
60.797043,49.232475,10.994675,79.0
61.44574,51.559093,11.273021,81.0
61.283913,53.273293,11.412194,82.0
67.70396,60.96092,12.803925,92.0
60.111607,56.054977,11.551367,83.0
58.411816,56.407635,11.412194,82.0
56.718246,56.718246,11.273021,81.0
67.41401,69.80924,13.638964,98.0
52.00281,55.76619,10.716329,77.0
49.6964,55.193443,10.437983,75.0
48.0759,55.304993,10.298809,74.0
49.649498,59.16997,10.855502,78.0
43.623714,53.870796,9.742117,70.0
42.676895,54.62393,9.742117,70.0
41.717075,55.360428,9.742117,70.0
46.5652,64.09149,11.133848,80.0
40.327606,57.59379,9.88129,71.0
40.977566,60.75174,10.298809,74.0
33.978336,52.322044,8.767905,63.0
32.01049,51.227493,8.489559,61.0
23.97121,39.894794,6.541136,47.0
21.785896,37.734283,6.123616,44.0
21.124023,38.108753,6.123616,44.0
27.429262,51.586933,8.211213,59.0
19.33161,37.94042,5.984443,43.0
17.364199,35.601883,5.566924,40.0
16.321709,35.002018,5.427751,39.0
20.541693,46.1374,7.097828,51.0
17.024858,40.108047,6.123616,44.0
16.693245,41.317226,6.26279,45.0
16.679377,43.45126,6.541136,47.0
17.273273,47.457928,7.097828,51.0
15.152787,44.006893,6.541136,47.0
16.52452,50.85725,7.515347,54.0
15.923953,52.084892,7.654521,55.0
16.377295,57.114407,8.350386,60.0
14.865415,55.478477,8.07204,58.0
14.374052,57.651173,8.350386,60.0
12.920186,55.963478,8.07204,58.0
11.735631,55.211815,7.932867,57.0
10.770271,55.40822,7.932867,57.0
9.629664,54.612526,7.793694,56.0
9.433068,53.497574,8.603897,55.0
10.930673,56.233418,9.0732,58.0
10.472948,49.271355,7.978159,51.0
11.109076,48.1187,7.821724,50.0
11.947172,47.91749,7.821724,50.0
17.383015,64.87429,10.637545,68.0
13.339948,46.52192,7.66529,49.0
14.149837,46.28202,7.66529,49.0
15.260622,46.967373,7.821724,50.0
25.724789,74.71021,12.514759,80.0
16.890467,46.406174,7.821724,50.0
18.75966,48.870583,8.291028,53.0
19.23972,47.61997,8.134593,52.0
27.014444,63.642033,10.950414,70.0
21.693367,48.724102,8.447462,54.0
22.95783,49.23323,8.603897,55.0
23.813574,48.82506,8.603897,55.0
29.594477,58.082424,10.324676,66.0
25.96673,48.83631,8.760331,56.0
27.772764,50.103397,9.0732,58.0
29.136805,50.46643,9.229635,59.0
32.047916,53.336693,9.855373,63.0
30.356915,48.58122,9.0732,58.0
29.586351,45.558983,8.603897,55.0
29.824648,44.21686,8.447462,54.0
30.591797,43.689613,8.447462,54.0
29.607983,40.75189,7.978159,51.0
26.748255,35.496136,7.039552,45.0
24.323267,31.13236,6.257379,40.0
27.97076,34.541008,7.039552,45.0
24.760078,29.507914,6.100945,39.0
25.271294,29.071297,6.100945,39.0
25.113914,27.891829,5.94451,38.0
25.596869,27.449282,5.94451,38.0
26.072027,26.998375,5.94451,38.0
27.237642,27.237644,6.100945,39.0
29.840307,28.81645,6.570248,42.0
36.839825,34.35369,7.978159,51.0
29.35982,26.4357,6.257379,40.0
32.052967,27.86322,6.726683,43.0
34.047592,28.56932,7.039552,45.0
40.681633,32.94334,8.291028,53.0
54.481632,42.565716,10.950414,70.0
56.793816,42.797207,11.263283,72.0
55.134907,40.057858,10.793979,69.0
57.443752,40.22255,11.106848,71.0
55.680492,37.556965,10.637545,68.0
56.32747,36.579487,10.637545,68.0
57.7949,36.11426,10.793979,69.0
66.88252,40.18707,12.358324,79.0
61.586147,35.55678,11.263283,72.0
62.197323,34.47654,11.263283,72.0
65.40578,34.77687,11.732586,75.0
74.80312,38.114094,13.296931,85.0
71.01827,34.637924,12.514759,80.0
69.82167,32.55838,12.20189,78.0
71.281555,31.736595,12.358324,79.0
70.915405,30.101805,12.20189,78.0
67.766884,27.379599,11.576152,74.0
66.39023,25.484821,11.263283,72.0
74.24988,27.024744,12.514759,80.0
113.933075,39.230305,19.085007,122.0
124.933205,40.59326,20.805786,133.0
138.84607,42.4495,22.995869,147.0
147.16118,42.19779,24.247345,155.0
157.41556,42.17937,25.81169,165.0
161.00276,40.142498,26.280993,168.0
160.71645,37.104317,26.12456,167.0
163.27174,34.70448,26.437428,169.0
147.37035,28.645893,23.778042,152.0
134.23027,23.668419,21.58796,138.0
130.72078,20.70414,20.962221,134.0
132.04028,18.557053,21.118654,135.0
136.26535,16.731281,21.744392,139.0
143.41254,15.073266,22.839436,146.0
355.1987,31.075857,56.47285,361.0
346.8194,24.251974,55.064938,352.0
673.6666,35.305374,106.84475,683.0
681.0898,23.78418,107.9398,690.0
655.72516,11.445725,103.8725,664.0
671.62805,0.0,106.37545,680.0
669.5507,-11.687051,106.062584,678.0
670.2319,-23.405012,106.21902,679.0
500.07172,-26.20765,79.31229,507.0
423.67142,-29.625992,67.26683,430.0
423.08984,-37.015564,67.26683,430.0
422.3794,-44.393864,67.26683,430.0
432.32388,-53.0827,68.98761,441.0
422.52893,-59.38257,67.5797,432.0
423.37927,-67.05669,67.89257,434.0
424.08984,-74.77848,68.20544,436.0
423.68973,-82.35694,68.36187,437.0
469.527,-99.80105,76.02716,486.0
404.19705,-93.31624,65.702484,420.0
406.3403,-101.31202,66.328224,424.0
410.23447,-109.922,67.26683,430.0
419.64673,-120.33176,69.14404,442.0
413.7046,-126.482185,68.5183,438.0
418.94894,-136.12477,69.76978,446.0
421.17883,-145.0235,70.551956,451.0
431.5774,-157.08133,72.742035,465.0
424.1598,-162.81969,71.95986,460.0
429.4955,-173.52745,73.367775,469.0
428.21997,-181.76859,73.68064,471.0
418.66635,-186.40228,72.5856,464.0
384.91434,-179.48851,67.26683,430.0
358.64227,-174.92152,63.19953,404.0
358.17496,-182.49925,63.668835,407.0
361.0399,-191.96832,64.76388,414.0
346.40454,-192.01517,62.73023,401.0
341.28992,-197.04382,62.41736,399.0
321.71338,-193.30489,59.445103,380.0
319.96594,-199.93692,59.757973,382.0
307.31604,-199.57338,58.037193,371.0
298.05438,-201.04022,56.942154,364.0
288.83688,-202.24577,55.84711,357.0
275.67453,-200.28929,53.9699,345.0
272.92584,-205.66435,54.12633,346.0
260.73352,-203.70735,52.405552,335.0
256.37106,-207.6052,52.24912,334.0
260.27493,-218.39659,53.81346,344.0
257.16916,-223.55374,53.9699,345.0
251.02644,-226.02524,53.500595,342.0
244.8765,-228.35101,53.03129,339.0
236.59102,-228.47328,52.092686,333.0
229.07556,-229.07558,51.310513,328.0
217.49559,-225.22328,49.589733,317.0
208.81656,-223.92834,48.49469,310.0
202.2331,-224.60262,47.868954,306.0
202.81833,-233.31578,48.963993,313.0
187.92265,-223.9575,46.304607,296.0
181.49915,-224.13277,45.67887,292.0
173.91136,-222.59637,44.740265,286.0
172.97205,-229.54167,45.522434,291.0
161.97308,-222.9368,43.64522,279.0
156.92459,-224.11154,43.33235,277.0
150.78017,-223.54079,42.706615,273.0
146.85588,-226.13821,42.706615,273.0
142.36346,-227.82916,42.55018,272.0
136.83952,-227.73921,42.080875,269.0
131.36255,-227.52661,41.611572,266.0
125.93512,-227.193,41.14227,263.0
119.63244,-224.99586,40.360096,258.0
114.34229,-224.40936,39.890793,255.0
109.54244,-224.59529,39.577927,253.0
105.18861,-225.57771,39.42149,252.0
103.244354,-231.89064,40.203663,257.0
95.322395,-224.56546,38.639317,247.0
89.90869,-222.53178,38.01358,243.0
87.07314,-226.83328,38.482883,246.0
85.803566,-235.74335,39.73436,254.0
78.139046,-226.93228,38.01358,243.0
73.5562,-226.38274,37.70071,241.0
69.882866,-228.5765,37.857143,242.0
68.87769,-240.20502,39.577927,253.0
13.292894,-49.609753,8.134593,52.0
9.079851,-36.41729,5.94451,38.0
8.442898,-36.57021,5.94451,38.0
10.062244,-47.339146,7.66529,49.0
6.596096,-33.93396,5.475207,35.0
5.831351,-33.071224,5.318772,34.0
5.472324,-31.035082,5.556743,32.0
8.08014,-41.568703,7.466873,43.0
7.575861,-35.641632,6.424984,37.0
7.53214,-32.625282,5.904039,34.0
8.815123,-35.355526,6.424984,37.0
14.273673,-53.27007,9.7243,56.0
9.500745,-33.133026,6.077688,35.0
10.653409,-34.845722,6.424984,37.0
10.65128,-32.781273,6.077688,35.0
16.672344,-48.42001,9.029707,52.0
11.452019,-31.464163,5.904039,34.0
10.587707,-27.581917,5.209447,30.0
12.174212,-30.132229,5.730391,33.0
19.239756,-45.326015,8.682411,50.0
12.016721,-26.99,5.209447,30.0
14.150723,-30.346325,5.904039,34.0
15.109896,-30.979877,6.077688,35.0
17.883736,-35.098804,6.945929,40.0
17.568892,-33.04228,6.598632,38.0
18.142881,-32.730625,6.598632,38.0
27.574615,-47.76064,9.7243,56.0
120.716805,-200.90651,41.328278,238.0
124.7266,-199.60428,41.501923,239.0
129.26392,-199.04895,41.84922,241.0
132.7181,-196.76268,41.84922,241.0
136.69673,-195.22316,42.02287,242.0
141.8196,-195.19792,42.54381,245.0
142.83397,-189.54709,41.84922,241.0
147.9392,-189.35353,42.370167,244.0
153.08063,-189.03882,42.89111,247.0
163.95276,-195.39128,44.974888,259.0
161.52301,-185.81096,43.412052,250.0
165.4002,-183.69556,43.585705,251.0
169.92422,-182.22142,43.933,253.0
180.60371,-187.02061,45.84313,264.0
178.9656,-178.9656,44.62759,257.0
184.18697,-177.86728,45.148537,260.0
189.42386,-176.6406,45.66948,263.0
196.86893,-177.2616,46.711372,269.0
199.93259,-173.79875,46.711372,269.0
202.93535,-170.28297,46.711372,269.0
208.1723,-168.57462,47.232315,272.0
212.6347,-166.12845,47.579613,274.0
217.86118,-164.17017,48.100555,277.0
223.08333,-162.07953,48.621502,280.0
228.29816,-159.8561,49.142445,283.0
234.31903,-158.05017,49.837036,287.0
241.99727,-157.15488,50.87893,293.0
245.53831,-153.42937,51.052574,294.0
253.2435,-152.16403,52.094463,300.0
260.1249,-150.18318,52.962708,305.0
273.04233,-151.34984,55.046486,317.0
273.9031,-145.63686,54.69919,315.0
284.30032,-144.85825,56.262024,324.0
293.86627,-143.32816,57.651207,332.0
309.711,-144.42061,60.25593,347.0
311.28467,-138.59286,60.082283,346.0
314.56256,-133.52388,60.25593,347.0
309.54016,-125.06235,58.866745,339.0
312.59506,-119.994,59.040394,340.0
336.85162,-122.603966,63.20795,364.0
328.69736,-113.17958,61.29782,353.0
331.55917,-107.73011,61.47147,354.0
345.63193,-105.67027,63.728897,367.0
362.57,-103.96527,66.50727,383.0
374.793,-100.42548,68.4174,394.0
378.3997,-94.345634,68.764694,396.0
391.50342,-90.38568,70.84847,408.0
457.5615,-97.2577,82.4829,475.0
449.52203,-87.378235,80.74642,465.0
461.64685,-81.40079,82.656555,476.0
451.32498,-71.48286,80.57278,464.0
450.55334,-63.32114,80.22548,462.0
463.31943,-56.888474,82.30926,474.0
463.2623,-48.69083,82.135605,473.0
460.11725,-40.255043,81.44102,469.0
462.71454,-32.35615,81.78831,471.0
450.4238,-23.605713,79.53088,458.0
443.87772,-15.500552,78.315346,451.0
439.15735,-7.66552,77.447105,446.0
443.16348,0.0,78.1417,450.0
428.3261,7.47646,75.53697,435.0
425.1778,14.847535,75.01603,432.0
417.9697,21.904863,73.80049,425.0
454.8553,31.80658,80.399124,463.0
433.62863,37.937588,76.75251,442.0
433.8799,45.602615,76.92616,443.0
430.08554,52.807865,76.40521,440.0
439.82587,61.813496,78.315346,451.0
425.06253,67.323296,75.88427,437.0
421.88315,74.38938,75.53697,435.0
419.5539,81.55302,75.36333,434.0
431.55273,91.72936,77.7944,448.0
531.6002,122.72958,96.20111,554.0
578.1106,144.13918,105.057175,605.0
576.45825,154.46153,105.23082,606.0
578.408,165.85583,106.09906,611.0
557.5316,170.45451,102.79974,592.0
555.40845,180.46315,102.9734,593.0
568.00397,195.57944,105.925415,610.0
360.91248,131.36139,67.7228,390.0
342.93518,131.64049,64.77078,373.0
135.13847,54.59949,25.699936,148.0
139.60413,59.258434,26.741825,154.0
153.843,68.495316,29.693846,171.0
342.73495,159.81993,66.680916,384.0
310.6839,151.53067,60.950523,351.0
280.79044,143.06987,55.56743,320.0
246.94756,131.30434,49.316093,284.0
192.07709,106.47007,38.723553,223.0
170.5737,98.480774,34.729645,200.0
164.60828,98.906624,33.8614,195.0
142.8131,89.23953,29.693846,171.0
132.14868,85.81836,27.783714,160.0
124.915726,84.256714,26.568176,153.0
128.26646,89.81314,27.610067,159.0
105.964584,76.98778,23.095213,133.0
99.09931,74.67668,21.879675,126.0
91.57262,71.544365,20.49049,118.0
96.432755,78.089714,21.879675,126.0
73.17743,61.403152,16.843878,97.0
61.68924,53.625637,14.412802,83.0
59.280235,53.376167,14.065506,81.0
66.98258,62.462265,16.149284,93.0
59.506557,57.464813,14.58645,84.0
57.101868,57.101868,14.239154,82.0
54.044292,55.9645,13.718209,79.0
65.14881,69.86355,16.843878,97.0
50.08134,55.620964,13.197265,76.0
47.81081,55.000042,12.849968,74.0
46.21062,55.071674,12.67632,73.0
55.778366,68.88054,15.62834,90.0
43.65419,55.874813,12.502672,72.0
42.67239,56.628178,12.502672,72.0
42.25645,58.16101,12.67632,73.0
54.791664,78.2506,16.843878,97.0
41.85301,62.04964,13.197265,76.0
33.79098,52.033543,10.939838,63.0
28.180904,45.098873,9.377004,54.0
29.925594,49.804554,10.245245,59.0
22.158173,38.379086,7.81417,45.0
21.007545,37.89862,7.640522,44.0
21.729946,40.86808,8.161466,47.0
23.69595,46.505917,9.203356,53.0
18.131874,37.175854,7.293225,42.0
15.815514,33.916477,6.598632,38.0
16.022295,35.986668,6.945929,40.0
25.781273,60.73686,11.634431,67.0
17.707945,43.828697,8.335114,48.0
15.528636,40.45348,7.640522,44.0
17.178028,47.196243,8.856059,51.0
16.031101,46.5577,8.682411,50.0
16.129082,49.640217,9.203356,53.0
15.548219,50.855923,9.377004,54.0
15.744091,54.906162,10.071597,58.0
15.038334,56.12382,10.245245,59.0
13.341807,53.511066,9.7243,56.0
13.070478,56.614464,10.245245,59.0
11.670921,54.90738,9.897948,57.0
11.086704,57.03613,10.245245,59.0
9.918586,56.251083,10.071597,58.0
9.375179,53.169273,10.494498,55.0
10.301684,52.997555,10.494498,55.0
11.429137,53.76987,10.685307,56.0
11.703357,50.69281,10.11288,53.0
12.586287,50.48084,10.11288,53.0
13.211319,49.30531,9.922071,52.0
15.42267,53.785233,10.876116,57.0
14.924004,48.814205,9.922071,52.0
16.07699,49.479897,10.11288,53.0
16.938086,49.191776,10.11288,53.0
21.822859,59.95781,12.402589,65.0
19.699888,51.31996,10.685307,56.0
20.224823,50.058186,10.494498,55.0
20.328276,47.890404,10.11288,53.0
24.75435,55.599186,11.830161,62.0
22.816946,48.9311,10.494498,55.0
24.097754,49.40772,10.685307,56.0
24.956367,48.979626,10.685307,56.0
29.033302,54.603695,12.02097,63.0
26.650526,48.078827,10.685307,56.0
27.48556,47.606388,10.685307,56.0
27.806644,46.27803,10.494498,55.0
29.65044,47.450623,10.876116,57.0
32.07795,49.395706,11.448543,60.0
30.190542,44.75932,10.494498,55.0
29.277988,41.813297,9.922071,52.0
29.426287,40.501804,9.731262,51.0
30.128656,39.98208,9.731262,51.0
28.404451,36.35604,8.968026,47.0
27.181353,33.566174,8.395598,44.0
30.286934,36.094563,9.158835,48.0
30.268253,34.81964,8.968026,47.0
27.587145,30.63863,8.01398,42.0
24.77032,26.562918,7.059935,37.0
27.275822,28.24494,7.632362,40.0
36.788105,36.78811,10.11288,53.0
30.36331,29.321508,8.204789,43.0
30.870417,28.787128,8.204789,43.0
30.638628,27.587147,8.01398,42.0
40.005547,34.77629,10.303689,54.0
35.34259,29.655954,8.968026,47.0
38.14338,30.887901,9.540453,50.0
59.562023,46.53495,14.692297,77.0
61.149063,46.07912,14.883106,78.0
54.796562,39.812035,13.165825,69.0
55.483032,38.849636,13.165825,69.0
56.152603,37.875404,13.165825,69.0
60.921375,39.562805,14.11987,74.0
57.440228,35.892635,13.165825,69.0
59.74073,35.89585,13.547443,71.0
62.058327,35.82939,13.929061,73.0
71.25969,39.49989,15.837152,83.0
65.871124,35.0243,14.501488,76.0
69.9709,35.65195,15.264724,80.0
73.229294,35.716312,15.837152,83.0
83.6277,38.996235,17.93605,94.0
82.502014,36.732265,17.554434,92.0
92.16644,39.122334,19.462524,102.0
99.20622,40.081917,20.798187,109.0
112.720634,43.269398,23.469515,123.0
113.45862,41.29556,23.469515,123.0
121.58722,41.865837,24.995987,131.0
129.76802,42.16419,26.522459,139.0
146.44261,44.772,29.766212,156.0
148.1453,42.47998,29.957022,157.0
159.29408,42.68272,32.05592,168.0
175.25423,43.69579,35.108868,184.0
212.33592,49.02161,42.35961,222.0
254.44672,54.08432,50.5644,265.0
282.33243,54.879864,55.907055,293.0
313.21536,55.228317,61.822132,324.0
361.63907,57.278,71.171776,373.0
404.3828,56.832294,79.376564,416.0
421.87634,51.799904,82.62032,433.0
357.3074,37.554523,69.83611,366.0
364.75363,31.911806,71.171776,373.0
533.6836,37.318794,103.99094,545.0
581.3071,30.465017,113.14977,593.0
572.921,20.006844,111.43249,584.0
568.2756,9.919287,110.47844,579.0
570.3254,0.0,110.86006,581.0
570.2385,-9.95355,110.86006,581.0
568.99695,-19.86981,110.66925,580.0
548.9579,-28.769663,106.85307,560.0
422.05072,-29.51266,82.2387,431.0
424.40503,-37.130627,82.81113,434.0
424.66864,-44.63447,83.00194,435.0
424.7993,-52.158794,83.19275,436.0
424.79636,-59.701233,83.38356,437.0
424.65927,-67.25942,83.57436,438.0
425.3542,-75.00142,83.955986,440.0
423.98044,-82.41345,83.955986,440.0
438.80054,-93.269936,87.19974,457.0
406.49896,-93.84768,81.09385,425.0
411.46646,-102.59011,82.42951,432.0
412.4579,-110.51776,83.00194,435.0
412.35345,-118.240456,83.38356,437.0
416.79822,-127.428,84.71922,444.0
425.7138,-138.3228,87.00893,456.0
424.16306,-146.05106,87.19974,457.0
427.08408,-155.44589,88.34459,463.0
427.05542,-163.93121,88.91702,466.0
439.6019,-177.6107,92.160774,483.0
431.01367,-182.95444,91.01592,477.0
413.40683,-184.0606,87.962975,461.0
416.35916,-194.15147,89.29864,468.0
435.84665,-212.57661,94.259674,494.0
421.57465,-214.80301,91.96996,482.0
400.42712,-212.91087,88.153786,462.0
353.7228,-196.07175,78.613335,412.0
339.1955,-195.83463,76.13281,399.0
327.3119,-196.66881,74.224724,389.0
322.16476,-201.31088,73.8431,387.0
308.72318,-200.48718,71.5534,375.0
299.48053,-202.00217,70.217735,368.0
291.0849,-203.81984,69.072876,362.0
281.92435,-204.83003,67.73721,355.0
283.0104,-213.26363,68.88207,361.0
269.1894,-210.31381,66.40155,348.0
254.79778,-206.33118,63.730225,334.0
256.42178,-215.16342,65.06589,341.0
255.59099,-222.18185,65.829124,345.0
252.40393,-227.26553,66.019936,346.0
246.24542,-229.62756,65.44751,343.0
236.55138,-228.435,63.921036,335.0
229.05801,-229.05803,62.966988,330.0
218.20657,-225.95952,61.0589,320.0
214.2298,-229.73334,61.0589,320.0
201.6489,-223.9538,58.57838,307.0
194.48962,-223.73471,57.624336,302.0
187.4004,-223.3351,56.670288,297.0
185.32741,-228.86028,57.242718,300.0
174.65717,-223.55096,55.143818,289.0
167.77527,-222.6453,54.189774,284.0
161.55608,-222.36285,53.426537,280.0
158.77678,-226.75673,53.808155,282.0
149.85487,-222.16899,52.090874,273.0
144.8854,-223.10394,51.709255,271.0
139.40909,-223.10117,51.136826,268.0
135.99977,-226.34163,51.327637,269.0
129.57478,-224.43011,50.373592,264.0
123.73459,-223.22313,49.610355,260.0
118.43745,-222.74841,49.037926,257.0
113.194954,-222.1576,48.4655,254.0
109.30053,-224.09929,48.4655,254.0
104.12824,-223.30374,47.893074,251.0
99.815926,-224.19026,47.702263,250.0
95.50454,-224.99455,47.511456,249.0
94.50508,-233.90825,49.037926,257.0
86.5388,-225.44127,46.93903,246.0
82.25539,-225.99481,46.74822,245.0
77.97911,-226.4678,46.557407,244.0
76.1382,-234.32932,47.893074,251.0
69.45402,-227.1738,46.175793,242.0
65.47871,-228.35135,46.175793,242.0
61.22938,-228.51115,45.98498,241.0
47.02047,-188.58879,37.780193,198.0
9.715994,-42.0846,8.395598,44.0
7.551394,-35.526524,7.059935,37.0
6.555617,-33.725716,6.678317,35.0
5.625108,-31.901564,6.296699,33.0
7.473558,-42.384644,9.148113,44.0
5.972461,-30.725641,6.653173,32.0
6.711153,-31.573502,6.861085,33.0
8.141307,-35.263878,7.692731,37.0
9.938684,-39.86188,8.732289,42.0
8.860714,-33.06863,7.276908,35.0
9.166878,-31.968699,7.068996,34.0
10.581362,-34.610065,7.692731,37.0
11.183775,-34.420128,7.692731,37.0
10.827426,-31.44513,7.068996,34.0
11.37457,-31.251375,7.068996,34.0
11.91825,-31.048101,7.068996,34.0
12.82472,-31.742292,7.276908,35.0
11.465783,-27.011688,6.23735,30.0
13.526847,-30.3818,7.068996,34.0
15.708555,-33.687107,7.900643,38.0
17.151669,-35.16613,8.316466,40.0
15.542441,-30.503756,7.276908,35.0
17.450075,-32.818817,7.900643,38.0
72.08073,-130.0371,31.602571,152.0
117.37771,-203.30417,49.898796,240.0
121.411766,-202.06311,50.10671,241.0
125.4381,-200.74292,50.31462,242.0
129.45518,-199.34349,50.522533,243.0
134.00844,-198.67567,50.938354,245.0
139.13852,-198.7104,51.56209,248.0
142.58531,-196.25183,51.56209,248.0
144.22266,-191.38994,50.938354,245.0
149.34753,-191.15613,51.56209,248.0
159.43217,-196.88234,53.849117,259.0
158.44278,-188.82474,52.393738,252.0
162.35582,-186.769,52.601646,253.0
166.89966,-185.36087,53.01747,255.0
179.44858,-192.43503,55.928234,269.0
177.34387,-183.64494,54.264942,261.0
182.59686,-182.59688,54.888676,264.0
187.86667,-181.42075,55.512413,267.0
194.58115,-181.44986,56.55197,272.0
197.71825,-178.02632,56.55197,272.0
200.05692,-173.90681,56.34406,271.0
205.30945,-172.27507,56.967793,274.0
211.32544,-171.12798,57.79944,278.0
215.82143,-168.61818,58.215263,280.0
221.0749,-166.59189,58.838997,283.0
226.32268,-164.43306,59.462734,286.0
231.56172,-162.14127,60.086468,289.0
239.22174,-161.35709,61.33394,295.0
243.64204,-158.223,61.74976,297.0
250.5139,-156.53845,62.789318,302.0
256.56146,-154.15767,63.620968,306.0
269.37802,-155.52547,66.115906,318.0
269.48477,-149.37784,65.49217,315.0
280.68726,-149.24406,67.57129,325.0
291.093,-148.31927,69.44249,334.0
306.8245,-149.6483,72.561165,349.0
307.61646,-143.44391,72.14535,347.0
310.96664,-138.45128,72.35326,348.0
309.73404,-131.47429,71.52161,344.0
311.98138,-126.04867,71.52161,344.0
319.61282,-122.68787,72.76908,350.0
329.0586,-119.76753,74.43237,358.0
334.79813,-115.28024,75.264015,362.0
342.3407,-111.23324,76.51149,368.0
347.9715,-106.38555,77.34313,372.0
363.879,-104.34062,80.46181,387.0
390.20984,-104.55642,85.867516,413.0
409.05884,-101.98982,89.609924,431.0
460.33655,-106.27707,100.421326,483.0
470.73218,-100.05722,102.292534,492.0
476.24744,-92.57313,103.12418,496.0
474.90067,-83.7378,102.50044,493.0
471.45923,-74.67181,101.460884,488.0
466.87888,-65.61555,100.21342,482.0
464.0695,-56.980568,99.38177,478.0
461.10208,-48.463783,98.550125,474.0
462.85208,-40.49431,98.75803,475.0
454.70645,-31.796171,96.88683,466.0
451.28488,-23.650839,96.05518,462.0
447.7187,-15.634681,95.22353,458.0
449.87936,-7.852674,95.63936,460.0
439.18826,0.0,93.35233,449.0
429.3414,7.494182,91.27322,439.0
421.3248,14.712986,89.609924,431.0
424.91107,22.268646,90.44157,435.0
436.1669,30.499762,92.93651,447.0
430.69604,37.681023,91.89695,442.0
429.97284,45.191967,91.89695,442.0
436.8855,53.64279,93.56024,450.0
425.22784,59.761875,91.27322,439.0
424.1201,67.17403,91.27322,439.0
422.88315,74.565704,91.27322,439.0
427.27844,83.05452,92.52068,445.0
418.10968,88.87196,90.85739,437.0
486.06964,112.21802,106.03494,510.0
507.76447,126.5999,111.232735,535.0
519.6499,139.23978,114.35141,550.0
529.364,151.7927,117.05426,563.0
525.69885,160.72226,116.84635,562.0
526.5349,171.08156,117.67799,566.0
521.6192,179.6079,117.26218,564.0
339.16934,123.44754,76.7194,369.0
387.18808,148.6276,88.15454,424.0
395.41827,159.75935,90.64948,436.0
393.47028,167.01822,90.85739,437.0
380.66605,169.48346,88.570366,426.0
336.87106,157.08556,79.00643,380.0
292.75803,142.78763,69.23458,333.0
262.3323,133.66498,62.58141,301.0
238.36826,126.742645,57.383617,276.0
223.28737,123.77021,54.264942,261.0
165.18463,95.36939,40.54277,195.0
148.4032,89.16963,36.80036,177.0
139.35872,87.08099,34.929157,168.0
133.716,86.83619,33.8896,163.0
119.20541,80.40506,30.563013,147.0
109.77147,76.86281,28.483896,137.0
102.87395,74.742294,27.028515,130.0
107.02213,80.64696,28.483896,137.0
89.411736,69.8561,24.117752,116.0
84.37814,68.32808,23.078194,111.0
80.17559,67.27531,22.246548,107.0
84.895,73.798096,23.90984,115.0
70.50982,63.487328,20.16743,97.0
65.09884,60.70565,18.91996,91.0
61.918606,59.7941,18.296227,88.0
67.090515,67.090515,20.16743,97.0
55.037754,56.99326,16.840843,81.0
52.70051,56.514378,16.42502,79.0
51.051662,56.698616,16.21711,78.0
53.262974,61.27204,17.256666,83.0
45.898106,54.69923,15.177551,73.0
44.93648,55.491932,15.177551,73.0
43.358963,55.49694,14.969639,72.0
51.21376,67.96296,18.088314,87.0
41.395737,56.976337,14.969639,72.0
40.956097,58.491367,15.177551,73.0
42.116936,62.440926,16.009197,77.0
37.824356,58.244396,14.761727,71.0
27.471981,43.96436,11.019318,53.0
24.181597,40.244934,9.979759,48.0
22.986467,39.813732,9.771848,47.0
26.556059,47.9084,11.643053,56.0
20.664564,38.864388,9.356024,45.0
19.539068,38.34758,9.148113,44.0
18.438044,37.80359,8.940201,43.0
22.322683,47.87115,11.227229,54.0
17.107483,38.42404,8.940201,43.0
16.052097,37.816364,8.732289,42.0
16.488926,40.81152,9.356024,45.0
18.57845,48.39851,11.019318,53.0
15.723671,43.20043,9.771848,47.0
16.241138,47.167694,10.603494,51.0
16.020002,49.304504,11.019318,53.0
16.301016,53.31821,11.850964,57.0
15.098387,52.654327,11.643053,56.0
13.923979,51.964993,11.435141,55.0
12.541672,50.3019,11.019318,53.0
13.862225,60.0439,13.098434,63.0
11.998729,56.449593,12.266788,59.0
10.638447,54.730045,11.850964,57.0
9.511801,53.94409,11.643053,56.0
9.644265,54.69533,12.822209,57.0
11.712874,60.257492,14.171915,63.0
11.547225,54.32543,12.822209,57.0
12.493577,54.11563,12.822209,57.0
13.200402,52.943916,12.597258,56.0
17.905174,66.82301,15.971524,71.0
15.040078,52.450977,12.597258,56.0
15.953185,52.180504,12.597258,56.0
16.861425,51.89414,12.597258,56.0
21.888447,63.568665,15.521622,69.0
18.99549,52.18968,12.822209,57.0
19.903433,51.85021,12.822209,57.0
20.075302,49.68811,12.372307,55.0
22.843006,53.81474,13.497062,60.0
20.608223,46.28683,11.697454,52.0
23.060047,49.452435,12.597258,56.0
22.638193,46.415176,11.922405,53.0
23.887157,46.881184,12.147356,54.0
22.414515,42.155567,11.022601,49.0
23.146812,41.75796,11.022601,49.0
24.35925,42.191463,11.247552,50.0
26.095558,43.430305,11.697454,52.0
26.849548,42.968258,11.697454,52.0
27.59536,42.493126,11.697454,52.0
28.332764,42.00505,11.697454,52.0
26.826035,38.311546,10.79765,48.0
27.490578,37.837532,10.79765,48.0
31.665089,42.020992,12.147356,54.0
29.394224,37.62289,11.022601,49.0
27.593594,34.07525,10.122797,45.0
30.689337,36.574127,11.022601,49.0
30.044481,34.56222,10.572699,47.0
28.035175,31.136217,9.672895,43.0
26.580751,28.504366,8.998041,40.0
29.104736,30.138836,9.672895,43.0
33.7602,33.7602,11.022601,49.0
30.839739,29.78159,9.897846,44.0
34.20524,31.8969,10.79765,48.0
31.860315,28.687157,9.897846,44.0
36.032955,31.32297,11.022601,49.0
36.574127,30.689337,11.022601,49.0
40.13307,32.499123,11.922405,53.0
57.586056,44.991158,16.871328,75.0
60.69699,45.73846,17.54618,78.0
57.544582,41.808586,16.421427,73.0
57.46732,40.23905,16.196474,72.0
57.353046,38.685116,15.971524,71.0
58.836636,38.208958,16.196474,72.0
60.320827,37.692635,16.421427,73.0
61.804665,37.135986,16.646378,74.0
63.287193,36.53888,16.871328,75.0
66.471855,36.84595,17.54618,78.0
69.68574,37.052563,18.221033,81.0
71.18995,36.27309,18.445986,82.0
76.19095,37.16081,19.57074,87.0
81.243286,37.884365,20.695496,92.0
88.123,39.23489,22.270153,99.0
91.48506,38.833103,22.945005,102.0
96.66596,39.055584,24.069761,107.0
103.700424,39.80686,25.644419,114.0
111.70422,40.65701,27.444027,122.0
117.0032,40.28743,28.568783,127.0
124.175255,40.34699,30.143438,134.0
133.24664,40.737587,32.168,143.0
145.17682,41.62878,34.867413,155.0
150.58707,40.349686,35.992165,160.0
163.55888,40.77981,38.91653,173.0
187.9806,43.398743,44.540306,198.0
246.84714,52.46898,58.262318,259.0
263.02875,51.12761,61.861534,275.0
296.50626,52.282055,69.50987,309.0
331.05664,52.434223,77.383156,344.0
390.77945,54.92047,91.10517,405.0
420.69165,51.65444,97.8537,435.0
424.4362,44.610043,98.52856,438.0
424.1794,37.11089,98.303604,437.0
394.6306,27.59526,91.330124,406.0
422.29706,22.131653,97.62875,434.0
425.54034,14.860196,98.303604,437.0
424.76065,7.414225,98.07865,436.0
426.77408,0.0,98.52856,438.0
425.73486,-7.43123,98.303604,437.0
425.54034,-14.860196,98.303604,437.0
426.1892,-22.33563,98.52856,438.0
425.7345,-29.770254,98.52856,438.0
425.1501,-37.195812,98.52856,438.0
425.4052,-44.71189,98.7535,439.0
425.5272,-52.24817,98.978455,440.0
425.5154,-59.80229,99.20341,441.0
426.33167,-67.52431,99.65331,443.0
426.04782,-75.123726,99.87826,444.0
426.58478,-82.919685,100.32816,446.0
426.97882,-90.75716,100.77807,448.0
426.27927,-98.41432,101.00301,449.0
425.4422,-106.07465,101.22797,450.0
429.17316,-114.996605,102.577675,456.0
428.03745,-122.73776,102.80263,457.0
435.14813,-133.03813,105.05213,467.0
427.19995,-138.80568,103.70243,461.0
428.39752,-147.5091,104.602234,465.0
428.50473,-155.96295,105.277084,468.0
435.7237,-167.25867,107.75155,479.0
429.1246,-173.3776,106.851746,475.0
429.62103,-182.3633,107.75155,479.0
429.93344,-191.4187,108.65135,483.0
433.5919,-202.18721,110.45096,491.0
431.74872,-210.57791,110.90086,493.0
431.48053,-219.85031,111.80067,497.0
428.4382,-227.80464,112.02562,498.0
413.31857,-229.10623,109.10125,485.0
402.50653,-232.38727,107.30164,477.0
383.35596,-230.34349,103.252525,459.0
366.05652,-228.7375,99.65331,443.0
309.7095,-201.12772,85.25644,379.0
306.1522,-206.50224,85.25644,379.0
294.52002,-206.22514,83.006935,369.0
287.7229,-209.04294,82.10713,365.0
288.6998,-217.55089,83.45683,371.0
268.73492,-209.95874,78.732864,350.0
257.45743,-208.48492,76.48335,340.0
256.76532,-215.45168,77.383156,344.0
265.4673,-230.76718,81.20732,361.0
250.53793,-225.58537,77.83306,346.0
245.13756,-228.59445,77.383156,344.0
236.90527,-228.77676,76.03345,338.0
229.43156,-229.43156,74.90869,333.0
217.9471,-225.69081,72.434235,322.0
210.65245,-225.89711,71.30948,317.0
202.76604,-225.1945,69.95977,311.0
195.60875,-225.02213,68.835014,306.0
192.27809,-229.1481,69.05997,307.0
182.73091,-225.65387,67.03541,298.0
175.16559,-224.2017,65.6857,292.0
168.88048,-224.11197,64.7859,288.0
167.80707,-230.9666,65.91065,293.0
155.92633,-222.68587,62.761337,279.0
150.38159,-222.94987,62.086487,276.0
144.87564,-223.08891,61.411633,273.0
142.50914,-228.0623,62.086487,276.0
135.99802,-226.3387,60.96173,271.0
130.56558,-226.14624,60.286877,268.0
125.18175,-225.83388,59.612026,265.0
121.22136,-227.98419,59.612026,265.0
113.68518,-223.1197,57.812416,257.0
108.91961,-223.3183,57.362514,255.0
104.182,-223.41904,56.912613,253.0
99.87062,-224.31311,56.68766,252.0
98.98636,-233.1972,58.48727,260.0
90.88637,-224.95163,56.01281,249.0
85.20066,-221.95529,54.888054,244.0
81.98053,-225.23965,55.337955,246.0
80.89208,-234.92767,57.362514,255.0
73.467636,-226.11017,54.888054,244.0
69.51031,-227.35791,54.888054,244.0
64.99462,-226.66316,54.438152,242.0
62.794205,-234.35114,56.01281,249.0
56.808872,-227.84793,54.2132,241.0
51.72779,-224.0577,53.088444,236.0
14.788551,-69.57468,16.421427,73.0
6.878989,-35.38932,8.323188,37.0
5.921917,-33.58485,7.873286,35.0
5.391684,-30.577751,7.741501,32.0
6.294801,-32.383934,8.225345,34.0
6.657281,-31.320051,7.983423,33.0
10.476913,-45.3805,11.612251,48.0
7.511545,-30.127161,7.741501,32.0
8.538455,-31.865946,8.225345,34.0
9.360743,-32.644783,8.467266,35.0
12.482231,-40.82753,10.644564,44.0
10.194486,-31.375406,8.225345,34.0
10.740511,-31.19271,8.225345,34.0
12.278845,-33.73585,8.95111,37.0
13.213471,-34.422264,9.193032,38.0
11.631335,-28.78856,7.741501,32.0
12.131994,-28.58118,7.741501,32.0
13.023608,-29.251507,7.983423,33.0
15.992523,-34.296078,9.434954,39.0
14.461888,-29.651264,8.225345,34.0
69.159294,-135.73276,37.98174,157.0
109.32631,-205.61285,58.061256,240.0
114.77972,-207.06812,59.028942,244.0
117.89092,-204.19308,58.78702,243.0
121.43663,-202.1045,58.78702,243.0
125.45953,-200.77722,59.028942,244.0
129.47293,-199.37082,59.270866,245.0
136.73079,-202.71173,60.964317,252.0
136.352,-194.73083,59.270866,245.0
140.30008,-193.10649,59.512787,246.0
143.64888,-190.62851,59.512787,246.0
154.71979,-198.03229,62.657772,259.0
153.87798,-190.02347,60.964317,252.0
157.7946,-188.05228,61.20624,253.0
162.32568,-186.73433,61.690083,255.0
169.45544,-188.19934,63.141617,261.0
170.72894,-183.08438,62.41585,258.0
176.5943,-182.86874,63.383537,262.0
181.1311,-181.13112,63.867382,264.0
187.75456,-181.31247,65.07699,269.0
192.30957,-179.33156,65.56084,271.0
196.85217,-177.2465,66.04468,273.0
200.64786,-174.42053,66.2866,274.0
205.14795,-172.13956,66.77045,276.0
210.38313,-170.3649,67.49621,279.0
214.08897,-167.26463,67.73813,280.0
220.0752,-165.83855,68.70582,284.0
226.07588,-164.25375,69.67351,288.0
237.6511,-166.40509,72.33465,299.0
238.91025,-161.14699,71.85081,297.0
244.12753,-158.53828,72.57657,300.0
250.14867,-156.31023,73.54426,304.0
266.14584,-159.91655,77.41501,320.0
264.69473,-152.82158,76.2054,315.0
270.7161,-150.06038,77.17309,319.0
276.72064,-147.13498,78.14077,323.0
294.80807,-150.21222,82.49537,341.0
297.38474,-145.04424,82.49537,341.0
306.9059,-143.11258,84.43074,349.0
312.90247,-139.31316,85.39843,353.0
318.8588,-135.34753,86.36612,357.0
305.87845,-123.58292,82.25345,340.0
317.95303,-122.050735,84.91459,351.0
352.85876,-128.43008,93.62377,387.0
364.22076,-125.41126,96.04299,397.0
380.1961,-123.5332,99.67182,412.0
388.78943,-118.86485,101.36527,419.0
400.13177,-114.73594,103.78449,429.0
414.2573,-110.99991,106.92948,442.0
428.37057,-106.80478,110.07446,455.0
449.07788,-103.677795,114.9129,475.0
462.208,-98.245346,117.81596,487.0
477.1868,-92.755714,121.20287,501.0
480.64404,-84.75051,121.686714,503.0
491.63342,-77.86709,124.105934,513.0
472.73962,-66.43922,119.02557,492.0
469.0118,-57.58741,117.81596,487.0
465.1205,-48.88614,116.60635,482.0
463.96967,-40.592083,116.12251,480.0
457.8319,-32.014725,114.429054,473.0
455.414,-23.867237,113.70329,470.0
452.85208,-15.813943,112.97752,467.0
451.1188,-7.874308,112.49368,465.0
445.36575,0.0,111.04215,459.0
444.32776,7.75577,110.80023,458.0
443.15503,15.475314,110.55831,457.0
442.81744,23.20708,110.55831,457.0
439.4412,30.728722,109.83254,454.0
435.93817,38.139645,109.10677,451.0
434.24115,45.640587,108.86485,450.0
430.4893,52.857437,108.13909,447.0
432.3838,60.76758,108.86485,450.0
426.46564,67.545525,107.65524,445.0
424.2663,74.80959,107.41332,444.0
426.70596,82.94324,108.38101,448.0
427.09158,90.78112,108.86485,450.0
417.87878,96.474915,106.92948,442.0
416.1314,103.75322,106.92948,442.0
413.32007,110.74878,106.68755,441.0
421.58408,120.88728,109.3487,452.0
407.3474,124.5386,106.20371,439.0
405.11188,131.62883,106.20371,439.0
403.67035,138.99486,106.44563,440.0
348.29987,126.770775,92.41416,382.0
390.42096,149.86858,104.26834,431.0
397.642,160.65779,106.92948,442.0
394.77756,167.57314,106.92948,442.0
392.6793,174.83209,107.1714,443.0
359.6691,167.71646,98.94605,409.0
313.95456,153.12587,87.09188,360.0
284.4336,144.92615,79.59231,329.0
249.3056,132.55814,70.39927,291.0
229.98138,127.48076,65.56084,271.0
205.87369,118.86123,59.270866,245.0
183.80698,110.44237,53.46474,221.0
142.35434,88.952866,41.85249,173.0
134.27014,87.19605,39.917114,165.0
120.66174,81.38737,36.288284,150.0
110.47994,77.35889,33.627144,139.0
103.61812,75.28297,31.933691,132.0
110.0376,82.91927,34.35291,142.0
89.4586,69.89272,28.304861,117.0
84.45488,68.39021,27.095253,112.0
79.532,66.73527,25.885643,107.0
79.81977,69.38627,26.369488,109.0
68.50167,61.679184,22.98258,95.0
63.866646,59.556606,21.77297,90.0
60.02562,57.96607,20.805283,86.0
63.121445,63.12145,22.256815,92.0
53.247902,55.139812,19.11183,79.0
51.615726,55.35109,18.869907,78.0
49.9926,55.52241,18.627987,77.0
54.74513,62.977066,20.805283,86.0
45.529667,54.260143,17.6603,73.0
43.965137,54.29242,17.418377,72.0
43.010906,55.05145,17.418377,72.0
53.722347,71.29196,22.256815,92.0
41.633766,57.30396,17.6603,73.0
40.070793,57.22702,17.418377,72.0
41.77885,61.939693,18.627987,77.0
35.406883,54.521816,16.208767,67.0
27.251455,43.611443,12.821861,53.0
24.487223,40.753582,11.854173,49.0
22.801949,39.494137,11.370329,47.0
32.4582,58.556145,16.692612,69.0
21.409737,40.265854,11.370329,47.0
19.822727,38.90429,10.886485,45.0
18.715385,38.372227,10.644564,44.0
19.27304,41.33117,11.370329,47.0
17.36481,39.002007,10.644564,44.0
16.681492,39.299126,10.644564,44.0
14.17569,35.08606,9.434954,39.0
15.299808,39.85736,10.644564,44.0
15.597452,42.853645,11.370329,47.0
16.426664,47.706497,12.579939,52.0
13.492703,41.526276,10.886485,45.0
14.184354,46.39492,12.096095,50.0
15.244638,53.164364,13.789548,57.0
12.05429,44.987217,11.612251,48.0
12.206261,48.95664,12.579939,52.0
10.258644,44.435074,11.370329,47.0
9.683318,45.55644,11.612251,48.0
10.367908,53.338245,13.547626,56.0
8.592996,48.73329,12.338017,51.0
9.05749,51.367565,13.97623,54.0
10.136907,52.149845,14.235049,55.0
12.049634,56.689083,15.529144,60.0
12.385303,53.646645,14.752687,57.0
13.086002,52.48509,14.493868,56.0
13.500001,50.382687,13.97623,54.0
15.708471,54.78194,15.270325,59.0
14.685291,48.03341,13.458592,52.0
15.521348,47.769802,13.458592,52.0
16.667158,48.40494,13.717411,53.0
18.830868,51.73738,14.752687,57.0
17.654001,45.990242,13.199772,51.0
19.53948,48.361904,13.97623,54.0
21.512789,50.680946,14.752687,57.0
20.429625,45.885693,13.458592,52.0
20.002676,42.895878,12.682134,49.0
22.01857,45.144756,13.458592,52.0
21.049017,41.311016,12.423315,48.0
22.673737,42.643093,12.940953,50.0
25.287664,45.62016,13.97623,54.0
26.079996,45.171883,13.97623,54.0
25.371918,42.225964,13.199772,51.0
26.616861,42.59588,13.458592,52.0
25.251884,38.88449,12.423315,48.0
25.386526,37.637074,12.164496,47.0
26.039518,37.188286,12.164496,47.0
24.981306,34.383816,11.388039,44.0
21.50842,28.542639,9.576305,37.0
23.787333,30.446398,10.352763,40.0
23.09932,28.525284,9.835125,38.0
31.044256,36.997105,12.940953,50.0
25.348175,29.159739,10.352763,40.0
25.853222,28.712912,10.352763,40.0
25.691633,27.550903,10.093944,39.0
31.536457,32.656956,12.164496,47.0
27.320507,27.320509,10.352763,40.0
31.2673,30.19448,11.646858,45.0
33.908806,31.62047,12.423315,48.0
40.198074,36.19451,14.493868,56.0
34.26269,29.784105,12.164496,47.0
39.21693,32.906914,13.717411,53.0
40.535927,32.825348,13.97623,54.0
56.325836,44.006565,19.15261,74.0
57.8567,43.59815,19.41143,75.0
55.48298,40.310745,18.376154,71.0
56.969288,39.890324,18.634974,72.0
58.457584,39.430138,18.893791,73.0
57.516644,37.351746,18.376154,71.0
58.15976,36.34225,18.376154,71.0
60.441082,36.316666,18.893791,73.0
63.575237,36.70518,19.67025,76.0
65.050964,36.05834,19.929068,77.0
67.37609,35.8245,20.446707,79.0
71.43364,36.397255,21.481983,83.0
77.26698,37.685627,23.034897,89.0
81.41463,37.964264,24.070173,93.0
87.3593,38.894867,25.623089,99.0
93.359634,39.628815,27.176003,105.0
101.20176,40.88817,29.246555,113.0
105.50703,40.500355,30.281832,117.0
114.366844,41.626125,32.611202,126.0
121.46901,41.825134,34.422935,133.0
132.2856,42.9822,37.269947,144.0
140.40536,42.926224,39.3405,152.0
150.41821,43.13173,41.928688,162.0
167.94229,45.0,46.587433,180.0
222.12439,55.38183,61.34012,237.0
240.93932,55.62522,66.25768,256.0
262.65942,55.829983,71.9517,278.0
290.1428,56.398045,79.19863,306.0
328.18167,57.867283,89.29258,345.0
378.75137,59.988323,102.75117,397.0
416.0886,58.477436,112.586296,435.0
424.7156,52.148518,114.656845,443.0
424.6004,44.6273,114.398026,442.0
432.05032,37.799503,116.20976,449.0
357.48553,24.997824,96.02187,371.0
426.3541,22.344273,114.398026,442.0
425.7138,14.866253,114.139206,441.0
433.63464,7.569121,116.20976,449.0
425.9733,0.0,114.139206,441.0
424.94263,-7.417401,113.88039,440.0
425.7138,-14.866253,114.139206,441.0
429.24792,-22.495932,115.174484,445.0
425.8992,-29.781775,114.398026,442.0
427.23907,-37.378574,114.915665,444.0
427.4823,-44.930202,115.174484,445.0
427.59177,-52.50167,115.433304,446.0
425.65384,-59.821747,115.174484,445.0
428.3611,-67.84574,116.20976,449.0
428.06305,-75.479065,116.46858,450.0
427.62875,-83.122604,116.7274,451.0
429.8922,-91.37641,117.76267,455.0
428.232,-98.86514,117.76267,455.0
429.25302,-107.0248,118.53913,458.0
428.25284,-114.75,118.79795,459.0
434.5415,-124.60277,121.12733,468.0
429.52954,-131.32036,120.35087,465.0
429.00958,-139.39366,120.86851,467.0
428.33807,-147.48863,121.38615,469.0
435.68323,-158.57571,124.233154,480.0
428.34048,-164.42451,122.93906,475.0
428.988,-173.3224,123.974335,479.0
428.5652,-181.91513,124.75079,482.0
432.3844,-192.50995,126.82134,490.0
429.8342,-200.43498,127.08016,491.0
430.6115,-210.02327,128.37425,496.0
430.32312,-219.26056,129.40953,500.0
433.25385,-230.36516,131.48009,508.0
416.49515,-230.86703,127.5978,493.0
401.52783,-231.8222,124.233154,480.0
384.17346,-230.83469,120.09205,464.0
371.07565,-231.8738,117.24504,453.0
361.30173,-234.6321,115.433304,446.0
342.7376,-231.17943,110.77456,428.0
328.36465,-229.9234,107.40991,415.0
320.39465,-232.78035,106.115814,410.0
319.369,-240.66179,107.15109,414.0
298.3747,-233.11586,101.45708,392.0
270.99017,-219.44354,93.433685,361.0
254.54008,-213.58449,89.03376,344.0
263.89563,-229.40097,93.692505,362.0
251.9558,-226.86201,90.84549,351.0
245.83884,-229.24841,90.06904,348.0
239.71597,-231.49101,89.29258,345.0
230.85829,-230.85829,87.48084,338.0
224.78114,-232.76767,86.70439,335.0
208.82686,-223.93939,82.04565,317.0
204.24045,-226.832,81.78683,316.0
197.71576,-227.44595,80.75155,312.0
194.33705,-231.60188,81.01037,313.0
182.97093,-225.95027,77.90454,301.0
176.62094,-226.0645,76.86926,297.0
169.16083,-224.484,75.316345,291.0
166.3528,-228.96497,75.833984,293.0
157.34517,-224.71219,73.504616,284.0
150.69875,-223.42007,72.21052,279.0
145.19833,-223.58582,71.43407,276.0
141.27411,-226.08583,71.43407,276.0
136.31187,-226.86105,70.91643,274.0
130.88293,-226.69592,70.13997,271.0
125.97003,-227.25598,69.62233,269.0
120.62428,-226.86125,68.84587,266.0
115.76959,-227.2106,68.32823,264.0
109.66941,-224.8556,67.03414,259.0
104.50378,-224.10909,66.25768,256.0
100.18374,-225.01637,65.99886,255.0
98.88335,-232.95451,67.81059,262.0
91.18424,-225.68889,65.222404,252.0
86.19306,-224.54059,64.445946,249.0
82.261154,-226.01067,64.445946,249.0
83.02132,-241.11142,68.32823,264.0
73.7264,-226.90657,63.92831,247.0
69.472725,-227.23499,63.66949,246.0
65.230095,-227.48433,63.41067,245.0
62.500004,-233.25317,64.704765,250.0
57.01758,-228.68503,63.15185,244.0
52.800503,-228.70412,62.893032,243.0
48.801018,-229.59077,62.893032,243.0
44.418083,-228.51115,62.375397,241.0
13.083041,-74.19759,20.187887,78.0
5.842248,-33.133026,9.647309,35.0
6.236193,-32.08242,9.371672,34.0
6.595298,-31.028442,9.096034,33.0
11.460551,-49.641106,14.608782,53.0
7.674158,-30.779367,9.096034,33.0
8.210164,-30.640747,9.096034,33.0
9.273588,-32.34084,9.647309,35.0
15.176472,-49.63999,14.884419,54.0
10.396616,-31.997498,9.647309,35.0
10.953466,-31.811176,9.647309,35.0
11.50698,-31.615168,9.647309,35.0
16.879786,-43.97334,13.506232,49.0
13.323515,-32.976852,10.198584,37.0
19.15534,-45.127148,14.057507,51.0
91.489395,-205.48857,64.49915,234.0
102.374176,-219.54213,69.460625,252.0
102.819016,-210.81021,67.25552,244.0
106.91891,-209.84015,67.53116,245.0
110.56484,-207.9422,67.53116,245.0
114.643105,-206.82166,67.8068,246.0
118.23518,-204.78935,67.8068,246.0
121.791245,-202.69467,67.8068,246.0
125.8196,-201.35344,68.082436,247.0
129.83809,-199.9331,68.35808,248.0
137.60786,-204.01205,70.56317,256.0
137.83926,-196.85487,68.90935,250.0
141.81888,-195.19693,69.18499,251.0
145.78244,-193.45982,69.460625,252.0
158.01375,-202.24837,73.595184,267.0
154.86505,-191.2424,70.56317,256.0
159.41487,-189.98325,71.11445,258.0
163.96754,-188.62308,71.665726,260.0
173.02338,-192.16194,74.14646,269.0
173.72841,-186.3009,73.04391,265.0
178.28885,-184.6235,73.595184,267.0
183.52295,-183.52296,74.4221,270.0
188.77234,-182.29533,75.24901,273.0
192.62811,-179.62862,75.52465,274.0
197.87679,-178.16907,76.35156,277.0
201.68161,-175.31914,76.6272,278.0
207.65611,-174.24416,77.729744,282.0
212.90657,-172.40836,78.556656,285.0
217.39807,-169.84998,79.10793,287.0
222.63234,-167.76549,79.934845,290.0
228.63704,-166.11455,81.03739,294.0
239.37552,-167.61255,83.79377,304.0
239.87354,-161.79674,82.96686,301.0
245.88547,-159.6799,84.069405,305.0
251.89561,-157.40184,85.17196,309.0
271.08353,-162.8834,90.68471,329.0
268.05762,-154.76314,88.75524,322.0
271.5585,-150.52734,89.030876,323.0
280.93417,-149.37535,91.23598,331.0
295.4892,-150.55927,95.0949,345.0
300.66376,-146.64351,95.921814,348.0
308.40442,-143.81134,97.57564,354.0
318.77072,-141.92587,100.05637,363.0
328.2779,-139.34569,102.261475,371.0
331.55106,-133.95532,102.53711,372.0
348.19705,-133.66032,106.94731,388.0
358.60632,-130.52203,109.42805,397.0
368.10077,-126.74726,111.63315,405.0
383.96997,-124.75941,115.76771,420.0
393.4429,-120.28756,117.97281,428.0
406.5706,-116.58224,121.28046,440.0
422.47092,-113.200745,125.415016,455.0
445.83447,-111.15902,131.75467,478.0
452.38968,-104.44239,133.13286,483.0
468.2474,-99.52906,137.26743,498.0
481.2363,-93.54286,140.57507,510.0
488.4755,-86.13141,142.2289,516.0
473.76404,-75.03686,137.54306,499.0
470.24194,-66.088196,136.16487,494.0
468.46143,-57.519833,135.33797,491.0
465.56995,-48.933376,134.23541,487.0
459.6498,-40.214146,132.30595,480.0
459.32272,-32.118973,132.03032,479.0
455.0136,-23.846252,130.65213,474.0
454.3998,-15.867991,130.3765,473.0
452.6853,-7.901651,129.82521,471.0
447.94794,0.0,128.44702,466.0
444.99637,7.767441,127.62012,463.0
443.83237,15.498968,127.344475,462.0
448.294,23.494093,128.72267,467.0
438.22647,30.643782,125.96629,457.0
435.70972,38.11966,125.415016,455.0
434.9781,45.71804,125.415016,455.0
438.88443,53.888233,126.793205,460.0
429.30994,60.33558,124.31247,451.0
426.2927,67.518135,123.76119,449.0
425.9961,75.1146,124.03683,450.0
437.8307,85.10566,127.89575,464.0
418.41385,88.93661,122.658646,445.0
418.6712,96.65786,123.209915,447.0
415.0551,103.48486,122.658646,445.0
417.82837,111.95678,124.03683,450.0
411.1907,117.907036,122.658646,445.0
409.0703,125.06534,122.658646,445.0
406.82532,132.18556,122.658646,445.0
408.09195,140.51733,123.76119,449.0
364.02606,132.49466,111.08187,403.0
399.3497,153.296,122.658646,445.0
397.50476,160.60236,122.93428,446.0
397.29587,168.64209,123.76119,449.0
384.63245,171.2494,120.72918,438.0
338.02518,157.62373,106.94731,388.0
294.6159,143.69379,93.992355,341.0
264.65555,134.84872,85.17196,309.0
237.64824,126.35981,77.178474,280.0
213.54756,118.371346,70.0119,254.0
197.29706,113.909515,65.326065,237.0
178.79977,107.43374,59.813316,217.0
141.02893,88.12466,47.68527,173.0
127.37674,82.71942,43.55071,158.0
118.74139,80.09207,41.069973,149.0
109.45131,76.63863,38.3136,139.0
101.875694,74.01703,36.108498,131.0
95.19452,71.734215,34.179035,124.0
87.86821,68.65017,31.973938,116.0
82.92151,67.14851,30.59575,111.0
78.791504,66.113914,29.493202,107.0
73.99828,64.32573,28.115015,102.0
68.57824,61.748123,26.46119,96.0
63.272007,59.002098,24.807365,90.0
60.15822,58.094116,23.980453,87.0
56.416313,56.416317,22.877905,83.0
53.41988,55.3179,22.050991,80.0
51.135155,54.83574,21.499718,78.0
49.527138,55.005463,21.22408,77.0
46.667686,53.68503,20.397167,74.0
45.10576,53.75495,20.12153,73.0
42.950855,53.039883,19.570255,71.0
45.569508,58.32631,21.22408,77.0
42.230625,56.04193,20.12153,73.0
40.116096,55.21507,19.570255,71.0
40.249065,57.48162,20.12153,73.0
42.464928,62.956844,21.775354,79.0
39.26555,60.46364,20.672806,75.0
26.488337,42.390198,14.333145,52.0
24.754318,41.198105,13.78187,50.0
23.070278,39.958897,13.230595,48.0
23.301443,42.036922,13.78187,50.0
20.307829,38.193466,12.403683,45.0
18.76536,36.829086,11.852408,43.0
17.698355,36.287003,11.576771,42.0
16.249868,34.847958,11.025496,40.0
16.421173,36.882565,11.576771,42.0
16.150581,38.048378,11.852408,43.0
15.484085,38.32445,11.852408,43.0
14.812872,38.58885,11.852408,43.0
13.150835,36.13162,11.025496,40.0
11.892335,34.53785,10.474221,38.0
11.5848,35.654354,10.749859,39.0
12.366014,40.4474,12.128045,44.0
10.068467,35.11291,10.474221,38.0
9.951714,37.1403,11.025496,40.0
9.06946,36.375614,10.749859,39.0
9.51442,41.211483,12.128045,44.0
10.192733,47.95305,14.057507,51.0
8.620619,44.349228,12.954958,47.0
8.346069,47.332897,13.78187,50.0
8.801212,49.914146,15.495704,53.0
10.400881,53.507877,16.665192,57.0
10.537826,49.57658,15.495704,53.0
11.186331,48.453323,15.203332,52.0
12.492957,50.106514,15.788075,54.0
13.365535,49.88085,15.788075,54.0
13.706854,47.80147,15.203332,52.0
14.259422,46.640457,14.91096,51.0
15.366748,47.293995,15.203332,52.0
15.87846,46.1144,14.91096,51.0
16.68085,45.830257,14.91096,51.0
16.107323,41.961006,13.741473,47.0
16.83719,41.673504,13.741473,47.0
14.946324,35.211327,11.694871,40.0
17.114424,38.439625,12.864358,44.0
18.186832,39.00179,13.156729,45.0
13.834142,28.364193,9.648268,33.0
14.761212,28.970507,9.94064,34.0
14.366653,27.019741,9.355897,32.0
17.154152,30.94691,10.817755,37.0
19.126095,33.12737,11.694871,40.0
16.2536,27.050533,9.648268,33.0
16.216457,25.951757,9.355897,32.0
17.18775,26.466812,9.648268,33.0
19.786076,29.334064,10.817755,37.0
20.843527,29.767641,11.110127,38.0
20.797768,28.62567,10.817755,37.0
21.294186,28.25834,10.817755,37.0
22.37288,28.63598,11.110127,38.0
22.267418,27.497969,10.817755,37.0
23.358631,27.837732,11.110127,38.0
23.213518,26.704096,10.817755,37.0
26.875496,29.848263,12.279614,42.0
26.08793,27.97588,11.694871,40.0
26.572205,27.516321,11.694871,40.0
29.75322,29.753222,12.864358,44.0
33.01959,31.886644,14.033845,48.0
32.87166,30.653318,13.741473,47.0
34.82297,31.354746,14.326217,49.0
35.364883,30.742226,14.326217,49.0
38.826313,32.579144,15.495704,53.0
40.13217,32.498394,15.788075,54.0
61.039852,47.68956,23.682114,81.0
58.04416,43.73941,22.220255,76.0
56.477676,41.033436,21.34314,73.0
61.88536,43.332596,23.097368,79.0
56.289692,37.967876,20.758394,71.0
56.141724,36.458862,20.466024,70.0
57.58046,35.980267,20.758394,71.0
72.13476,43.342934,25.728716,88.0
61.28563,35.383278,21.635511,74.0
63.566628,35.235558,22.220255,76.0
66.70499,35.467674,23.097368,79.0
82.65115,42.112865,28.360062,97.0
73.91881,36.05261,25.143972,86.0
78.870285,36.777817,26.605831,91.0
85.61553,38.118492,28.652433,98.0
91.549446,38.860435,30.406664,104.0
97.53374,39.406185,32.160892,110.0
103.56334,39.754242,33.915127,116.0
110.5318,40.23028,35.961727,123.0
132.91797,45.767326,42.97865,147.0
125.51098,40.78099,40.347305,138.0
137.17781,41.939465,43.855766,150.0
145.24294,41.647743,46.19474,158.0
166.2695,44.55178,52.62692,180.0
205.99344,51.359936,64.90653,222.0
222.69893,51.4141,69.876854,239.0
239.46423,50.899696,74.847176,256.0
266.60065,51.82192,83.033585,284.0
290.0671,51.146656,90.05051,308.0
328.6968,52.06046,101.74538,348.0
367.43524,51.639656,113.44025,388.0
415.73935,51.04637,128.05884,438.0
426.07758,44.78256,130.98254,448.0
426.79425,37.339657,130.98254,448.0
426.42694,29.818674,130.69019,447.0
426.8824,22.37196,130.69019,447.0
429.11926,14.985175,131.27492,449.0
427.4031,7.460349,130.69019,447.0
426.5119,0.0,130.39781,446.0
426.44696,-7.443659,130.39781,446.0
431.0307,-15.051924,131.85966,451.0
426.8824,-22.37196,130.69019,447.0
427.3809,-29.885384,130.98254,448.0
428.69955,-37.50635,131.56729,450.0
434.63718,-45.68221,133.61389,457.0
427.12946,-52.444904,131.56729,450.0
428.9901,-60.290627,132.44441,453.0
428.81708,-67.91795,132.73679,454.0
436.04245,-76.88605,135.36813,463.0
429.00177,-83.389496,133.61389,457.0
430.2873,-91.460396,134.49101,460.0
428.62558,-98.95601,134.49101,460.0
442.60754,-110.354454,139.46133,477.0
430.45325,-115.33961,136.24524,466.0
430.21326,-123.36167,136.82999,468.0
430.73834,-131.68993,137.7071,471.0
432.92194,-140.66487,139.16896,476.0
433.11368,-149.133,140.04608,479.0
433.14087,-157.65038,140.92319,482.0
432.1091,-165.87114,141.50793,484.0
432.6951,-174.82018,142.67743,488.0
436.62045,-185.33438,145.0164,496.0
431.57214,-192.14832,144.43166,494.0
430.75308,-200.86346,145.30876,497.0
427.18195,-208.35056,145.30876,497.0
429.4452,-218.81323,147.35538,504.0
419.6504,-223.13206,145.30876,497.0
413.18307,-229.03111,144.43166,494.0
405.81024,-234.29466,143.26216,490.0
393.4623,-236.416,140.33846,480.0
374.6785,-234.1251,135.07576,462.0
361.7131,-234.89925,131.85966,451.0
348.83752,-235.29387,128.64357,440.0
336.061,-235.31244,125.42749,429.0
323.3927,-234.95857,122.211395,418.0
310.84174,-234.23605,118.99531,407.0
302.18494,-236.09276,117.24108,401.0
294.30258,-238.32155,115.77922,396.0
287.1682,-240.96272,114.60973,392.0
270.64963,-235.27214,109.63941,375.0
261.52762,-235.48055,107.59281,368.0
251.78293,-234.79137,105.25384,360.0
249.02272,-240.47844,105.83858,362.0
233.2923,-233.29231,100.868256,345.0
224.53513,-232.51292,98.821655,338.0
213.92104,-229.40222,95.89794,328.0
209.88483,-233.10072,95.89794,328.0
200.76556,-230.95435,93.55897,320.0
192.40137,-229.29501,91.51236,313.0
185.3612,-228.90201,90.05051,308.0
178.39427,-228.33426,88.588646,303.0
172.08005,-228.35794,87.41916,299.0
166.38214,-229.00536,86.542046,296.0
159.06902,-227.1741,84.78781,290.0
153.47578,-227.5372,83.9107,287.0
151.04387,-232.58714,84.78781,290.0
141.38724,-226.26688,81.571724,279.0
137.90933,-229.51968,81.8641,280.0
132.4482,-229.40703,80.98698,277.0
131.20607,-236.70204,82.74121,283.0
121.667595,-228.82344,79.23275,271.0
116.78723,-229.20784,78.648,269.0
112.35,-230.35162,78.35564,268.0
108.71684,-233.14403,78.648,269.0
101.519646,-228.01688,76.30903,261.0
96.77744,-227.99333,75.72429,259.0
92.42543,-228.76094,75.431915,258.0
88.07621,-229.44635,75.13954,257.0
82.7501,-227.35402,73.970055,253.0
78.146935,-226.95518,73.385315,251.0
73.87859,-227.37497,73.09294,250.0
69.899124,-228.62968,73.09294,250.0
65.63474,-228.89552,72.80057,249.0
61.134945,-228.1587,72.21583,247.0
57.14371,-229.1909,72.21583,247.0
52.91995,-229.2215,71.923454,246.0
49.905552,-234.7872,73.385315,251.0
44.52307,-229.05127,71.338715,244.0
40.51879,-229.79343,71.338715,244.0
40.29642,-228.53232,75.40014,244.0
29.035233,-149.37328,49.442715,160.0
8.700372,-40.93204,13.596746,44.0
8.129764,-35.21388,11.742645,38.0
9.663419,-38.757854,12.978712,42.0
10.830669,-40.4206,13.596746,44.0
11.010163,-38.396996,12.978712,42.0
10.844421,-35.470493,12.051661,39.0
11.755704,-36.18034,12.360678,40.0
13.623883,-39.56663,13.596746,44.0
15.613464,-42.897636,14.832814,48.0
23.517145,-61.264256,21.32217,69.0
80.517494,-199.28777,69.83783,226.0
91.415436,-215.36122,76.01817,246.0
96.707375,-217.20834,77.25424,250.0
99.27766,-212.90164,76.32719,247.0
102.97819,-211.13657,76.32719,247.0
106.647354,-209.30719,76.32719,247.0
111.17702,-209.09354,76.94522,249.0
114.80925,-207.12138,76.94522,249.0
118.40653,-205.08614,76.94522,249.0
122.45758,-203.80363,77.25424,250.0
126.49978,-202.44196,77.563255,251.0
134.15747,-206.58438,80.03539,259.0
134.55148,-199.48079,78.18129,253.0
138.55792,-197.88121,78.49031,254.0
142.54935,-196.20232,78.799324,255.0
153.3925,-203.55873,82.81654,268.0
152.2375,-194.85512,80.34441,260.0
156.81206,-193.64674,80.96244,262.0
161.39043,-192.33762,81.580475,264.0
168.4663,-193.7983,83.43458,270.0
170.55011,-189.4151,82.81654,268.0
175.12712,-187.80086,83.43458,270.0
179.69936,-186.08412,84.05261,272.0
184.93709,-184.9371,84.97967,275.0
188.13652,-181.68134,84.97967,275.0
193.36533,-180.31607,85.906715,278.0
197.89636,-178.18669,86.52475,280.0
201.69379,-175.32973,86.83376,281.0
206.90865,-173.61696,87.76082,284.0
212.1245,-171.77504,88.68787,287.0
218.08784,-170.3889,89.923935,291.0
223.30698,-168.27386,90.85099,294.0
234.67337,-170.50018,94.250175,305.0
237.61327,-166.3786,94.250175,305.0
242.05771,-163.26997,94.86821,307.0
248.85841,-161.61055,96.41329,312.0
263.73914,-164.80249,101.048546,327.0
261.68387,-157.23552,99.19444,321.0
268.50635,-155.02222,100.73953,326.0
274.49823,-152.15685,101.97559,330.0
288.02844,-153.14745,105.99282,343.0
293.19955,-149.39264,106.91987,346.0
301.7458,-147.17125,109.082985,353.0
310.30197,-144.69618,111.24611,360.0
320.59952,-142.7401,114.02726,369.0
329.17,-139.72438,116.19038,376.0
340.37643,-137.52101,119.28055,386.0
351.60355,-134.96796,122.37072,396.0
363.73624,-132.38916,125.769905,407.0
376.78223,-129.73653,129.4781,419.0
385.32062,-125.198265,131.64122,426.0
398.36096,-121.79116,135.34943,438.0
412.3106,-118.228165,139.36665,451.0
430.84686,-115.445076,144.92896,469.0
430.02765,-107.21793,144.0019,466.0
432.76004,-99.91052,144.31093,467.0
434.4378,-92.342606,144.31093,467.0
444.38547,-86.37978,147.09207,476.0
437.39587,-77.12469,144.31093,467.0
440.55396,-69.77689,144.92896,469.0
441.70462,-62.077538,144.92896,469.0
443.66473,-54.475178,145.23798,470.0
442.6562,-46.52504,144.61993,468.0
446.24304,-39.041206,145.54698,471.0
445.9077,-31.180904,145.23798,470.0
449.23325,-23.543318,146.16502,473.0
449.5757,-15.699529,146.16502,473.0
447.8794,-7.817764,145.54698,471.0
447.94763,0.0,145.54698,471.0
445.02667,7.767969,144.61993,468.0
446.72427,15.599955,145.23798,470.0
440.68546,23.095346,143.38387,464.0
440.21527,30.78285,143.38387,464.0
436.76868,38.212307,142.45682,461.0
438.8728,46.12739,143.38387,464.0
432.33713,53.084324,141.52977,458.0
429.4612,60.35684,140.91173,456.0
427.40308,67.694,140.60272,455.0
435.52264,76.79439,143.69289,465.0
423.84665,82.38744,140.2937,454.0
420.4837,89.37657,139.67566,452.0
418.8598,96.70141,139.67566,452.0
426.3364,106.29761,142.76584,462.0
414.3112,111.01435,139.36665,451.0
411.3964,117.96602,139.05763,450.0
409.27493,125.12791,139.05763,450.0
416.97842,135.48451,142.45682,461.0
405.55795,139.6448,139.36665,451.0
403.95276,147.02678,139.67566,452.0
403.10104,154.736,140.2937,454.0
400.33914,161.74751,140.2937,454.0
394.82892,167.59492,139.36665,451.0
357.95935,159.37378,127.31499,412.0
319.78342,149.11746,114.645294,371.0
286.3593,139.66678,103.52068,335.0
254.21927,129.53119,92.705086,300.0
225.04846,119.66039,82.81654,268.0
205.45776,113.88709,76.32719,247.0
189.437,109.371506,71.0739,230.0
181.79285,109.232155,68.91078,223.0
134.69246,84.16519,51.60583,167.0
124.42921,80.805275,48.206646,156.0
117.48078,79.24178,46.043526,149.0
112.18462,78.55252,44.498444,144.0
100.794136,73.23123,40.48122,131.0
94.94344,71.54501,38.62712,125.0
88.43425,69.09241,36.464,118.0
84.25851,68.2312,35.227936,114.0
78.68357,66.02335,33.373833,108.0
74.64823,64.89072,32.137764,104.0
69.9705,63.001724,30.592678,99.0
66.07808,61.6188,29.356611,95.0
61.571953,59.459343,27.811527,90.0
57.83487,57.834873,26.575459,86.0
54.17407,56.09889,25.339392,82.0
53.186756,57.035816,25.339392,82.0
50.2741,55.83505,24.41234,79.0
47.420143,54.550632,23.485289,76.0
45.849552,54.64137,23.176271,75.0
44.29043,54.69412,22.867254,74.0
42.158077,53.95988,22.249222,72.0
41.782288,55.446968,22.558237,73.0
40.808243,56.167725,22.558237,73.0
42.549282,60.76667,24.103323,78.0
44.141396,65.442314,25.648409,83.0
37.812725,58.226486,22.558237,73.0
25.19916,40.327084,15.450848,50.0
24.491516,40.760727,15.450848,50.0
24.25194,42.005596,15.759865,51.0
24.898392,44.917892,16.686916,54.0
20.98522,39.467453,14.523797,47.0
19.42968,38.13289,13.905763,45.0
18.344294,37.611374,13.596746,44.0
18.89089,40.511646,14.523797,47.0
14.699521,33.01567,11.742645,38.0
14.864298,35.018085,12.360678,40.0
13.894611,34.390366,12.051661,39.0
16.018925,41.730724,14.523797,47.0
13.01122,35.74803,12.360678,40.0
12.385348,35.969666,12.360678,40.0
11.461811,35.275833,12.051661,39.0
12.512793,40.927494,13.905763,45.0
9.175136,31.997498,10.815594,35.0
9.599911,35.82735,12.051661,39.0
8.973175,35.989437,12.051661,39.0
8.557646,37.06724,12.360678,40.0
7.316222,34.420128,11.433628,37.0
6.351457,32.675404,10.815594,35.0
4.789329,27.161627,8.961492,29.0
5.746567,32.59039,11.394885,35.0
5.051578,25.988108,9.115908,28.0
6.487283,30.520271,10.743749,33.0
6.806252,29.48112,10.418181,32.0
7.319733,29.357843,10.418181,32.0
8.075702,30.138927,10.743749,33.0
7.818608,27.266724,9.767044,30.0
9.122617,29.83873,10.743749,33.0
9.641982,29.674973,10.743749,33.0
10.774075,31.29019,11.394885,35.0
12.935456,35.53987,13.022726,40.0
10.842994,28.246964,10.418181,32.0
11.334321,28.053425,10.418181,32.0
12.191639,28.721697,10.743749,33.0
13.460196,30.232098,11.394885,35.0
15.983736,34.277233,13.022726,40.0
13.678106,28.044273,10.743749,33.0
14.59472,28.64375,11.069317,34.0
17.31187,32.55889,12.697157,39.0
20.169443,36.386646,14.324998,44.0
18.910372,32.753723,13.022726,40.0
18.992144,31.608236,12.697157,39.0
19.540892,31.271963,12.697157,39.0
20.083689,30.926165,12.697157,39.0
20.091637,29.787077,12.371589,38.0
20.608433,29.431892,12.371589,38.0
21.118952,29.067741,12.371589,38.0
25.606228,33.980614,14.650566,45.0
22.120537,28.312994,12.371589,38.0
23.206331,28.65743,12.697157,39.0
22.487402,26.799442,12.046021,37.0
31.636118,36.39319,16.603975,51.0
22.143639,24.593004,11.394885,35.0
27.72821,29.734865,13.99943,43.0
27.58612,28.566263,13.673862,42.0
38.109207,38.109207,18.557384,57.0
29.926561,28.899746,14.324998,44.0
30.426374,28.373053,14.324998,44.0
33.727547,30.368422,15.627271,48.0
37.10678,32.25643,16.929543,52.0
36.939774,30.996147,16.603975,51.0
49.966805,40.462322,22.138634,68.0
58.861225,45.98743,25.719883,79.0
60.409977,45.522182,26.04545,80.0
57.370544,41.68214,24.41761,75.0
62.7364,43.9285,26.37102,81.0
55.6548,37.539635,23.115337,71.0
55.508503,36.047646,22.78977,70.0
56.93101,35.574444,23.115337,71.0
70.51068,42.36709,28.324429,87.0
61.413235,35.456947,24.41761,75.0
63.67663,35.29653,25.068747,77.0
65.95262,35.067635,25.719883,79.0
78.34908,39.92085,30.277838,93.0
73.934906,36.06046,28.324429,87.0
77.980705,36.363003,29.626701,91.0
82.922325,36.9194,31.254541,96.0
96.609344,41.008232,36.138065,111.0
94.68031,38.25333,35.161358,108.0
99.74709,38.28932,36.7892,113.0
107.50812,39.129753,39.393745,121.0
125.16075,43.096302,45.57954,140.0
122.29686,39.73666,44.277267,136.0
133.82217,40.913544,48.184086,148.0
141.78696,40.656757,50.78863,156.0
184.48677,49.433083,65.76476,202.0
200.91776,50.09442,71.29942,219.0
218.34454,50.40881,77.15965,237.0
238.61304,50.71877,83.99658,258.0
266.3781,51.77866,93.43806,287.0
296.107,52.211647,103.53067,318.0
336.19595,53.24821,117.20453,360.0
376.39938,52.899483,130.87839,402.0
422.31186,51.85338,146.50566,450.0
425.97354,44.771626,147.48236,453.0
426.69003,37.33054,147.48236,453.0
426.33334,29.812132,147.1568,452.0
425.84448,22.317564,146.83124,451.0
430.89383,15.047144,148.45908,456.0
426.36392,7.44221,146.83124,451.0
426.4289,0.0,146.83124,451.0
426.36392,-7.44221,146.83124,451.0
434.67358,-15.179136,149.76135,460.0
426.7887,-22.367048,147.1568,452.0
427.27655,-29.878086,147.48236,453.0
428.57388,-37.495354,148.1335,455.0
436.31726,-45.858795,151.06361,464.0
427.00424,-52.429527,148.1335,455.0
428.83313,-60.268562,149.11021,458.0
427.71597,-67.74356,149.11021,458.0
432.98663,-76.34722,151.38919,465.0
427.87564,-83.1706,150.08691,461.0
426.35895,-90.6254,150.08691,461.0
427.47623,-98.69067,151.06361,464.0
429.35846,-107.051094,152.36589,468.0
424.68488,-113.793976,151.38919,465.0
425.3609,-121.97027,152.36589,468.0
422.26324,-129.09882,152.04033,467.0
419.0466,-136.1565,151.71475,466.0
416.6065,-143.44913,151.71475,466.0
412.26254,-150.05128,151.06361,464.0
408.69827,-156.88457,150.73805,463.0
406.7747,-164.34764,151.06361,464.0
409.93695,-174.0079,153.34259,471.0
399.92746,-178.05917,150.73805,463.0
395.90204,-184.61217,150.41248,462.0
392.61984,-191.49348,150.41248,462.0
396.80017,-202.17978,153.34259,471.0
385.69763,-205.07907,150.41248,462.0
382.05975,-211.77919,150.41248,462.0
377.48666,-217.94203,150.08691,461.0
376.86743,-226.4448,151.38919,465.0
368.04697,-229.98126,149.43578,459.0
360.01227,-233.79472,147.80794,454.0
348.03848,-234.7549,144.55226,444.0
335.36865,-234.82767,140.97101,433.0
321.27505,-233.42,136.73862,420.0
310.35626,-233.87021,133.8085,411.0
300.26675,-234.5941,131.20396,403.0
290.24835,-235.03848,128.59941,395.0
282.48062,-237.02937,126.97157,390.0
269.73776,-234.47945,123.06476,378.0
258.57785,-232.82455,119.809074,368.0
248.94307,-232.14316,117.20453,360.0
245.53384,-237.10927,117.5301,361.0
231.32957,-231.32959,112.646576,346.0
223.31622,-231.2507,110.69317,340.0
210.21854,-225.43178,106.135216,326.0
208.1502,-231.17424,107.111916,329.0
197.88081,-227.63582,103.85624,319.0
191.44681,-228.15741,102.55396,315.0
185.05562,-228.52464,101.25169,311.0
178.71065,-228.7392,99.94942,307.0
172.9843,-229.5579,98.97272,304.0
165.61705,-227.95229,97.0193,298.0
159.4442,-227.7099,95.71703,294.0
153.33092,-227.32242,94.414764,290.0
147.79535,-227.58485,93.43806,287.0
141.29568,-226.12036,91.81022,282.0
136.84084,-227.7414,91.48465,281.0
131.42708,-227.63838,90.50794,278.0
129.7262,-234.03229,92.13578,283.0
121.1831,-227.91223,88.880104,273.0
116.75776,-229.15,88.554535,272.0
111.91178,-229.45314,87.9034,270.0
110.68737,-237.36984,90.18237,277.0
101.528336,-228.03639,85.94999,264.0
97.163666,-228.90321,85.62442,263.0
92.09136,-227.93408,84.64772,260.0
89.454704,-233.03746,85.94999,264.0
82.46353,-226.5667,83.019875,255.0
78.49683,-227.97137,83.019875,255.0
73.92186,-227.50813,82.36874,253.0
70.49295,-230.57199,83.019875,255.0
65.41569,-228.13159,81.717606,251.0
61.42428,-229.23851,81.717606,251.0
57.185413,-229.35815,81.39204,250.0
53.173847,-230.32126,81.39204,250.0
48.949497,-230.28932,81.06647,249.0
44.74255,-230.18039,80.7409,248.0
40.55434,-229.99504,80.41533,247.0
40.30446,-228.5779,84.47897,247.0
47.694294,-245.3658,90.97736,266.0
47.866398,-225.19373,83.79494,245.0
43.75666,-189.53093,70.79817,207.0
33.190502,-133.11984,49.93494,146.0
32.8334,-122.535904,46.17272,135.0
49.471756,-172.52849,65.32585,191.0
64.83855,-212.07727,80.71676,236.0
74.91829,-230.5748,88.241196,258.0
75.5657,-219.45871,84.47897,247.0
79.705666,-218.98952,84.821,248.0
83.85218,-218.44238,85.16302,249.0
91.171906,-225.65836,88.58322,259.0
91.42464,-215.3829,85.16302,249.0
95.55185,-214.61299,85.505035,250.0
98.88568,-212.06104,85.16302,249.0
108.75061,-222.97179,90.29332,264.0
106.652885,-209.31805,85.505035,250.0
110.73091,-208.25453,85.84705,251.0
114.348564,-206.2903,85.84705,251.0
119.81081,-207.51842,87.21514,255.0
122.930275,-204.59035,86.873116,254.0
126.482155,-202.41376,86.873116,254.0
130.5073,-200.9636,87.21514,255.0
136.09659,-201.77148,88.58322,259.0
140.13625,-200.13528,88.92524,260.0
144.16008,-198.41933,89.26726,261.0
149.29758,-198.12459,90.29332,264.0
153.31113,-196.2293,90.63534,265.0
162.62613,-200.82654,94.05554,275.0
163.08615,-194.3585,92.34544,270.0
167.06982,-192.19185,92.68746,271.0
172.28491,-191.3418,93.713524,274.0
182.64761,-195.86559,97.47574,285.0
180.81601,-187.24045,94.73958,277.0
185.38518,-185.3852,95.42362,279.0
189.94427,-183.42706,96.10766,281.0
197.92734,-184.57022,98.5018,288.0
201.11838,-181.08781,98.5018,288.0
205.66655,-178.7832,99.185844,290.0
210.19513,-176.37465,99.86988,292.0
216.89265,-175.63622,101.57999,297.0
220.66539,-172.4027,101.922005,298.0
227.39299,-171.3529,103.6321,303.0
233.38977,-169.56761,105.00018,307.0
240.16235,-168.16348,106.71029,312.0
247.73488,-167.09927,108.762405,318.0
252.1896,-163.77385,109.44645,320.0
259.7909,-162.33536,111.498566,326.0
265.80637,-159.71255,112.866646,330.0
279.9464,-161.62714,117.65493,344.0
275.3277,-152.61662,114.57675,335.0
291.22446,-154.8468,120.04907,351.0
298.9062,-152.30031,122.1012,357.0
311.65375,-152.0037,126.20544,369.0
317.6657,-148.12996,127.57352,373.0
326.21173,-145.23883,129.96765,380.0
335.61676,-142.46086,132.70381,388.0
345.89334,-139.74997,135.782,397.0
356.1751,-136.72282,138.86018,406.0
365.5712,-133.05704,141.59634,414.0
376.72266,-129.71602,145.01654,424.0
387.86615,-126.02535,148.43675,434.0
398.99283,-121.984344,151.85695,444.0
398.35114,-114.22534,150.83089,441.0
398.4686,-106.76935,150.14685,439.0
402.09485,-100.25351,150.83089,441.0
421.17984,-97.23703,157.32927,460.0
405.34872,-86.15953,150.83089,441.0
407.7131,-79.251396,151.17291,442.0
412.73578,-72.77645,152.54099,446.0
414.8712,-65.709145,152.88301,447.0
414.0937,-58.19707,152.19896,445.0
415.0463,-50.961277,152.19896,445.0
417.74158,-43.90641,152.88301,447.0
418.4442,-36.609123,152.88301,447.0
418.082,-29.235142,152.54099,446.0
419.46695,-21.983332,152.88301,447.0
420.72583,-14.69207,153.22502,448.0
420.91818,-7.347154,153.22502,448.0
422.86166,0.0,153.90907,450.0
421.85773,7.363554,153.56705,449.0
420.72583,14.69207,153.22502,448.0
422.28217,22.13087,153.90907,450.0
428.39343,29.956186,156.3032,457.0
421.25256,36.854824,153.90907,450.0
421.47974,44.29931,154.25108,451.0
419.70972,51.533875,153.90907,450.0
427.12134,60.02799,156.98724,459.0
418.58368,66.29714,154.25108,451.0
419.2137,73.918686,154.93512,453.0
416.93738,81.04442,154.59311,452.0
422.8127,89.87162,157.32927,460.0
414.7706,95.75733,154.93512,453.0
412.12445,102.754166,154.59311,452.0
410.26837,109.93108,154.59311,452.0
411.90048,118.11056,155.96118,456.0
407.08054,124.457,154.93512,453.0
404.84647,131.54259,154.93512,453.0
403.37756,138.89403,155.27715,454.0
402.65814,146.55557,155.96118,456.0
398.2845,152.8871,155.27715,454.0
396.42685,160.16685,155.61917,455.0
385.78625,163.75655,152.54099,446.0
345.95612,154.0296,137.83412,403.0
307.44592,143.36438,123.46928,361.0
266.0459,129.75925,107.73634,315.0
236.11078,120.30444,96.449684,282.0
218.21092,116.02481,89.9513,263.0
202.18092,112.07072,84.136955,246.0
185.54587,107.12496,77.98059,228.0
172.3714,103.571175,73.192314,214.0
160.17781,100.0902,68.74605,201.0
127.67099,82.910515,55.407265,162.0
117.63512,79.34589,51.645042,151.0
110.07441,77.07493,48.908882,143.0
101.87046,74.01322,45.8307,134.0
96.810875,72.952225,44.120598,129.0
88.85854,69.423904,41.04242,120.0
82.52145,66.824554,38.648277,113.0
77.7434,65.23446,36.938175,108.0
73.04709,63.498863,35.228073,103.0
73.32441,66.0216,35.912117,105.0
63.226788,58.95993,31.465855,92.0
58.808372,56.790585,29.755753,87.0
55.15043,55.150433,28.387672,83.0
59.401646,61.512203,31.123835,91.0
50.628635,54.292564,27.019592,79.0
48.415836,53.771236,26.33555,77.0
46.237038,53.189625,25.65151,75.0
52.54998,62.62663,29.755753,87.0
45.535316,56.23143,26.33555,77.0
45.70407,58.498543,27.019592,79.0
44.67617,59.28728,27.019592,79.0
53.576736,73.74204,33.175953,97.0
43.65783,62.349842,27.703632,81.0
40.986614,60.76516,26.677572,78.0
39.919876,61.47122,26.677572,78.0
39.8369,63.75236,27.361612,80.0
35.330357,58.799587,24.96747,73.0
31.4797,54.524445,22.91535,67.0
32.34561,58.35303,24.28343,71.0
23.381428,43.974064,18.127068,53.0
25.17008,49.399063,20.17919,59.0
17.301233,35.472786,14.364846,42.0
15.488119,33.21438,13.338786,39.0
14.523881,32.621174,12.996766,38.0
22.030033,51.899494,20.52121,60.0
12.320528,30.494373,11.970705,35.0
12.459962,32.45931,12.654746,37.0
11.891571,32.67182,12.654746,37.0
13.767029,39.982357,15.390907,45.0
10.744095,33.06693,12.654746,37.0
9.615886,31.452139,11.970705,35.0
8.547476,29.808586,11.286665,33.0
11.430887,42.66065,16.074947,47.0
10.002618,40.11831,15.048887,44.0
6.764315,29.299467,10.944645,32.0
6.642684,31.251375,11.628685,34.0
5.916961,30.440119,11.286665,33.0
5.384806,30.538748,11.286665,33.0
5.511896,31.259506,12.184511,34.0
5.344068,27.492838,10.751039,30.0
6.793579,31.96128,12.542879,35.0
8.400395,36.386112,14.334719,40.0
9.485849,38.045662,15.051455,42.0
9.423508,35.169006,13.976351,39.0
10.293187,35.896603,14.334719,40.0
10.64515,34.818707,13.976351,39.0
12.116672,37.291286,15.051455,42.0
12.157762,35.308704,14.334719,40.0
11.814223,32.45931,13.259615,37.0
11.709786,30.505033,12.542879,35.0
11.540939,28.564821,11.826143,33.0
12.402486,29.21842,12.184511,34.0
14.429411,32.40899,13.617983,38.0
13.809184,29.613892,12.542879,35.0
11.868387,24.3338,10.392671,29.0
13.562773,26.618439,11.467775,32.0
14.025264,26.377682,11.467775,32.0
15.841305,28.578476,12.542879,35.0
21.005558,36.382698,16.126558,45.0
18.75235,31.20915,13.976351,39.0
18.799446,30.085402,13.617983,38.0
16.779324,25.83789,11.826143,33.0
20.882063,30.95893,14.334719,40.0
18.74179,26.76605,12.542879,35.0
21.401049,29.456015,13.976351,39.0
21.911865,29.07803,13.976351,39.0
24.14032,30.8982,15.051455,42.0
22.913328,28.2956,13.976351,39.0
22.80357,27.176235,13.617983,38.0
24.499355,28.183283,14.334719,40.0
23.738113,26.363848,13.617983,38.0
21.647812,23.214436,12.184511,34.0
28.534857,29.548708,15.768191,44.0
29.046206,29.046207,15.768191,44.0
26.862461,25.940779,14.334719,40.0
43.014984,40.112118,22.577183,63.0
49.258766,44.352795,25.444126,71.0
52.139072,45.323807,26.51923,74.0
51.491814,43.20676,25.802494,72.0
55.865673,45.239132,27.594334,77.0
55.175358,43.10771,26.877598,75.0
58.15606,43.82373,27.952702,78.0
58.91203,42.802097,27.952702,78.0
62.709034,43.90934,29.386173,82.0
55.726074,37.58771,25.802494,72.0
51.67578,33.558647,23.652287,66.0
55.42048,34.630558,25.085758,70.0
73.62158,44.23631,32.969852,92.0
61.44633,35.476055,27.235966,76.0
62.872643,34.850876,27.594334,77.0
65.94421,35.063156,28.669437,80.0
79.02349,40.26448,34.044956,95.0
73.84049,36.014416,31.536383,88.0
77.84223,36.298428,32.969852,92.0
84.433945,37.592415,35.478428,99.0
97.96764,41.584797,40.85395,114.0
94.35047,38.120068,39.06211,109.0
99.35925,38.140446,40.85395,114.0
107.90527,39.274307,44.07926,123.0
128.87677,44.37583,52.321724,146.0
124.30428,40.388912,50.171516,140.0
134.8109,41.215824,54.113564,151.0
157.94505,45.290016,63.07276,176.0
189.37158,50.741962,75.25728,210.0
197.4751,49.236073,78.12422,218.0
212.85876,49.142315,83.85811,234.0
231.0344,49.10788,90.6671,253.0
252.01767,48.987274,98.55119,275.0
276.73856,48.796474,107.86876,301.0
308.899,48.924793,120.05327,335.0
351.30804,49.373127,136.17982,380.0
390.10773,47.899204,150.87291,421.0
405.73972,42.644962,156.60681,437.0
407.3522,35.6387,156.96518,438.0
406.98083,28.458872,156.60681,437.0
409.28012,21.449463,157.32355,439.0
413.3242,14.433598,158.75702,443.0
405.11218,7.07126,155.53171,434.0
405.1739,0.0,155.53171,434.0
404.17874,-7.054966,155.17334,433.0
411.45816,-14.368436,158.04028,441.0
403.6863,-21.156303,155.17334,433.0
402.3243,-28.133257,154.81497,432.0
402.70206,-35.231865,155.17334,433.0
408.52512,-42.93772,157.68192,440.0
399.37393,-49.036953,154.4566,431.0
397.5328,-55.86959,154.09824,430.0
394.653,-62.5069,153.3815,428.0
397.1796,-70.03348,154.81497,432.0
394.064,-76.59828,154.09824,430.0
391.75397,-83.26988,153.73987,429.0
389.3314,-89.88423,153.3815,428.0
389.5151,-97.11703,154.09824,430.0
385.05554,-103.17532,153.02313,427.0
383.19626,-109.87975,153.02313,427.0
381.2202,-116.55071,153.02313,427.0
378.24017,-122.89769,152.66476,426.0
381.334,-131.30383,154.81497,432.0
373.7207,-136.02321,152.66476,426.0
370.41827,-142.19026,152.3064,425.0
368.74588,-148.98302,152.66476,426.0
372.96454,-158.31406,155.53171,434.0
362.46896,-161.38158,152.3064,425.0
357.90503,-166.89386,151.58965,423.0
355.77692,-173.524,151.94803,424.0
353.52615,-180.13057,152.3064,425.0
347.03137,-184.51987,150.87291,421.0
343.7582,-190.5483,150.87291,421.0
340.38034,-196.51868,150.87291,421.0
337.699,-202.91002,151.23128,422.0
332.52286,-207.78334,150.51454,420.0
329.62885,-214.06349,150.87291,421.0
325.06876,-219.26164,150.51454,420.0
322.7221,-225.97244,151.23128,422.0
319.48447,-232.11905,151.58965,423.0
310.91122,-234.2884,149.43944,417.0
303.09662,-236.80504,147.6476,412.0
293.83893,-237.94609,145.13902,405.0
293.93243,-246.6386,147.28923,411.0
273.37784,-237.64374,139.04677,388.0
263.63846,-237.38115,136.17982,380.0
254.67601,-237.48921,133.67125,373.0
249.82089,-241.24924,133.31288,372.0
236.99063,-236.99065,128.6541,359.0
226.98181,-235.04654,125.42879,350.0
215.20471,-230.7788,121.12837,338.0
203.64803,-226.17406,116.82796,326.0
194.76987,-224.0571,113.96101,318.0
190.22977,-226.70702,113.602646,317.0
185.65671,-229.26692,113.24428,316.0
178.75331,-228.79381,111.45244,311.0
174.17125,-231.13304,111.09407,310.0
166.26968,-228.85057,108.585495,303.0
160.10844,-228.65854,107.15202,299.0
154.0052,-228.32211,105.71855,295.0
151.52238,-233.32399,106.793655,298.0
141.98529,-227.22395,102.85161,287.0
136.55557,-227.26663,101.776505,284.0
131.63483,-227.99823,101.05977,282.0
128.99348,-232.71043,102.13487,285.0
120.52961,-226.6832,98.55119,275.0
115.70741,-227.08856,97.83446,273.0
110.49878,-226.55606,96.75935,270.0
106.52799,-228.45003,96.75935,270.0
101.3856,-227.7158,95.68425,267.0
97.76077,-230.30989,96.04262,268.0
93.376686,-231.11539,95.68425,267.0
89.32894,-232.70982,95.68425,267.0
84.61538,-232.47884,94.967514,265.0
79.63334,-231.27202,93.89241,262.0
74.719475,-229.96292,92.81731,259.0
70.1488,-229.44635,92.10057,257.0
66.905716,-233.32793,93.175674,260.0
62.098503,-231.75475,92.10057,257.0
57.592655,-230.99152,91.383835,255.0
53.55252,-231.96147,91.383835,255.0
51.242992,-241.07938,94.609146,264.0
45.068306,-231.85626,90.6671,253.0
40.852875,-231.6881,90.30873,252.0
40.572964,-230.10065,94.40087,252.0
48.82856,-251.20108,103.39143,276.0
48.578625,-228.54451,94.40087,252.0
52.35131,-226.75847,94.02627,251.0
56.300823,-225.81027,94.02627,251.0
62.392944,-232.8536,97.39773,260.0
64.1472,-223.70784,94.02627,251.0
68.04168,-222.55424,94.02627,251.0
71.9154,-221.33287,94.02627,251.0
77.27655,-224.4274,95.8993,256.0
79.278885,-217.81696,93.65166,250.0
83.068245,-216.40016,93.65166,250.0
86.832306,-214.91747,93.65166,250.0
91.29447,-215.07625,94.40087,252.0
95.03414,-213.4502,94.40087,252.0
98.744896,-211.75911,94.40087,252.0
102.42557,-210.00352,94.40087,252.0
106.495964,-209.01009,94.77548,253.0
113.60977,-213.66888,97.77233,261.0
114.624435,-206.78798,95.52469,255.0
117.75234,-203.95305,95.150085,254.0
122.248955,-203.45642,95.8993,256.0
134.62512,-215.44524,102.64222,274.0
130.78996,-201.39886,97.02312,259.0
135.32187,-200.62294,97.77233,261.0
139.33443,-198.99019,98.14694,262.0
146.60097,-201.77892,100.76919,269.0
149.54216,-198.44916,100.39458,268.0
152.9828,-195.80907,100.39458,268.0
157.54384,-194.55043,101.14379,270.0
162.70316,-193.90208,102.26761,273.0
167.27902,-192.4325,103.01682,275.0
171.23235,-190.1728,103.39143,276.0
175.78992,-188.51161,104.14065,278.0
180.3413,-186.74886,104.889854,280.0
188.16235,-188.16237,107.51211,287.0
190.08366,-183.56166,106.76289,285.0
195.9707,-182.74564,108.261314,289.0
199.1302,-179.29765,108.261314,289.0
210.62611,-183.09448,112.7566,301.0
211.65868,-177.60272,111.632774,298.0
216.88771,-175.6322,112.7566,301.0
221.38115,-172.9619,113.50581,303.0
229.54941,-172.97787,116.12806,310.0
230.28299,-167.3104,115.004234,307.0
233.1679,-163.26591,115.004234,307.0
238.28778,-160.72713,116.12806,310.0
245.72217,-159.57385,118.375694,316.0
253.97377,-158.70042,120.99795,323.0
265.44705,-159.49667,125.118614,334.0
273.00803,-157.62126,127.36626,340.0
281.39383,-155.97916,129.98851,347.0
293.0784,-155.83255,134.10918,358.0
296.57953,-151.11482,134.48378,359.0
305.00513,-148.76094,137.10603,366.0
315.11774,-146.9418,140.4775,375.0
332.03363,-147.8309,146.8458,392.0
335.41656,-142.37587,147.22041,393.0
343.86795,-138.93167,149.84265,400.0
350.56827,-134.57056,151.71568,405.0
356.34854,-129.70026,153.21411,409.0
355.92783,-122.55578,152.0903,406.0
358.0125,-116.325325,152.0903,406.0
359.98816,-110.05942,152.0903,406.0
361.85413,-103.76,152.0903,406.0
363.60986,-97.42897,152.0903,406.0
366.1545,-91.29257,152.4649,407.0
366.7886,-84.67982,152.0903,406.0
369.11752,-78.45835,152.4649,407.0
371.34073,-72.18133,152.83951,408.0
372.5439,-65.689545,152.83951,408.0
373.6336,-59.177753,152.83951,408.0
375.52765,-52.77697,153.21411,409.0
382.83347,-47.00604,155.83636,416.0
378.0629,-39.73601,153.58871,410.0
377.77515,-33.05104,153.21411,409.0
379.21936,-26.517601,153.58871,410.0
387.0317,-20.283472,156.58557,418.0
380.84042,-13.29924,153.96333,411.0
380.08746,-6.634452,153.58871,410.0
380.1454,0.0,153.58871,410.0
387.5038,6.763904,156.58557,418.0
382.69366,13.363957,154.71254,413.0
380.55032,19.943796,153.96333,411.0
381.99414,26.711632,154.71254,413.0
382.39343,33.45509,155.08714,414.0
378.98502,39.83293,153.96333,411.0
380.07263,46.667053,154.71254,413.0
378.28214,53.16409,154.33794,412.0
380.044,60.193058,155.46176,415.0
378.9356,66.81657,155.46176,415.0
377.71176,73.41973,155.46176,415.0
377.27982,80.193306,155.83636,416.0
375.82278,86.765526,155.83636,416.0
374.25128,93.311325,155.83636,416.0
371.6702,99.58873,155.46176,415.0
373.44058,107.08236,156.96017,419.0
371.51486,113.58349,156.96017,419.0
376.5304,122.34215,159.95703,427.0
368.2012,126.781845,157.3348,420.0
365.9325,133.18852,157.3348,420.0
364.41788,139.88692,157.7094,421.0
368.79837,149.00421,160.70625,429.0
355.04654,150.7083,155.83636,416.0
329.49255,146.69954,145.72198,389.0
294.10986,137.14569,131.11232,350.0
265.00446,129.2513,119.12491,318.0
233.7939,119.12394,106.01368,283.0
214.48753,114.04505,98.14694,262.0
197.86772,109.67986,91.40402,244.0
181.47003,104.771774,84.6611,226.0
167.6926,100.75987,79.042,211.0
155.6867,97.28385,74.17211,198.0
145.41153,94.43136,70.05144,187.0
119.91256,80.882034,58.438637,156.0
110.887665,77.64438,54.69257,146.0
100.514404,73.02799,50.19729,134.0
94.78169,71.42313,47.94965,128.0
89.13696,69.641426,45.70201,122.0
84.30519,68.269,43.828976,117.0
77.41878,64.96207,40.832123,109.0
72.77447,63.261883,38.95909,104.0
69.59222,62.661118,37.83527,101.0
67.80994,63.233784,37.460663,100.0
60.02642,57.966843,33.714596,90.0
56.383144,56.38315,32.21617,86.0
53.45831,55.3577,31.092352,83.0
53.74872,57.638443,31.841564,85.0
49.012157,54.433517,29.593924,79.0
46.838123,53.8811,28.844711,77.0
44.102688,52.55954,27.720892,74.0
49.01364,60.526802,31.466957,84.0
36.533207,46.760372,23.974825,64.0
34.595577,45.90988,23.22561,62.0
37.058983,51.007305,25.473251,68.0
48.394783,69.114914,34.089203,91.0
38.885597,57.65027,28.095497,75.0
37.87354,58.320133,28.095497,75.0
36.849945,58.972237,28.095497,75.0
36.77019,61.19588,28.844711,77.0
35.232983,61.025322,28.470104,76.0
31.465532,56.765327,26.222466,70.0
26.987762,50.75659,23.22561,62.0
19.783836,38.82796,17.606512,47.0
20.322533,41.667366,18.730331,50.0
17.633017,37.81413,16.8573,45.0
13.953426,31.33991,13.860446,37.0
15.578025,36.69952,16.108086,43.0
15.282486,37.825474,16.482693,44.0
12.626374,32.892826,14.235052,38.0
12.367507,33.979446,14.609659,39.0
11.470738,33.313442,14.235052,38.0
11.460621,35.27217,14.984265,40.0
9.487883,31.03346,13.111232,35.0
9.455962,32.976852,13.860446,37.0
9.118969,34.03245,14.235052,38.0
8.972243,35.985703,14.984265,40.0
8.134268,35.233387,14.609659,39.0
8.096438,38.09075,15.733479,42.0
6.545858,33.675507,13.860446,37.0
5.47413,31.045326,12.736626,34.0
5.274853,29.915169,12.894129,33.0
5.620501,28.914963,12.503398,32.0
6.315661,29.712856,12.894129,33.0
6.833261,29.598108,12.894129,33.0
7.126089,28.58118,12.503398,32.0
8.338547,31.119879,13.675592,35.0
9.641571,33.62415,14.847785,38.0
9.150407,29.929626,13.28486,34.0
9.386903,28.88992,12.894129,33.0
10.489047,30.462404,13.675592,35.0
12.278417,33.734673,15.238516,39.0
10.556142,27.49969,12.503398,32.0
11.034471,27.31127,12.503398,32.0
12.228778,28.80919,13.28486,34.0
14.227315,31.955074,14.847785,38.0
12.837731,27.530603,12.894129,33.0
14.930342,30.611736,14.457054,37.0
14.208616,27.885977,13.28486,34.0
19.014639,35.76133,17.192171,44.0
17.850782,32.203667,15.629248,40.0
18.410095,31.887222,15.629248,40.0
18.489706,30.77204,15.238516,39.0
19.51173,31.225294,15.629248,40.0
17.547,27.02001,13.675592,35.0
18.015892,26.709658,13.675592,35.0
17.423336,24.883102,12.894129,33.0
20.01919,27.554049,14.457054,37.0
19.389076,25.730175,13.675592,35.0
20.968616,26.838606,14.457054,37.0
21.433823,26.468563,14.457054,37.0
24.850943,29.6162,16.41071,42.0
21.136692,24.314983,13.675592,35.0
22.789703,25.310532,14.457054,37.0
24.483528,26.25537,15.238516,39.0
31.97182,33.107788,19.536558,50.0
27.988493,27.988495,16.801441,43.0
32.445633,31.332382,19.145828,49.0
35.680374,33.272488,20.708754,53.0
48.568855,43.731598,27.741915,71.0
47.24054,41.065575,26.569721,68.0
49.360332,41.418236,27.351183,70.0
52.221764,42.28835,28.523376,73.0
48.599636,37.970196,26.17899,67.0
48.519756,36.56226,25.78826,66.0
44.682243,32.46355,23.44387,60.0
44.487972,31.150812,23.05314,59.0
45.787987,30.884384,23.44387,60.0
51.72402,33.589973,26.17899,67.0
47.618572,29.755386,23.834602,61.0
56.809917,34.134842,28.132647,72.0
60.585724,34.979183,29.69557,76.0
68.43279,37.932915,33.21215,85.0
65.83336,35.00422,31.649225,81.0
68.89477,35.103638,32.82142,84.0
72.8063,35.510002,34.384346,88.0
84.26033,39.291237,39.46385,101.0
86.61507,38.563515,40.24531,103.0
91.51155,38.844345,42.19897,108.0
98.14988,39.655125,44.934086,115.0
114.295586,43.873966,51.967247,133.0
116.773865,42.50221,52.74871,135.0
133.16423,45.85212,59.78187,153.0
148.82686,48.356777,66.4243,170.0
168.13408,51.403744,74.629654,191.0
168.12074,48.207848,74.23893,190.0
181.38443,48.601814,79.70916,204.0
195.60246,48.76917,85.57013,219.0
216.15587,49.903515,94.166214,241.0
227.79857,48.420082,98.85499,253.0
246.68077,47.949883,106.66962,273.0
271.9561,47.953194,117.21936,300.0
307.3001,48.671555,132.06714,338.0
338.18378,47.52863,144.96127,371.0
367.2847,45.09689,157.07394,402.0
368.93127,38.77624,157.46468,403.0
371.38583,32.492046,158.24614,405.0
370.97806,25.941313,157.85541,404.0
370.45505,19.414726,157.46468,403.0
371.6574,12.978563,157.85541,404.0
369.98657,6.45814,157.07394,402.0
370.04294,0.0,157.07394,402.0
369.98657,-6.45814,157.07394,402.0
369.8175,-12.914312,157.07394,402.0
368.61658,-19.318377,156.68321,401.0
369.14154,-25.81289,157.07394,402.0
367.7178,-32.17114,156.68321,401.0
366.18488,-38.487583,156.29248,400.0
365.4574,-44.872528,156.29248,400.0
369.17636,-51.884354,158.24614,405.0
363.66876,-57.599476,156.29248,400.0
362.60812,-63.93759,156.29248,400.0
360.53342,-70.0806,155.90175,399.0
364.65778,-77.51041,158.24614,405.0
357.86804,-82.620346,155.90175,399.0
355.47842,-88.63073,155.51102,398.0
354.7666,-95.05943,155.90175,399.0
361.01718,-103.52001,159.41832,408.0
351.23297,-107.38269,155.90175,399.0
347.55447,-112.9273,155.12029,397.0
344.66034,-118.67608,154.72955,396.0
344.26666,-125.30281,155.51102,398.0
341.16803,-130.96214,155.12029,397.0
337.977,-136.55156,154.72955,396.0
335.54236,-142.42928,154.72955,396.0
331.32367,-147.5148,153.94809,394.0
329.53296,-153.66376,154.33882,395.0
325.97363,-158.98796,153.94809,394.0
322.3291,-164.23486,153.55736,393.0
319.4137,-169.83528,153.55736,393.0
321.23157,-178.06157,155.90175,399.0
313.29196,-180.8792,153.55736,393.0
310.08746,-186.31934,153.55736,393.0
306.00787,-191.21495,153.16663,392.0
308.8001,-200.53716,156.29248,400.0
299.14816,-201.77798,153.16663,392.0
296.33514,-207.4961,153.55736,393.0
291.92398,-212.0952,153.16663,392.0
296.99973,-223.80534,157.85541,404.0
284.34415,-222.15399,153.16663,392.0
281.13907,-227.66194,153.55736,393.0
276.41788,-231.94212,153.16663,392.0
277.1908,-240.9583,155.90175,399.0
261.9982,-235.90424,149.65004,383.0
252.45549,-235.41853,146.5242,375.0
243.01117,-234.67316,143.39835,367.0
234.32227,-234.32228,140.66322,360.0
228.2788,-236.3896,139.49103,357.0
217.21284,-232.93225,135.193,346.0
210.03484,-233.26733,133.23933,341.0
202.30835,-232.72913,130.89494,335.0
199.39923,-237.63475,131.6764,337.0
187.69077,-231.77878,126.59691,324.0
179.08333,-229.21619,123.471054,316.0
169.51593,-224.95525,119.56374,306.0
165.02306,-227.13474,119.17301,305.0
156.28204,-223.1939,115.65643,296.0
151.84824,-225.12427,115.2657,295.0
148.39749,-228.51208,115.65643,296.0
142.43562,-227.94466,114.093506,292.0
138.43575,-230.39578,114.093506,292.0
131.63219,-227.99365,111.74912,286.0
125.848015,-227.03586,110.186195,282.0
121.00224,-227.5721,109.40473,280.0
118.68373,-232.92993,110.96766,284.0
111.372284,-228.34702,107.841805,276.0
106.592064,-228.58743,107.06035,274.0
101.83762,-228.73106,106.278885,272.0
99.98824,-235.5575,108.62327,278.0
92.75852,-229.58537,105.10669,269.0
87.74793,-228.59117,103.934494,266.0
83.7451,-230.08777,103.934494,266.0
81.51488,-236.7364,106.278885,272.0
74.810776,-230.24391,102.76231,263.0
69.9737,-228.87361,101.59011,260.0
65.71492,-229.17513,101.19938,259.0
62.181736,-232.06538,101.98084,261.0
57.00871,-228.64944,100.02718,256.0
53.00954,-229.60956,100.02718,256.0
48.802837,-229.59935,99.63645,255.0
44.61273,-229.51251,99.24572,254.0
40.760227,-231.16267,99.63645,255.0
40.293427,-228.51534,103.3111,254.0
44.101124,-226.88055,102.904366,253.0
48.053997,-226.07632,102.904366,253.0
56.92433,-246.56639,112.66604,277.0
56.13569,-225.14795,103.3111,254.0
60.29296,-225.01637,103.717834,255.0
64.21086,-223.92984,103.717834,255.0
74.51948,-243.74217,113.479515,279.0
72.269066,-222.42134,104.12457,256.0
76.139854,-221.1262,104.12457,256.0
80.2999,-220.62215,104.53131,257.0
87.084526,-226.86293,108.19194,266.0
87.95059,-217.68532,104.53131,257.0
92.093285,-216.95815,104.93805,258.0
95.86568,-215.31786,104.93805,258.0
101.925385,-218.5797,107.37846,264.0
104.92366,-215.12538,106.564995,262.0
108.2474,-212.44746,106.15826,261.0
111.93864,-210.52592,106.15826,261.0
115.59575,-208.54028,106.15826,261.0
122.415085,-212.02916,109.00541,268.0
124.21482,-206.72818,107.37846,264.0
128.77202,-206.07831,108.19194,266.0
132.84653,-204.5657,108.59868,267.0
140.99408,-209.03233,112.25931,276.0
140.42883,-200.55315,109.00541,268.0
144.98152,-199.54993,109.818886,270.0
148.99184,-197.71886,110.225624,271.0
156.35686,-200.12766,113.07278,278.0
158.10103,-195.2385,111.85257,275.0
162.07153,-193.14934,112.25931,276.0
167.21579,-192.35976,113.479515,279.0
171.77002,-190.76994,114.29299,281.0
175.69629,-188.41121,114.69972,282.0
180.22697,-186.6305,115.5132,284.0
184.74861,-184.74863,116.326675,286.0
191.8877,-185.30379,118.76709,292.0
199.10121,-185.66487,121.20751,298.0
194.16441,-174.82643,116.326675,286.0
199.94383,-173.80853,117.95362,290.0
206.44585,-173.22862,119.987305,295.0
220.79698,-178.79788,126.49509,311.0
222.44405,-173.79234,125.68162,309.0
229.09122,-172.63261,127.715294,314.0
235.02547,-170.75601,129.34224,318.0
245.45311,-171.86812,133.4096,328.0
248.41524,-167.55818,133.4096,328.0
254.36635,-165.18744,135.03656,332.0
261.08417,-163.1435,137.07024,337.0
269.3731,-161.85567,139.91739,344.0
274.5303,-158.50014,141.1376,347.0
282.84772,-156.78505,143.98476,354.0
290.38058,-154.3981,146.42519,360.0
298.72882,-152.20993,149.27234,367.0
310.37173,-151.3784,153.74644,378.0
312.13843,-145.55254,153.3397,377.0
314.63113,-140.08281,153.3397,377.0
317.02798,-134.57039,153.3397,377.0
326.10446,-131.75476,156.5936,385.0
321.5313,-123.42431,153.3397,377.0
324.49484,-118.10646,153.74644,378.0
326.50665,-112.425255,153.74644,378.0
332.76318,-108.121315,155.78012,383.0
331.10498,-101.22894,154.15318,379.0
332.82123,-95.43495,154.15318,379.0
335.3185,-89.84833,154.5599,380.0
339.49475,-84.645546,155.78012,383.0
337.35977,-77.88564,154.15318,379.0
339.56128,-72.17598,154.5599,380.0
340.7692,-66.23882,154.5599,380.0
345.472,-60.916035,156.18686,384.0
343.7756,-54.44871,154.96664,381.0
342.8642,-48.18642,154.15318,379.0
346.37317,-42.529278,155.37338,382.0
347.06265,-36.477757,155.37338,382.0
351.28668,-30.733603,157.00034,386.0
349.94693,-24.470673,156.18686,384.0
348.49612,-18.263908,155.37338,382.0
349.67477,-12.210912,155.78012,383.0
358.9687,-6.265822,159.84749,393.0
349.8879,0.0,155.78012,383.0
349.83463,6.106386,155.78012,383.0
352.41373,12.306559,157.00034,386.0
355.79446,18.646399,158.62727,390.0
349.94693,24.470673,156.18686,384.0
351.28668,30.733603,157.00034,386.0
348.87973,36.66874,156.18686,384.0
351.8136,43.197277,157.81381,388.0
350.10144,49.20355,157.40707,387.0
350.0917,55.44908,157.81381,388.0
349.07068,61.550575,157.81381,388.0
348.84006,67.80764,158.22055,389.0
347.60352,73.885414,158.22055,389.0
347.15125,80.14617,158.62727,390.0
345.69962,86.1926,158.62727,390.0
345.02512,92.4492,159.03401,391.0
344.23724,98.70844,159.44075,392.0
341.5885,104.43408,159.03401,391.0
339.71384,110.37972,159.03401,391.0
337.73572,116.29173,159.03401,391.0
340.80542,124.04302,161.47444,397.0
334.3243,128.33508,159.44075,392.0
332.03366,134.1503,159.44075,392.0
329.64185,139.92465,159.44075,392.0
323.81134,144.1701,157.81381,388.0
288.12778,134.35619,141.54434,348.0
261.92746,127.75056,129.74898,319.0
236.86671,120.68961,118.36035,291.0
218.59206,116.22746,110.225624,271.0
196.5552,108.952324,100.057205,246.0
182.75647,105.5145,93.95616,231.0
168.35818,101.1598,87.44837,215.0
154.9461,96.82107,81.34732,200.0
145.5711,94.53498,77.27996,190.0
134.81071,90.93097,72.39912,178.0
125.71989,88.03001,68.33175,168.0
118.99088,86.45194,65.4846,161.0
113.81602,85.76652,63.450912,156.0
106.54278,83.24034,60.197018,148.0
98.68418,79.91288,56.53639,139.0
76.97981,64.59373,44.741028,110.0
74.461845,64.72869,43.927555,108.0
67.21076,60.516846,40.266926,99.0
62.803738,58.56543,38.233242,94.0
59.143463,57.11418,36.606297,90.0
57.491703,57.491707,36.19956,89.0
52.037365,53.88627,33.3524,82.0
49.219883,52.781864,32.13219,79.0
49.51378,54.990623,32.945667,81.0
40.155766,46.19392,27.251352,67.0
36.407375,43.38862,25.21767,62.0
34.49477,42.59749,24.404198,60.0
33.18365,42.473137,23.99746,59.0
34.086693,45.23457,25.21767,62.0
31.144178,42.86628,23.590725,58.0
30.391314,43.403294,23.590725,58.0
31.161736,46.199177,24.810932,61.0
29.853153,45.969822,24.404198,60.0
29.530428,47.25856,24.810932,61.0
28.701153,47.76674,24.810932,61.0
27.406363,47.469215,24.404198,60.0
26.573736,47.940292,24.404198,60.0
23.159718,43.55709,21.963778,54.0
18.248604,35.8149,17.896412,44.0
19.222654,39.412285,19.523357,48.0
19.69013,42.22562,20.743567,51.0
16.720758,37.55544,18.303148,45.0
14.278028,33.63692,16.269464,40.0
13.004367,32.186935,15.455991,38.0
15.387116,40.084805,19.116621,47.0
11.873136,32.621174,15.455991,38.0
11.004588,31.959646,15.049255,37.0
10.445139,32.146835,15.049255,37.0
11.217986,36.69237,17.082937,42.0
9.568677,33.369938,15.455991,38.0
8.039062,30.002184,13.829045,34.0
8.177246,32.797142,15.049255,37.0
8.22012,35.605255,16.269464,40.0
7.977343,37.530457,17.082937,42.0
6.623884,34.07692,15.455991,38.0
6.345422,35.986668,16.269464,40.0
5.823013,33.02394,15.636875,37.0
5.879679,30.248316,14.369021,34.0
6.406686,30.141094,14.369021,34.0
7.54337,32.67393,15.636875,37.0
7.67395,30.77853,14.791639,35.0
9.14822,34.141617,16.482113,39.0
9.742681,33.97676,16.482113,39.0
11.12911,36.40167,17.749968,42.0
10.64245,32.754097,16.059494,38.0
10.032208,29.135649,14.369021,34.0
10.539168,28.956125,14.369021,34.0
12.991667,33.844448,16.90473,40.0
11.203794,27.73036,13.946402,33.0
11.68605,27.530603,13.946402,33.0
12.164743,27.32246,13.946402,33.0
14.937866,32.03436,16.482113,39.0
13.905472,28.510443,14.791639,35.0
15.635296,30.685993,16.059494,38.0
14.041031,26.407335,13.946402,33.0
21.09056,38.048386,20.285675,48.0
19.032463,32.965195,17.749968,42.0
18.671322,31.074297,16.90473,40.0
16.809448,26.900742,14.791639,35.0
18.757204,28.883558,16.059494,38.0
18.751633,27.80044,15.636875,37.0
19.233961,27.468943,15.636875,37.0
20.775862,28.595516,16.482113,39.0
23.998903,31.847622,18.595203,44.0
24.551067,31.423931,18.595203,44.0
23.955036,29.582005,17.749968,42.0
23.302538,27.770882,16.90473,40.0
26.756615,30.779963,19.01782,45.0
25.470407,28.287754,17.749968,42.0
25.960218,27.838926,17.749968,42.0
31.478716,32.597164,21.130913,50.0
38.45138,38.451385,25.357096,60.0
33.249107,32.108288,21.553532,51.0
35.130074,32.759323,22.398767,53.0
36.36997,32.74767,22.821386,54.0
40.35595,35.080894,24.934477,59.0
37.490692,31.458424,22.821386,54.0
40.147003,32.510406,24.08924,57.0
42.13664,32.92075,24.934477,59.0
43.428577,32.725777,25.357096,60.0
38.127357,27.701147,21.976149,52.0
40.832214,28.591024,23.244003,55.0
42.827705,28.88765,24.08924,57.0
49.40609,32.08469,27.470186,65.0
46.884148,29.296467,25.779713,61.0
48.942017,29.40733,26.62495,63.0
49.447792,28.548697,26.62495,63.0
69.75537,38.66603,37.190407,88.0
67.21867,35.740803,35.49993,84.0
71.86983,36.619507,37.613026,89.0
78.200066,38.14072,40.57135,96.0
84.60356,39.45129,43.52968,103.0
103.49417,46.078575,52.827282,125.0
114.29372,48.514805,57.8987,137.0
122.68584,49.568295,61.702267,146.0
129.45502,49.693127,64.66059,153.0
133.70917,48.666157,66.35107,157.0
142.25052,48.98078,70.15463,166.0
149.11734,48.45116,73.11295,173.0
158.60728,48.49111,77.33914,183.0
168.1414,48.21377,81.56532,193.0
178.58693,47.852222,86.21413,204.0
189.06812,47.139977,90.86292,215.0
203.10822,46.891224,97.202194,230.0
216.30669,45.977406,103.11885,244.0
233.08997,45.3081,110.72598,262.0
250.80344,44.22341,118.75573,281.0
276.60123,43.809334,130.58904,309.0
310.53073,43.642246,146.22592,346.0
336.43256,41.308723,158.05922,374.0
339.80627,35.71508,159.32709,377.0
341.2807,29.858192,159.7497,378.0
346.27032,24.21358,161.8628,383.0
340.30472,17.834616,158.90446,376.0
340.56415,11.892762,158.90446,376.0
339.81366,5.931469,158.48184,375.0
346.20956,0.0,161.44017,382.0
338.9075,-5.915652,158.05922,374.0
338.75262,-11.829502,158.05922,374.0
337.5895,-17.692316,157.63661,373.0
341.74982,-23.897476,159.7497,378.0
336.76642,-29.463243,157.63661,373.0
335.29956,-35.241405,157.21399,372.0
335.53302,-41.198273,157.63661,373.0
336.55786,-47.300125,158.48184,375.0
332.99567,-52.741333,157.21399,372.0
331.13196,-58.387493,156.79137,371.0
330.0625,-64.15765,156.79137,371.0
329.77905,-70.0967,157.21399,372.0
325.85623,-75.229836,155.94614,369.0
326.2524,-81.343864,156.79137,371.0
323.90765,-86.790794,156.36876,370.0
323.2148,-92.68036,156.79137,371.0
320.6814,-98.04214,156.36876,370.0
318.0595,-103.3438,155.94614,369.0
316.2075,-108.87897,155.94614,369.0
314.25912,-114.38097,155.94614,369.0
313.06116,-120.17292,156.36876,370.0
308.39523,-124.599754,155.10089,367.0
307.00793,-130.31714,155.52351,368.0
303.8589,-135.2867,155.10089,367.0
307.2013,-143.2503,158.05922,374.0
298.13776,-145.4115,154.67828,366.0
294.74704,-150.18112,154.25566,365.0
292.88135,-155.72778,154.67828,366.0
294.87497,-163.45186,157.21399,372.0
288.053,-166.30748,155.10089,367.0
285.10666,-171.30936,155.10089,367.0
282.0735,-176.25908,155.10089,367.0
279.71448,-181.64871,155.52351,368.0
274.2476,-184.98232,154.25566,365.0
271.71982,-190.26027,154.67828,366.0
267.62473,-194.44075,154.25566,365.0
266.36194,-200.71811,155.52351,368.0
263.53253,-205.89418,155.94614,369.0
257.0817,-208.18066,154.25566,365.0
253.4093,-212.63564,154.25566,365.0
250.3437,-217.62045,154.67828,366.0
253.91626,-228.62724,159.32709,377.0
241.93352,-225.60666,154.25566,365.0
237.30734,-229.16504,153.83304,364.0
233.27171,-233.27173,153.83304,364.0
229.79462,-237.95929,154.25566,365.0
218.18945,-233.97954,149.18425,353.0
210.43408,-233.71074,146.64853,347.0
202.75568,-233.24371,144.11282,341.0
196.32387,-233.96968,142.42235,337.0
188.21814,-232.43002,139.46402,330.0
181.34311,-232.1086,137.35094,325.0
174.53749,-231.61906,135.23784,320.0
168.33774,-231.697,133.54736,316.0
162.70892,-232.3724,132.27951,313.0
155.08107,-229.91714,129.32118,306.0
149.56403,-230.30838,128.05333,303.0
143.60072,-229.80919,126.362854,299.0
140.96848,-234.61093,127.630714,302.0
132.77408,-229.97148,123.82715,293.0
126.98276,-229.08298,122.13667,289.0
121.688934,-228.86357,120.86882,286.0
120.96781,-237.41269,124.24976,294.0
111.641075,-228.89812,118.75573,281.0
106.48018,-228.34747,117.48788,278.0
102.47874,-230.17104,117.48788,278.0
98.44611,-231.92447,117.48788,278.0
93.025444,-230.24602,115.7974,274.0
88.34334,-230.14224,114.95216,272.0
84.003365,-230.79735,114.52955,271.0
79.667534,-231.37134,114.106926,270.0
75.33734,-231.86453,113.68431,269.0
71.01432,-232.27733,113.26169,268.0
66.45007,-231.73892,112.41646,266.0
62.16098,-231.98792,111.993835,265.0
58.979782,-236.555,113.68431,269.0
53.619095,-232.24983,111.1486,263.0
49.18074,-231.37723,110.30337,261.0
44.96225,-231.31065,109.880745,260.0
42.33488,-240.09297,113.68431,269.0
40.26709,-228.36595,113.099754,258.0
44.41799,-228.5107,113.53813,259.0
48.2124,-226.82153,113.099754,258.0
58.22918,-252.2183,126.25089,288.0
56.53387,-226.74496,113.9765,260.0
60.249886,-224.8556,113.53813,259.0
64.41273,-224.63383,113.9765,260.0
69.37445,-226.91354,115.72999,264.0
72.76856,-223.95863,114.85324,262.0
76.37348,-221.8047,114.41487,261.0
80.847694,-222.1272,115.29161,263.0
84.712036,-220.68239,115.29161,263.0
90.57074,-224.17043,117.921844,269.0
92.71333,-218.41888,115.72999,264.0
96.51112,-216.76756,115.72999,264.0
101.03924,-216.67935,116.60673,266.0
107.95747,-221.34563,120.11369,274.0
109.35579,-214.6228,117.48347,268.0
112.662865,-211.888,117.0451,267.0
117.215126,-211.4617,117.921844,269.0
123.584175,-214.05408,120.55207,275.0
125.44946,-208.78297,118.798584,271.0
129.55042,-207.32399,119.23695,272.0
133.6385,-205.78525,119.67532,273.0
138.2148,-204.91187,120.55207,275.0
141.76996,-202.46846,120.55207,275.0
145.81023,-200.69054,120.99044,276.0
150.91327,-200.26866,122.30555,279.0
154.38545,-197.60435,122.30555,279.0
160.63876,-198.37233,124.497406,284.0
163.49863,-194.85008,124.05904,283.0
168.64333,-194.00194,125.37415,286.0
173.20625,-192.36504,126.25089,288.0
185.73175,-199.17291,132.82646,303.0
183.56032,-190.08226,128.88112,294.0
188.75638,-188.75638,130.19623,297.0
193.31496,-186.68208,131.07297,299.0
202.4596,-188.79663,135.01831,308.0
203.05197,-182.82883,133.26483,304.0
208.24684,-181.02621,134.57994,307.0
213.44002,-179.09744,135.89507,310.0
220.02565,-178.17326,138.08691,315.0
225.93474,-176.51956,139.8404,319.0
231.85226,-174.7132,141.59389,323.0
237.04753,-172.22511,142.909,326.0
244.43466,-171.15498,145.53923,332.0
251.8553,-169.87854,148.16945,338.0
255.53552,-165.94672,148.60782,339.0
261.44165,-163.36688,150.36131,343.0
267.33466,-160.63086,152.11479,347.0
276.32434,-159.53595,155.62177,355.0
275.13605,-152.51039,153.4299,350.0
276.16864,-146.84148,152.55316,348.0
280.291,-142.81538,153.4299,350.0
288.39557,-140.65991,156.4985,357.0
284.28983,-132.56653,152.99153,349.0
286.56015,-127.58479,152.99153,349.0
287.9158,-122.213005,152.55316,348.0
290.83823,-117.50626,152.99153,349.0
293.68378,-112.73464,153.4299,350.0
294.76196,-107.28458,152.99153,349.0
297.43927,-102.41655,153.4299,350.0
301.7458,-98.04315,154.74501,353.0
307.70853,-94.075935,156.93687,358.0
304.11966,-87.2049,154.30664,352.0
305.59528,-81.88401,154.30664,352.0
306.97778,-76.53816,154.30664,352.0
317.90015,-73.393036,159.12872,363.0
310.3411,-65.965034,154.74501,353.0
311.44507,-60.53879,154.74501,353.0
312.4542,-55.0941,154.74501,353.0
320.46994,-50.757454,158.25198,361.0
315.07666,-44.281136,155.1834,354.0
314.9094,-38.66601,154.74501,353.0
317.32397,-33.352097,155.62177,355.0
321.4392,-28.122288,157.37524,359.0
319.19125,-22.320026,156.06013,356.0
319.53217,-16.745972,156.06013,356.0
319.77576,-11.166816,156.06013,356.0
321.71927,-5.615631,156.93687,358.0
319.0719,0.0,155.62177,355.0
319.0233,5.568572,155.62177,355.0
319.77576,11.166816,156.06013,356.0
320.42972,16.79301,156.4985,357.0
318.29465,22.25733,155.62177,355.0
319.64847,27.965616,156.4985,357.0
319.11172,33.539993,156.4985,357.0
319.36984,39.213688,156.93687,358.0
321.30698,45.15675,158.25198,361.0
318.6945,50.47625,157.37524,359.0
317.765,56.030544,157.37524,359.0
320.26788,62.25377,159.12872,363.0
321.77008,68.39435,160.44385,366.0
317.0244,73.19085,158.69035,362.0
313.95456,78.277664,157.81361,360.0
314.27695,84.21026,158.69035,362.0
319.67123,91.664246,162.19733,370.0
311.1466,95.12706,158.69035,362.0
312.00345,101.37606,160.00548,365.0
310.18665,106.80583,160.00548,365.0
312.49835,113.7401,162.19733,370.0
306.27023,117.56613,160.00548,365.0
303.33844,122.55668,159.5671,364.0
301.15332,127.83199,159.5671,364.0
302.16083,134.53067,161.32059,368.0
289.17734,134.84561,155.62177,355.0
260.92932,127.26373,141.59389,323.0
234.64359,119.55688,128.44275,293.0
213.47517,113.50677,117.921844,269.0
196.52574,108.936,109.59279,250.0
180.5838,104.26011,101.70211,232.0
165.63963,99.52632,94.2498,215.0
154.73077,96.68652,88.98934,203.0
146.98946,95.45608,85.482376,195.0
134.86926,90.97046,79.34518,181.0
126.63483,88.670654,75.39984,172.0
118.523766,86.11256,71.4545,163.0
116.285034,87.62705,71.01613,162.0
106.94717,83.55628,66.194046,151.0
101.281654,82.016266,63.563816,145.0
95.70375,80.30498,60.93359,139.0
97.6793,84.91132,63.125446,144.0
84.1597,75.77774,55.234764,126.0
65.0763,60.684628,43.398743,99.0
60.774605,58.68935,41.20689,94.0
61.647705,61.64771,42.522003,97.0
53.07016,54.955757,37.261547,85.0
52.102966,55.87359,37.261547,85.0
40.89592,45.41952,29.809238,68.0
42.45566,48.83965,31.562723,72.0
36.39722,43.37652,27.617382,63.0
34.503395,42.608143,26.74064,61.0
32.64782,41.7873,25.863897,59.0
32.995373,43.78634,26.74064,61.0
29.056385,39.99268,24.110415,55.0
29.385044,41.96619,24.987156,57.0
30.155954,44.708042,26.302269,60.0
30.350138,46.73511,27.179012,62.0
29.053585,46.495457,26.74064,61.0
29.163528,48.536263,27.617382,63.0
26.065025,45.14595,25.425528,58.0
22.658686,40.877357,22.7953,52.0
21.519873,40.47299,22.35693,51.0
20.402199,40.04157,21.918558,50.0
19.70027,40.391537,21.918558,50.0
18.612492,39.91462,21.480186,49.0
14.622898,32.84357,17.534845,40.0
14.047475,33.09377,17.534845,40.0
14.477851,35.833935,18.84996,43.0
12.88396,33.56386,17.534845,40.0
13.52585,37.161964,19.28833,44.0
13.167842,38.24219,19.726702,45.0
11.942932,36.75657,18.84996,43.0
11.036844,36.09988,18.411589,42.0
10.900615,38.014957,19.28833,44.0
10.002877,37.33124,18.84996,43.0
9.784708,39.24432,19.726702,45.0
10.109233,43.787903,21.918558,50.0
8.969748,42.199356,21.041815,48.0
6.516926,33.526665,16.658104,38.0
5.930811,33.635296,16.658104,38.0
5.415259,30.711454,15.889668,35.0
5.780412,29.73763,15.435678,34.0
6.483772,30.503756,15.889668,35.0
8.418179,36.463142,19.067602,42.0
9.053267,36.310673,19.067602,42.0
11.299864,42.171665,22.245537,49.0
13.01652,45.393993,24.061499,53.0
14.327783,46.864056,24.969479,55.0
13.49147,41.52248,22.245537,49.0
13.633917,39.59577,21.337555,47.0
14.627625,40.189068,21.791546,48.0
17.242643,44.918617,24.515488,54.0
12.683524,31.39282,17.25164,38.0
13.229473,31.16668,17.25164,38.0
12.684174,28.489124,15.889668,35.0
16.568447,35.53115,19.975582,44.0
14.842479,30.431591,17.25164,38.0
15.775832,30.961811,17.70563,39.0
19.660206,36.975468,21.337555,47.0
21.598425,38.964596,22.699526,50.0
21.384155,37.038445,21.791546,48.0
19.732798,32.840893,19.521593,43.0
20.775106,33.24712,19.975582,44.0
20.866909,32.13222,19.521593,43.0
20.92627,31.024471,19.067602,42.0
20.442413,29.194792,18.15962,40.0
20.94882,28.833576,18.15962,40.0
26.811054,35.57947,22.699526,50.0
21.393778,27.382786,17.70563,39.0
20.746958,25.620358,16.79765,37.0
22.33639,26.619473,17.70563,39.0
25.135775,28.9154,19.521593,43.0
23.25179,25.823729,17.70563,39.0
29.16792,31.278765,21.791546,48.0
29.090422,30.124012,21.337555,47.0
32.131874,32.131874,23.153517,51.0
30.76495,29.709366,21.791546,48.0
32.582047,30.383247,22.699526,50.0
35.75593,32.194786,24.515488,54.0
45.726677,39.749596,30.871355,68.0
41.635586,34.936405,27.693422,61.0
41.546528,33.643715,27.239431,60.0
40.723118,31.816385,26.33145,58.0
45.541725,34.31815,29.055393,64.0
39.646168,28.804626,24.969479,55.0
39.41297,27.597258,24.515488,54.0
40.627285,27.403448,24.969479,55.0
47.8247,31.057724,29.055393,64.0
45.336983,28.32969,27.239431,60.0
46.58824,27.993038,27.693422,61.0
45.52642,26.284693,26.78544,59.0
70.91556,39.309135,41.313137,91.0
66.87052,35.55569,38.589195,85.0
69.86255,35.596745,39.951164,88.0
75.278145,36.715607,42.67511,94.0
107.40098,50.081898,60.38074,133.0
105.81674,47.11265,59.01877,130.0
111.543915,47.34758,61.74271,136.0
118.962265,48.063877,65.37463,144.0
130.59673,50.131386,71.27651,157.0
130.61447,47.53978,70.822525,156.0
139.84889,48.153835,75.36243,166.0
147.44717,47.908493,78.994354,174.0
163.59816,50.016975,87.16618,192.0
168.72862,48.382153,89.436134,197.0
180.7357,48.427986,95.33801,210.0
193.65692,48.284092,101.69388,224.0
210.96533,48.70518,110.319695,243.0
228.3424,48.53568,118.94552,262.0
244.0235,47.433365,126.66336,279.0
267.6284,47.190105,138.46712,305.0
299.2125,47.390602,154.35678,340.0
314.11136,44.145473,161.62062,356.0
315.71832,38.76534,162.07462,357.0
316.3468,33.24939,162.07462,357.0
316.8789,27.72331,162.07462,357.0
318.2033,22.250942,162.52861,358.0
316.7636,16.600878,161.62062,356.0
317.0051,11.070062,161.62062,356.0
316.25912,5.520324,161.16664,355.0
318.98032,0.0,162.52861,358.0
316.25912,-5.520324,161.16664,355.0
315.22415,-11.00787,160.71265,354.0
314.09424,-16.460983,160.25865,353.0
324.42517,-22.686016,165.70654,365.0
312.44083,-27.33503,159.80467,352.0
313.68842,-32.969982,160.71265,354.0
313.06525,-38.43958,160.71265,354.0
321.17004,-45.137505,165.25255,364.0
309.77292,-49.063213,159.80467,352.0
309.74695,-54.61674,160.25865,353.0
306.12268,-59.50422,158.89668,350.0
310.26678,-65.94924,161.62062,356.0
303.85953,-70.1515,158.89668,350.0
303.45346,-75.65945,159.35068,351.0
301.22617,-80.71331,158.89668,350.0
301.48462,-86.449326,159.80467,352.0
298.22583,-91.17678,158.89668,350.0
296.58914,-96.36765,158.89668,350.0
293.1772,-100.949005,157.98871,348.0
292.208,-106.35502,158.44269,349.0
290.30734,-111.43856,158.44269,349.0
287.49216,-116.154366,157.98871,348.0
285.42117,-121.1541,157.98871,348.0
283.26328,-126.11694,157.98871,348.0
286.67178,-133.67725,161.16664,355.0
277.8885,-135.53526,157.53471,347.0
276.27463,-140.76895,157.98871,348.0
273.7758,-145.56917,157.98871,348.0
278.20718,-154.21277,162.07462,357.0
268.52872,-155.03514,157.98871,348.0
265.7821,-159.69798,157.98871,348.0
262.19888,-163.84004,157.53471,347.0
262.28857,-170.3322,159.35068,351.0
257.0599,-173.38908,157.98871,348.0
253.26482,-177.33794,157.53471,347.0
250.13127,-181.73102,157.53471,347.0
247.63313,-186.60493,157.98871,348.0
243.63658,-190.34976,157.53471,347.0
239.58496,-194.01208,157.08072,346.0
236.84506,-198.73659,157.53471,347.0
234.013,-203.4244,157.98871,348.0
232.41354,-209.26611,159.35068,351.0
225.46776,-210.25208,157.08072,346.0
221.764,-214.15501,157.08072,346.0
217.9927,-217.99272,157.08072,346.0
218.48764,-226.25056,160.25865,353.0
210.25208,-225.46776,157.08072,346.0
205.6889,-228.44067,156.62672,345.0
201.0862,-231.3232,156.17274,344.0
197.01842,-234.79741,156.17274,344.0
187.84407,-231.9681,152.08682,335.0
181.57283,-232.40262,150.27086,331.0
174.80807,-231.97816,148.00092,326.0
168.638,-232.11029,146.18495,322.0
162.00613,-231.36873,143.915,317.0
154.95404,-229.72882,141.19106,311.0
149.4653,-230.15636,139.82909,308.0
143.53711,-229.70738,138.01312,304.0
139.9652,-232.94121,138.46712,305.0
132.31445,-229.17538,134.83519,297.0
127.4307,-229.8911,133.9272,295.0
122.14426,-229.71991,132.56523,292.0
120.13903,-235.7861,134.83519,297.0
111.318596,-228.23694,129.3873,285.0
106.941795,-229.33742,128.9333,284.0
101.47339,-227.913,127.11735,280.0
98.87291,-232.92993,128.9333,284.0
92.78999,-229.66325,126.209366,278.0
88.12907,-229.58405,125.301384,276.0
83.8041,-230.24986,124.8474,275.0
79.482834,-230.83492,124.3934,274.0
74.891426,-230.49214,123.48542,272.0
70.59689,-230.91199,123.03143,271.0
66.31057,-231.25241,122.57744,270.0
62.495167,-233.23512,123.03143,271.0
58.41513,-234.29028,123.03143,271.0
53.916435,-233.53775,122.12345,269.0
49.64717,-233.57162,121.669464,268.0
45.563248,-234.4025,121.669464,268.0
42.393745,-240.4268,124.3934,274.0
40.783726,-231.29594,124.87945,266.0
44.645714,-229.6822,124.40997,265.0
48.830975,-229.7317,124.87945,266.0
61.37357,-265.83817,145.06673,309.0
56.818756,-227.88759,124.87945,266.0
60.787296,-226.86125,124.87945,266.0
64.98069,-226.61456,125.34892,267.0
70.216515,-229.66782,127.69627,272.0
73.122665,-225.04846,125.81839,268.0
77.03917,-223.738,125.81839,268.0
80.93221,-222.35942,125.81839,268.0
85.11701,-221.7374,126.287865,269.0
91.61997,-226.76735,130.04364,277.0
92.803696,-218.63177,126.287865,269.0
96.24606,-216.17221,125.81839,268.0
100.750435,-216.06001,126.75733,270.0
106.82822,-219.03029,129.57416,276.0
107.828606,-211.62553,126.287865,269.0
111.92008,-210.49103,126.75733,270.0
116.00465,-209.27795,127.22681,271.0
123.17118,-213.33876,130.98257,279.0
124.14719,-206.61563,128.16576,273.0
127.73422,-204.41748,128.16576,273.0
132.24413,-203.63808,129.10469,275.0
136.76543,-202.76309,130.04364,277.0
140.78975,-201.06859,130.5131,278.0
145.3154,-200.00948,131.45206,280.0
149.31528,-198.14807,131.92152,281.0
153.83789,-196.90352,132.86046,283.0
158.36223,-195.56105,133.79941,285.0
162.8862,-194.12022,134.73836,287.0
166.82854,-191.91426,135.20782,288.0
172.51572,-191.59811,137.08571,292.0
181.85498,-195.0156,141.78043,302.0
182.16403,-188.63638,139.43306,297.0
187.30145,-187.30147,140.84148,300.0
191.81207,-185.23077,141.78043,302.0
201.47305,-187.87666,146.47514,312.0
202.09663,-181.96863,144.59726,308.0
207.24075,-180.15164,146.00568,311.0
213.05878,-178.77754,147.88356,315.0
219.57732,-177.81021,150.23091,320.0
223.34286,-174.49457,150.70038,321.0
229.87997,-173.22697,153.04774,326.0
235.72546,-171.26457,154.92563,330.0
241.57161,-169.15027,156.80351,334.0
245.9509,-165.89597,157.74246,336.0
248.80872,-161.57828,157.74246,336.0
251.59076,-157.21135,157.74246,336.0
253.53932,-152.34178,157.273,335.0
263.04132,-151.86699,161.49823,344.0
260.246,-144.25671,158.21193,337.0
261.9444,-139.2783,157.74246,336.0
265.12195,-135.08638,158.21193,337.0
273.78787,-133.53526,161.9677,345.0
270.47513,-126.12462,158.6814,338.0
273.4417,-121.7441,159.15088,339.0
275.5248,-116.95334,159.15088,339.0
279.16125,-112.788475,160.08981,341.0
279.43857,-107.26642,159.15088,339.0
280.4384,-102.07121,158.6814,338.0
283.0119,-97.44881,159.15088,339.0
287.1887,-93.31327,160.5593,342.0
287.08478,-87.770615,159.62035,340.0
288.57285,-82.74693,159.62035,340.0
290.8259,-77.92657,160.08981,341.0
292.1416,-72.83908,160.08981,341.0
295.08896,-68.126656,161.02876,343.0
293.64203,-62.415543,159.62035,340.0
295.55334,-57.44975,160.08981,341.0
296.51096,-52.282883,160.08981,341.0
302.61072,-47.928833,162.90665,347.0
298.15497,-41.90295,160.08981,341.0
298.84088,-36.693047,160.08981,341.0
300.31384,-31.564259,160.5593,342.0
307.85568,-26.933882,164.31506,350.0
302.11328,-21.125818,161.02876,343.0
301.55423,-15.803788,160.5593,342.0
302.66653,-10.569348,161.02876,343.0
306.33615,-5.347117,162.90665,347.0
302.851,0.0,161.02876,343.0
303.6877,5.300889,161.49823,344.0
303.54895,10.600162,161.49823,344.0
305.96292,16.034838,162.90665,347.0
301.23248,21.064228,160.5593,342.0
302.57816,26.472158,161.49823,344.0
303.8263,31.933432,162.43718,346.0
304.0991,37.338673,162.90665,347.0
302.52676,42.51736,162.43718,346.0
303.4828,48.066956,163.37611,348.0
301.72815,53.202816,162.90665,347.0
300.7537,58.460594,162.90665,347.0
299.68762,63.70057,162.90665,347.0
297.66992,68.72251,162.43718,346.0
297.28192,74.12071,162.90665,347.0
297.6488,79.75475,163.8456,349.0
298.75778,85.66741,165.254,352.0
294.68408,90.093956,163.8456,349.0
292.2271,94.95034,163.37611,348.0
292.19516,100.61086,164.31506,350.0
295.37296,107.50696,167.1319,356.0
286.8573,110.114204,163.37611,348.0
286.52914,115.7653,164.31506,350.0
283.65237,120.40329,163.8456,349.0
281.50784,125.33537,163.8456,349.0
270.47513,126.12462,158.6814,338.0
246.01228,119.988205,145.5362,310.0
223.42622,113.84134,133.32994,284.0
208.15225,110.67651,125.34892,267.0
190.74411,105.731186,115.95949,247.0
175.87065,101.53897,107.97847,230.0
161.96243,97.31684,100.46693,214.0
153.5003,95.91764,96.24168,205.0
141.43591,91.849556,89.669075,191.0
131.75941,88.87284,84.50489,180.0
125.84869,88.1202,81.68806,174.0
120.00569,87.18924,78.87123,168.0
110.70907,83.42526,73.70704,157.0
105.0616,82.083115,70.89021,151.0
100.18215,81.12591,68.542854,146.0
94.692795,79.45668,65.72603,140.0
89.959816,78.200874,63.378666,135.0
83.98821,75.62333,60.092365,128.0
80.072624,74.66893,58.214478,124.0
62.87879,60.721344,46.477688,99.0
56.190437,56.19044,42.252445,90.0
52.747837,54.621983,40.374557,86.0
49.377842,52.951252,38.496674,82.0
37.220856,41.33795,29.576712,63.0
37.073006,42.647614,30.046183,64.0
34.052864,40.582626,28.168297,60.0
32.78376,40.48457,27.698826,59.0
30.985018,39.659016,26.759882,57.0
30.819525,40.89889,27.229353,58.0
29.582064,40.716217,26.759882,57.0
29.879839,42.67283,27.698826,59.0
30.11802,44.6518,28.637768,61.0
29.81504,45.911133,29.10724,62.0
28.073456,44.92692,28.168297,60.0
29.558855,49.194195,30.515654,65.0
30.020216,51.996544,31.924068,68.0
25.255625,45.56236,27.698826,59.0
24.042091,45.21659,27.229353,58.0
18.839943,36.975468,22.065165,47.0
19.352938,39.6794,23.47358,50.0
18.657488,40.011112,23.47358,50.0
16.16072,36.297573,21.126223,45.0
14.834792,34.948574,20.187279,43.0
13.230321,32.74619,18.778864,40.0
13.606066,35.44501,20.187279,43.0
13.589364,37.336468,21.126223,45.0
12.073303,35.06342,19.717808,42.0
11.459523,35.268787,19.717808,42.0
10.842255,35.463413,19.717808,42.0
10.221682,35.647236,19.717808,42.0
9.597994,35.820198,19.717808,42.0
11.107426,44.549454,24.412523,52.0
12.513058,54.200012,29.576712,63.0
10.83093,50.95553,27.698826,59.0
9.771515,50.27007,27.229353,58.0
8.279403,46.954815,25.351467,54.0
8.808817,49.95727,28.118956,58.0
10.180007,52.37158,29.573383,61.0
10.910618,51.330433,29.088575,60.0
12.591783,54.54101,31.027813,64.0
13.330149,53.464306,30.543003,63.0
14.261201,53.22352,30.543003,63.0
15.187908,52.966522,30.543003,63.0
16.877132,55.2026,31.997433,66.0
17.027157,52.404205,30.543003,63.0
17.939144,52.09906,30.543003,63.0
18.845667,51.77804,30.543003,63.0
19.746449,51.441254,30.543003,63.0
20.313578,50.277863,30.058193,62.0
21.529696,50.720776,30.543003,63.0
23.12309,51.935318,31.512623,65.0
24.765226,53.109203,32.482243,67.0
24.154709,49.52449,30.543003,63.0
25.01535,49.095387,30.543003,63.0
25.047157,47.106846,29.573383,61.0
25.44144,45.89758,29.088575,60.0
27.55052,47.718903,30.543003,63.0
26.126822,43.482334,28.118956,58.0
19.46607,31.152224,20.362001,42.0
19.054083,29.340712,19.392384,40.0
19.074165,28.278612,18.907574,39.0
19.56479,27.941416,18.907574,39.0
20.563543,28.303288,19.392384,40.0
23.686169,31.432608,21.816431,45.0
26.923485,34.460487,24.240479,50.0
26.970387,33.305653,23.755669,49.0
26.985348,32.159885,23.27086,48.0
30.411516,34.984447,25.694908,53.0
29.846975,33.148426,24.725288,51.0
29.824461,31.982819,24.240479,50.0
29.162973,30.19914,23.27086,48.0
30.922476,30.922478,24.240479,50.0
33.344887,32.200783,25.694908,53.0
36.460415,33.999886,27.634146,57.0
44.1979,39.795967,32.967052,68.0
49.50629,43.035164,36.360718,75.0
50.24982,42.164604,36.360718,75.0
48.938915,39.629955,34.90629,72.0
46.177055,36.07747,32.482243,67.0
42.608646,32.107918,29.573383,61.0
41.03977,29.817139,28.118956,58.0
40.837452,28.594692,27.634146,57.0
41.33028,27.877625,27.634146,57.0
43.27755,28.10477,28.603765,59.0
43.761456,27.345194,28.603765,59.0
47.230812,28.379133,30.543003,63.0
48.476345,27.987831,31.027813,64.0
66.55149,36.890095,42.178432,87.0
65.640686,34.90177,41.208813,85.0
70.13627,35.736214,43.632862,90.0
94.33236,46.008965,58.17715,120.0
99.084335,46.203785,60.601196,125.0
103.870636,46.246185,63.025246,130.0
110.29756,46.81854,66.418915,137.0
117.58533,47.507557,70.297386,145.0
124.112236,47.642223,73.691055,152.0
129.03418,46.964596,76.115105,157.0
138.10385,47.55297,80.963196,167.0
144.73543,47.027393,84.356865,174.0
154.73456,47.3071,89.68977,185.0
163.944,47.010185,94.537865,195.0
177.41173,47.53733,101.81001,210.0
189.24667,47.184494,108.11253,223.0
205.381,47.415936,116.83911,241.0
221.57635,47.09751,125.56568,259.0
238.67703,46.394115,134.77707,278.0
258.3997,45.562836,145.44287,300.0
285.07108,45.15082,159.98717,330.0
304.0039,42.72496,170.16817,351.0
293.41794,36.027195,163.86563,338.0
294.002,30.90086,163.86563,338.0
294.49655,25.765108,163.86563,338.0
301.88126,21.109594,167.74411,346.0
295.21634,15.471633,163.86563,338.0
295.44138,10.31704,163.86563,338.0
293.82748,5.128778,162.89601,336.0
299.11993,0.0,165.80487,342.0
293.82748,-5.128778,162.89601,336.0
293.6932,-10.255993,162.89601,336.0
293.46948,-15.380085,162.89601,336.0
294.90134,-20.621511,163.86563,338.0
291.88266,-25.536425,162.41121,335.0
290.5227,-30.535168,161.92639,334.0
289.94556,-35.600838,161.92639,334.0
290.14618,-40.777386,162.41121,335.0
287.66263,-45.561283,161.44159,333.0
287.685,-50.726624,161.92639,334.0
285.8973,-55.572807,161.44159,333.0
284.88388,-60.553944,161.44159,333.0
283.7837,-65.516624,161.44159,333.0
282.59705,-70.45936,161.44159,333.0
280.4795,-75.15426,160.95679,332.0
279.9659,-80.27893,161.44159,333.0
281.86783,-86.17564,163.38083,337.0
276.16183,-89.73042,160.95679,332.0
275.38074,-94.8212,161.44159,333.0
272.86206,-99.31367,160.95679,332.0
276.80295,-106.2547,164.35045,339.0
268.4189,-108.44828,160.47197,331.0
267.29044,-113.45806,160.95679,332.0
265.26962,-118.105644,160.95679,332.0
265.54602,-123.82614,162.41121,335.0
260.2001,-126.908066,160.47197,331.0
257.16632,-131.03278,159.98717,330.0
254.84032,-135.501,159.98717,330.0
254.73157,-141.20001,161.44159,333.0
249.95616,-144.31226,159.98717,330.0
246.6498,-148.20215,159.50235,329.0
244.76747,-152.9477,159.98717,330.0
242.7944,-157.67253,160.47197,331.0
238.55548,-160.9077,159.50235,329.0
235.7109,-165.04655,159.50235,329.0
233.50214,-169.64923,159.98717,330.0
230.50578,-173.69856,159.98717,330.0
232.9529,-182.00275,163.86563,338.0
224.30338,-181.6373,159.98717,330.0
221.09921,-185.52426,159.98717,330.0
217.82768,-189.35472,159.98717,330.0
218.38962,-196.6389,162.89601,336.0
211.08661,-196.84145,159.98717,330.0
207.6191,-200.49544,159.98717,330.0
202.85144,-202.85146,159.01755,328.0
201.71056,-208.8774,160.95679,332.0
196.24495,-210.44695,159.50235,329.0
191.95702,-213.18988,159.01755,328.0
188.78091,-217.1676,159.50235,329.0
185.52426,-221.0992,159.98717,330.0
181.08688,-223.62366,159.50235,329.0
177.15652,-226.75,159.50235,329.0
172.64584,-229.10878,159.01755,328.0
168.62106,-232.08696,159.01755,328.0
166.04988,-237.1438,160.47197,331.0
155.5278,-230.57945,154.16945,318.0
150.0509,-231.0581,152.71501,315.0
144.60509,-231.41652,151.26059,312.0
143.24706,-238.40315,154.16945,318.0
132.94218,-230.26265,147.38211,304.0
128.05525,-231.01782,146.41249,302.0
122.77213,-230.90077,144.95807,299.0
119.51779,-234.56685,145.92769,301.0
112.72197,-231.11429,142.53401,294.0
107.19278,-229.87566,140.59477,290.0
102.09734,-229.3144,139.14035,287.0
97.39624,-229.45113,138.17073,285.0
92.72166,-229.49413,137.20111,283.0
88.07543,-229.44432,136.23149,281.0
83.75852,-230.12463,135.74669,280.0
79.160034,-229.89745,134.77707,278.0
75.946526,-233.7394,136.23149,281.0
70.83281,-231.68362,134.29225,277.0
66.5375,-232.04381,133.80745,276.0
62.024902,-231.48007,132.83783,274.0
59.879875,-240.16505,137.20111,283.0
53.51508,-231.7993,131.86821,272.0
49.64331,-233.55347,132.35301,273.0
45.559704,-234.3843,132.35301,273.0
42.525326,-241.17303,135.74669,280.0
40.754,-231.12738,135.5,271.0
44.78153,-230.38092,135.5,271.0
48.795387,-229.56429,135.5,271.0
55.132168,-238.80368,141.5,283.0
56.98686,-228.56181,136.0,272.0
60.742996,-226.69592,135.5,271.0
64.92885,-226.43376,136.0,272.0
69.377174,-226.92247,137.0,274.0
76.27071,-234.73715,142.5,285.0
76.690475,-222.72533,136.0,272.0
80.86209,-222.16676,136.5,273.0
84.72713,-220.7217,136.5,273.0
94.40589,-233.66275,145.5,291.0
92.71698,-218.42747,137.0,274.0
96.51492,-216.7761,137.0,274.0
100.64949,-215.84354,137.5,275.0
106.299355,-217.94597,140.0,280.0
108.51418,-212.97107,138.0,276.0
112.62109,-211.80945,138.5,277.0
116.72036,-210.56914,139.0,278.0
121.24355,-210.0,140.0,280.0
124.44406,-207.1097,139.5,279.0
128.4986,-205.64073,140.0,280.0
132.53963,-204.09311,140.5,281.0
136.08134,-201.7489,140.5,281.0
143.05875,-204.30907,144.0,288.0
146.09361,-201.0806,143.5,287.0
150.10188,-199.19194,144.0,288.0
154.0886,-197.2244,144.5,289.0
164.59225,-203.2545,150.99998,302.0
164.21777,-195.70712,147.5,295.0
168.74464,-194.11852,148.5,297.0
173.26575,-192.4311,149.49998,299.0
181.91339,-195.07823,153.99998,308.0
182.28232,-188.75887,151.49998,303.0
187.99834,-187.99835,153.49998,307.0
191.8737,-185.29028,153.99998,308.0
196.97835,-183.68527,155.49998,311.0
202.08484,-181.95802,156.99998,314.0
207.19046,-180.10793,158.49998,317.0
210.30223,-176.46451,158.49998,317.0
214.02295,-173.31238,158.99998,318.0
221.1097,-172.74983,161.99998,324.0
219.24945,-165.21631,158.49998,317.0
222.80011,-161.87376,158.99998,318.0
225.59126,-157.96071,158.99998,318.0
233.33948,-157.38945,162.49998,325.0
229.51396,-149.04811,157.99998,316.0
231.34583,-144.56091,157.49998,315.0
234.57587,-140.94739,157.99998,316.0
241.5,-139.4301,160.99998,322.0
238.59451,-132.2551,157.49998,315.0
241.631,-128.47748,157.99998,316.0
243.0648,-123.8477,157.49998,315.0
245.9676,-119.966415,157.99998,316.0
248.80873,-116.021416,158.49998,317.0
250.00453,-111.3092,157.99998,316.0
251.1119,-106.59067,157.49998,315.0
253.73688,-102.51635,157.99998,316.0
261.9554,-100.55527,161.99998,324.0
257.16006,-93.59861,157.99998,316.0
258.75443,-89.09629,157.99998,316.0
260.26996,-84.56684,157.99998,316.0
270.81625,-82.79683,163.49998,327.0
263.89523,-75.67074,158.49998,317.0
265.17566,-71.05361,158.49998,317.0
266.37534,-66.41483,158.49998,317.0
275.93216,-63.703957,163.49998,327.0
268.5309,-57.07801,158.49998,317.0
271.1864,-52.713295,159.49998,319.0
272.06506,-47.97241,159.49998,319.0
271.15015,-42.945965,158.49998,317.0
274.43115,-38.568783,159.99998,320.0
274.20288,-33.66788,159.49998,319.0
274.74872,-28.877254,159.49998,319.0
275.21085,-24.07783,159.49998,319.0
281.63657,-19.693947,162.99998,326.0
276.74835,-14.503766,159.99998,320.0
276.95932,-9.671632,159.99998,320.0
276.22003,-4.821439,159.49998,319.0
284.05634,0.0,163.99998,328.0
277.08594,4.836553,159.99998,320.0
276.95932,9.671632,159.99998,320.0
277.6132,14.549091,160.49998,321.0
283.36438,19.814768,163.99998,328.0
276.9363,24.228786,160.49998,321.0
277.33255,29.148827,160.99998,322.0
276.78162,33.98451,160.99998,322.0
279.57672,39.291946,162.99998,326.0
275.42694,43.623344,160.99998,322.0
274.62366,48.42356,160.99998,322.0
272.88663,53.043785,160.49998,321.0
277.84903,59.058636,163.99998,328.0
274.2445,63.31433,162.49998,325.0
273.09775,68.09092,162.49998,325.0
271.8678,72.84676,162.49998,325.0
272.22,78.05783,163.49998,327.0
269.15988,82.29043,162.49998,325.0
267.6827,86.97539,162.49998,325.0
266.94287,91.915794,162.99998,326.0
265.29807,96.56059,162.99998,326.0
265.99792,102.10705,164.49998,329.0
262.5695,106.08496,163.49998,327.0
260.67807,110.65127,163.49998,327.0
259.49838,115.536125,163.99998,328.0
262.1518,122.243385,166.99998,334.0
250.63788,122.244255,160.99998,322.0
231.4903,117.95019,149.99998,300.0
213.33876,113.434235,139.5,279.0
202.23726,112.10194,133.5,267.0
184.5,106.521126,122.99999,246.0
172.22026,103.48036,115.99999,232.0
158.63715,99.12749,107.99999,216.0
150.34618,97.63595,103.49999,207.0
136.41385,92.0123,94.99999,190.0
126.983765,88.914986,89.49999,179.0
119.10698,86.536285,84.99999,170.0
111.35383,83.911125,80.49999,161.0
105.09535,82.10949,76.99999,154.0
99.60817,80.6611,73.99999,148.0
92.87795,77.93385,69.99999,140.0
86.92849,75.56579,66.5,133.0
83.02212,74.75345,64.5,129.0
78.537994,73.23786,61.999996,124.0
73.510056,70.98783,58.999996,118.0
71.647575,71.647575,58.499996,117.0
53.54167,55.444023,44.499996,89.0
49.022118,52.569782,41.499996,83.0
48.676662,54.060917,41.999996,84.0
39.203304,45.09824,34.499996,69.0
38.966927,46.438976,34.999996,70.0
36.5155,45.092884,33.499996,67.0
38.38885,49.135487,35.999996,72.0
41.173782,54.639454,39.499996,79.0
39.195847,53.948452,38.499996,77.0
39.738544,56.752518,39.999996,80.0
38.257748,56.71944,39.499996,79.0
36.79036,56.65218,38.999996,78.0
35.337112,56.551205,38.499996,77.0
33.006668,54.932323,36.999996,74.0
32.04294,55.500004,36.999996,74.0
36.947453,66.654976,43.999996,88.0
24.39446,45.879303,29.999998,60.0
18.478865,36.26681,23.499998,47.0
18.222748,37.362167,23.999998,48.0
18.665907,40.029163,25.499998,51.0
20.430166,45.88691,28.999998,58.0
17.934307,42.250572,26.499998,53.0
18.491877,45.768993,28.499998,57.0
17.069569,44.46774,27.499998,55.0
18.95668,52.083054,31.999998,64.0
15.507266,45.036373,27.499998,55.0
11.507511,35.41648,21.499998,43.0
11.140861,36.440105,21.999998,44.0
11.219323,39.126423,23.499998,47.0
10.983051,40.9893,24.499998,49.0
12.36112,49.577744,29.499998,59.0
11.493986,49.785927,29.499998,59.0
11.343577,53.367344,31.499998,63.0
9.418993,48.456505,28.499998,57.0
8.722259,49.466373,28.999998,58.0
8.930734,50.6487,30.902285,60.0
9.976872,51.32654,31.417322,61.0
10.692904,50.306168,30.902285,60.0
11.762061,50.947086,31.417322,61.0
12.64942,50.73405,31.417322,61.0
13.754777,51.333523,31.93236,62.0
14.176042,49.437725,30.902285,60.0
15.287303,50.002502,31.417322,61.0
16.157633,49.72809,31.417322,61.0
17.860247,51.869926,32.962437,64.0
17.590109,48.328426,30.902285,60.0
17.816517,46.41361,29.872208,58.0
18.944933,46.89035,30.387245,59.0
20.09532,47.3416,30.902285,60.0
20.221197,45.417557,29.872208,58.0
21.373018,45.834587,30.387245,59.0
22.169687,45.454594,30.387245,59.0
22.181313,43.533276,29.35717,57.0
27.364267,51.4647,35.02259,68.0
25.349339,45.731422,31.417322,61.0
24.857851,43.05506,29.872208,58.0
25.60548,42.614677,29.872208,58.0
28.162228,45.068985,31.93236,62.0
28.010809,43.13286,30.902285,60.0
27.321346,40.50556,29.35717,57.0
28.515757,40.72472,29.872208,58.0
27.710669,38.14046,28.327093,55.0
29.919657,39.704727,29.872208,58.0
31.663494,40.527424,30.902285,60.0
31.287107,38.636356,29.872208,58.0
30.303709,36.114555,28.327093,55.0
30.92938,35.58018,28.327093,55.0
31.545628,35.03497,28.327093,55.0
29.813921,31.971518,26.266941,51.0
30.367361,31.446321,26.266941,51.0
28.487114,28.487116,24.206789,47.0
36.995674,35.726307,30.902285,60.0
35.10598,32.736855,28.842133,56.0
48.411957,43.590324,39.142895,76.0
48.51843,42.176426,38.627853,75.0
55.8134,46.833004,43.778236,85.0
51.95924,42.075764,40.17297,78.0
54.036564,42.21799,41.203045,80.0
56.13427,42.300205,42.233124,82.0
64.49205,46.85622,47.89854,93.0
61.78923,43.265285,45.32335,88.0
60.403034,40.74236,43.778236,85.0
58.948242,38.281437,42.233124,82.0
63.96888,39.972195,45.32335,88.0
57.30939,34.434956,40.17297,78.0
60.12862,34.71528,41.718082,81.0
64.47381,35.738415,44.293274,86.0
90.82006,48.289883,61.80457,120.0
89.35777,45.53006,60.259453,117.0
94.76128,46.218163,63.34968,123.0
99.43775,46.368584,65.92487,128.0
111.97777,49.855717,73.650444,143.0
112.83081,47.893837,73.650444,143.0
119.21275,48.165077,77.25571,150.0
124.8366,47.92028,80.34594,156.0
136.93054,49.838642,87.55647,170.0
139.40044,47.999416,88.58655,172.0
147.55383,47.94315,93.22189,181.0
156.56522,47.866787,98.37227,191.0
173.856,49.852406,108.673035,211.0
179.66733,48.141716,111.76326,217.0
193.78745,48.316635,120.00387,233.0
205.45876,47.433887,126.69936,246.0
226.37776,48.11808,139.06027,270.0
237.28008,46.122578,145.24074,282.0
259.99667,45.844425,158.63173,308.0
270.06992,42.774876,164.29715,319.0
275.01944,38.65146,166.87233,324.0
271.39822,33.32351,164.29715,319.0
271.086,28.492287,163.7821,318.0
271.54196,23.756842,163.7821,318.0
272.7703,19.073957,164.29715,319.0
273.06165,14.310554,164.29715,319.0
272.41315,9.512877,163.7821,318.0
271.68066,4.742203,163.26707,317.0
270.86487,0.0,162.75203,316.0
272.5377,-4.757163,163.7821,318.0
269.84323,-9.423133,162.23698,315.0
269.63766,-14.131112,162.23698,315.0
269.34998,-18.834785,162.23698,315.0
274.95758,-24.05567,165.84225,322.0
267.6761,-28.133892,161.72195,314.0
267.14432,-32.8012,161.72195,314.0
266.5312,-37.458515,161.72195,314.0
274.30298,-43.445328,166.87233,324.0
264.21738,-46.588654,161.20691,313.0
264.20547,-51.356342,161.72195,314.0
263.26895,-55.959545,161.72195,314.0
265.59302,-61.31698,163.7821,318.0
260.3239,-64.90604,161.20691,313.0
259.1515,-69.43944,161.20691,313.0
256.2522,-73.47914,160.17683,311.0
257.38992,-78.69199,161.72195,314.0
253.53172,-82.37746,160.17683,311.0
252.05542,-86.78964,160.17683,311.0
250.50235,-91.1754,160.17683,311.0
248.87297,-95.53339,160.17683,311.0
246.37302,-99.54116,159.6618,310.0
244.59827,-103.825806,159.6618,310.0
242.74901,-108.07882,159.6618,310.0
240.04893,-111.93666,159.14676,309.0
241.9109,-117.98782,161.72195,314.0
235.99617,-120.246056,159.14676,309.0
233.86165,-124.34644,159.14676,309.0
231.65588,-128.40895,159.14676,309.0
236.06052,-136.28961,163.7821,318.0
227.7681,-136.85687,159.6618,310.0
224.618,-140.3569,159.14676,309.0
222.13423,-144.25566,159.14676,309.0
225.26778,-151.94502,163.26707,317.0
216.96446,-151.92015,159.14676,309.0
213.58658,-155.17973,158.63173,308.0
211.53035,-159.39955,159.14676,309.0
208.71623,-163.06699,159.14676,309.0
205.83853,-166.68475,159.14676,309.0
202.2415,-169.70076,158.63173,308.0
199.24901,-173.20453,158.63173,308.0
196.83282,-177.22908,159.14676,309.0
198.09802,-184.72939,162.75203,316.0
189.91112,-183.39503,158.63173,308.0
186.07541,-186.07541,158.11668,307.0
183.39505,-189.91112,158.63173,308.0
183.56023,-196.84424,161.72195,314.0
176.65552,-196.19583,158.63173,308.0
173.20453,-199.24901,158.63173,308.0
169.70078,-202.2415,158.63173,308.0
166.14532,-205.17238,158.63173,308.0
161.48383,-206.68985,157.60165,306.0
158.36784,-210.16122,158.11668,307.0
154.6759,-212.89311,158.11668,307.0
150.93684,-215.56015,158.11668,307.0
150.02774,-222.42528,161.20691,313.0
143.78882,-221.41534,158.63173,308.0
139.44846,-223.16417,158.11668,307.0
135.53246,-225.56389,158.11668,307.0
134.14668,-232.34888,161.20691,313.0
126.33112,-227.90741,156.57158,304.0
121.52955,-228.5638,155.54149,302.0
116.35461,-228.35875,153.99638,299.0
114.98177,-235.74756,157.60165,306.0
106.86509,-229.17293,151.93623,295.0
101.80327,-228.6539,150.39111,292.0
97.4623,-229.60675,149.87608,291.0
93.44026,-231.27274,149.87608,291.0
89.08258,-232.06804,149.36104,290.0
83.55302,-229.56003,146.78584,285.0
79.254845,-230.1728,146.27081,284.0
74.96082,-230.70572,145.75577,283.0
72.17612,-236.0774,148.33096,288.0
66.15486,-230.70938,144.21066,280.0
61.674644,-230.17288,143.18059,278.0
57.440807,-230.38249,142.66554,277.0
55.146713,-238.86667,147.30089,286.0
49.18736,-231.40837,142.15051,276.0
44.977703,-231.39015,141.63547,275.0
40.783688,-231.29573,141.12044,274.0
40.938847,-232.17569,147.31755,278.0
44.33738,-228.09598,145.19788,274.0
48.13511,-226.45793,144.66797,273.0
52.080017,-225.58336,144.66797,273.0
56.419388,-226.2858,145.7278,275.0
60.140537,-224.44753,145.19788,274.0
64.28229,-224.17894,145.7278,275.0
67.93702,-222.21191,145.19788,274.0
72.06684,-221.79897,145.7278,275.0
78.411674,-227.72404,150.49707,284.0
80.05367,-219.94565,146.25772,276.0
83.880066,-218.51501,146.25772,276.0
87.99859,-217.80412,146.78764,277.0
98.082214,-231.06718,156.85611,296.0
95.89115,-215.37508,147.31755,278.0
99.99377,-214.43733,147.84747,279.0
103.72099,-212.65955,147.84747,279.0
108.57163,-213.08382,149.43724,282.0
111.47766,-209.65897,148.3774,280.0
115.53085,-208.4232,148.90732,281.0
119.574776,-207.1096,149.43724,282.0
124.044685,-206.44502,150.49707,284.0
128.52756,-205.68707,151.55692,286.0
132.55959,-204.12386,152.08684,287.0
137.0503,-203.18542,153.14667,289.0
141.06192,-201.45729,153.67659,290.0
148.04564,-203.76733,157.38602,297.0
150.55858,-199.79799,156.32619,295.0
154.02261,-197.13995,156.32619,295.0
158.50711,-195.73997,157.38602,297.0
167.35025,-199.44026,162.68521,307.0
166.3545,-191.36897,158.44586,299.0
169.66902,-188.43654,158.44586,299.0
173.51022,-186.06694,158.97578,300.0
179.08752,-185.45056,161.09546,304.0
179.89816,-179.89818,158.97578,300.0
183.01042,-176.73111,158.97578,300.0
185.44672,-172.93185,158.44586,299.0
189.06676,-170.23648,158.97578,300.0
191.36897,-166.3545,158.44586,299.0
194.24312,-162.98932,158.44586,299.0
197.05809,-159.5745,158.44586,299.0
200.48131,-156.63316,158.97578,300.0
205.89352,-155.15189,161.09546,304.0
205.13951,-149.04259,158.44586,299.0
207.70941,-145.4397,158.44586,299.0
210.21606,-141.79251,158.44586,299.0
220.48222,-143.18283,164.27498,310.0
215.03648,-134.3697,158.44586,299.0
217.34882,-130.59633,158.44586,299.0
219.59492,-126.783195,158.44586,299.0
227.70792,-126.22055,162.68521,307.0
223.88582,-119.042206,158.44586,299.0
225.9293,-115.11672,158.44586,299.0
227.14174,-110.784424,157.91594,298.0
230.57777,-107.52018,158.97578,300.0
231.64441,-103.13474,158.44586,299.0
234.18971,-99.40763,158.97578,300.0
235.10265,-94.98764,158.44586,299.0
237.51633,-91.17398,158.97578,300.0
241.46207,-87.885,160.56554,303.0
240.55357,-82.82923,158.97578,300.0
241.9625,-78.618385,158.97578,300.0
243.29773,-74.383575,158.97578,300.0
251.89561,-72.229904,163.74506,309.0
245.74547,-65.8473,158.97578,300.0
246.85722,-61.54842,158.97578,300.0
248.72011,-57.421562,159.5057,301.0
259.63858,-55.187885,165.86473,313.0
250.57259,-48.706375,159.5057,301.0
251.38446,-44.325863,159.5057,301.0
252.11977,-39.93185,159.5057,301.0
256.13745,-35.997772,161.62538,305.0
254.2015,-31.212023,160.03561,302.0
254.70752,-26.77084,160.03561,302.0
255.98076,-22.395414,160.56554,303.0
256.33264,-17.924524,160.56554,303.0
256.6064,-13.448173,160.56554,303.0
256.80203,-8.967725,160.56554,303.0
256.91943,-4.484545,160.56554,303.0
257.8066,0.0,161.09546,304.0
258.61526,4.514146,161.62538,305.0
256.80203,8.967725,160.56554,303.0
258.3002,13.53694,161.62538,305.0
257.17862,17.98368,161.09546,304.0
260.20486,22.764977,163.21513,308.0
256.39432,26.94813,161.09546,304.0
256.72668,31.522076,161.62538,305.0
256.13745,35.997772,161.62538,305.0
266.3591,42.187138,168.51433,318.0
254.72513,44.91491,161.62538,305.0
255.56738,49.67727,162.68521,307.0
254.66147,54.12997,162.68521,307.0
263.59375,60.85541,169.04425,319.0
253.4401,63.189713,163.21513,308.0
251.47952,67.383736,162.68521,307.0
251.89561,72.229904,163.74506,309.0
251.40765,76.86303,164.27498,310.0
249.22137,80.97694,163.74506,309.0
247.77017,85.31411,163.74506,309.0
246.2435,89.625305,163.74506,309.0
244.64182,93.909195,163.74506,309.0
244.53821,98.79985,164.8049,311.0
241.21541,102.38986,163.74506,309.0
240.94118,107.273926,164.8049,311.0
238.2637,111.10419,164.27498,310.0
239.33727,116.73258,166.39465,314.0
218.37314,111.26666,153.14667,289.0
201.42236,107.09817,142.54828,269.0
186.17162,103.19661,133.00974,251.0
176.99791,102.1898,127.71055,241.0
159.19528,95.654175,116.05232,219.0
148.87141,93.025185,109.69329,207.0
139.40166,90.5285,103.86418,196.0
139.90968,94.37027,105.45393,199.0
122.26374,85.60999,93.26579,176.0
114.57625,83.24452,88.49652,167.0
107.68773,81.14852,84.257164,159.0
104.250275,81.44924,82.667404,156.0
97.54046,78.98671,78.428055,148.0
92.89888,77.951416,75.77846,143.0
86.40405,75.10989,71.5391,135.0
85.710266,77.173874,72.06902,136.0
78.14811,72.87429,66.76983,126.0
75.03427,72.459755,65.18007,123.0
71.359604,71.35961,63.060394,119.0
74.227066,76.86437,66.76983,126.0
64.198784,68.844765,58.821037,111.0
52.773308,58.6107,49.282494,93.0
45.06594,51.84243,42.923462,81.0
52.876137,63.015324,51.40217,97.0
49.099846,60.633255,48.75257,92.0
48.556282,62.149204,49.282494,93.0
46.443497,61.6326,48.222652,91.0
55.828663,76.84155,59.35096,112.0
41.345734,59.04783,45.043137,85.0
38.41202,56.948162,42.923462,81.0
36.02665,55.47617,41.333702,78.0
40.445732,64.7267,47.692734,90.0
32.321503,53.79201,39.214027,74.0
31.377777,54.347908,39.214027,74.0
23.435085,42.278015,30.205399,57.0
22.693666,42.680573,30.205399,57.0
18.865284,37.025204,25.966043,49.0
18.587992,38.11103,26.495964,50.0
18.995232,40.73541,28.085722,53.0
18.626339,41.835445,28.61564,54.0
18.887453,44.496044,30.205399,57.0
17.472645,43.246307,29.14556,55.0
16.411318,42.752937,28.61564,54.0
15.662675,43.032845,28.61564,54.0
16.28975,47.30887,31.265238,59.0
14.413368,44.35979,29.14556,55.0
14.132883,46.226566,30.205399,57.0
12.622704,44.02059,28.61564,54.0
13.388952,49.968243,32.325077,61.0
12.104523,48.548588,31.265238,59.0
10.110773,43.79457,28.085722,53.0
9.873869,46.452908,29.67548,56.0
8.899839,45.785686,29.14556,55.0
9.130246,51.78019,32.854996,62.0
8.009851,45.42611,29.955149,55.0
9.121478,46.925922,31.044428,57.0
9.590316,45.118896,29.955149,55.0
10.942269,47.39618,31.589066,58.0
10.95621,43.942955,29.41051,54.0
12.15558,45.36524,30.499786,56.0
12.251955,42.72764,28.86587,53.0
14.467012,47.319454,32.133705,59.0
14.513152,44.666893,30.499786,56.0
15.017443,43.613823,29.955149,55.0
16.063166,44.133183,30.499786,56.0
16.83095,43.84612,30.499786,56.0
20.10698,49.766514,34.8569,64.0
18.350906,43.232018,30.499786,56.0
19.10261,42.905167,30.499786,56.0
20.202936,43.325336,31.044428,57.0
20.955992,42.96615,31.044428,57.0
20.941168,41.09935,29.955149,55.0
20.080334,37.76561,27.776592,51.0
21.549562,38.876446,28.86587,53.0
23.482775,40.673363,30.499786,56.0
21.597363,35.94405,27.231953,50.0
23.999096,38.40658,29.41051,54.0
24.665728,37.981888,29.41051,54.0
25.324844,37.545628,29.41051,54.0
26.457293,37.784927,29.955149,55.0
25.633827,35.281933,28.321232,52.0
26.245676,34.82919,28.321232,52.0
27.882208,35.687595,29.41051,54.0
27.44521,33.89201,28.321232,52.0
30.188873,35.9777,30.499786,56.0
29.711739,34.179443,29.41051,54.0
29.742546,33.032448,28.86587,53.0
30.314512,32.508335,28.86587,53.0
33.207603,34.387478,31.044428,57.0
29.05845,29.058453,26.687313,49.0
30.767744,29.712065,27.776592,51.0
36.188526,33.746346,32.133705,59.0
54.84632,49.383854,47.928238,88.0
47.47145,41.266304,40.84793,75.0
49.469337,41.5097,41.937206,77.0
51.489784,41.695606,43.026485,79.0
55.514038,43.37232,45.74968,84.0
56.262535,42.39686,45.74968,84.0
59.707886,43.38032,47.928238,88.0
62.51688,43.77479,49.562157,91.0
65.3572,44.08399,51.19607,94.0
67.52335,43.85018,52.28535,96.0
70.41206,43.99834,53.919266,99.0
74.04474,44.490566,56.097824,103.0
77.71517,44.868877,58.27638,107.0
81.42047,45.132107,60.454937,111.0
85.157745,45.27918,62.63349,115.0
89.67131,45.689816,65.35669,120.0
94.224014,45.95612,68.07988,125.0
98.81217,46.076874,70.80308,130.0
104.19826,46.392056,74.070915,136.0
111.94005,47.515728,78.972664,145.0
118.19547,47.75407,82.78513,152.0
122.14276,46.886215,84.96369,156.0
128.45908,46.75528,88.77617,163.0
136.39232,46.963642,93.67792,172.0
145.96503,47.426914,99.668945,183.0
154.79076,47.32428,105.11534,193.0
166.07347,47.6208,112.19565,206.0
176.60039,47.319935,118.731316,218.0
188.79196,47.07112,126.35626,232.0
202.65952,46.787636,135.07048,248.0
219.03174,46.556633,145.41862,267.0
232.15984,45.1273,153.58821,282.0
248.6047,43.835716,163.93636,301.0
255.1303,40.408672,167.74883,308.0
251.64412,35.366276,165.02563,303.0
250.55818,30.764677,163.93636,301.0
251.05695,26.38715,163.93636,301.0
257.32758,22.513245,167.74883,308.0
251.8249,17.609312,163.93636,301.0
252.09387,13.211681,163.93636,301.0
252.28606,8.810023,163.93636,301.0
257.43265,4.493503,167.2042,307.0
251.60117,0.0,163.39172,300.0
251.56285,-4.391046,163.39172,300.0
251.44789,-8.780754,163.39172,300.0
254.60645,-13.343358,165.57028,304.0
250.15166,-17.492308,162.84708,299.0
249.80827,-21.85539,162.84708,299.0
249.3888,-26.211819,162.84708,299.0
248.89336,-30.56026,162.84708,299.0
248.3221,-34.899395,162.84708,299.0
246.84685,-39.096703,162.30244,298.0
246.95285,-43.54445,162.84708,299.0
245.33202,-47.687714,162.30244,298.0
244.46239,-51.962086,162.30244,298.0
242.70111,-56.031967,161.7578,297.0
240.8725,-60.05626,161.21317,296.0
240.59778,-64.46798,161.7578,297.0
241.04839,-69.11951,162.84708,299.0
237.39929,-72.580246,161.21317,296.0
236.09644,-76.71239,161.21317,296.0
234.72166,-80.82115,161.21317,296.0
237.21585,-86.33951,163.93636,301.0
230.19212,-88.36248,160.12389,294.0
228.61493,-92.366425,160.12389,294.0
227.7401,-96.66993,160.66852,295.0
231.38142,-103.017654,164.481,302.0
224.22763,-104.55906,160.66852,295.0
222.36867,-108.45644,160.66852,295.0
220.44197,-112.32079,160.66852,295.0
221.41014,-117.72586,162.84708,299.0
215.65424,-119.53909,160.12389,294.0
212.80882,-122.86524,159.57924,293.0
211.35101,-126.99249,160.12389,294.0
210.52496,-131.5506,161.21317,296.0
206.08691,-133.83441,159.57924,293.0
203.7198,-137.41074,159.57924,293.0
201.29062,-140.9452,159.57924,293.0
200.83562,-145.91562,161.21317,296.0
198.92825,-149.90318,161.7578,297.0
194.96002,-152.31946,160.66852,295.0
190.96844,-154.6432,159.57924,293.0
188.88292,-158.4916,160.12389,294.0
191.78467,-166.71587,165.02563,303.0
182.61333,-164.42578,159.57924,293.0
180.32925,-168.15974,160.12389,294.0
177.367,-171.28133,160.12389,294.0
177.31586,-177.31586,162.84708,299.0
171.28133,-177.36699,160.12389,294.0
167.01581,-179.10252,159.0346,292.0
164.42578,-182.61333,159.57924,293.0
161.76392,-186.08809,160.12389,294.0
157.9525,-188.24046,159.57924,293.0
154.6432,-190.96844,159.57924,293.0
151.80313,-194.29913,160.12389,294.0
148.89374,-197.58867,160.66852,295.0
146.40858,-201.51411,161.7578,297.0
141.42625,-201.97762,160.12389,294.0
138.3487,-205.11037,160.66852,295.0
134.29118,-206.79028,160.12389,294.0
133.77274,-214.08112,163.93636,301.0
127.42444,-212.06989,160.66852,295.0
123.28457,-213.53514,160.12389,294.0
120.35227,-217.12128,161.21317,296.0
118.90707,-223.63164,164.481,302.0
112.3208,-220.44197,160.66852,295.0
108.45645,-222.36867,160.66852,295.0
104.55906,-224.22763,160.66852,295.0
101.31205,-227.55061,161.7578,297.0
96.342255,-226.96808,160.12389,294.0
92.36644,-228.61493,160.12389,294.0
88.06193,-229.40915,159.57924,293.0
84.04477,-230.91112,159.57924,293.0
80.002014,-232.34273,159.57924,293.0
75.67572,-232.90594,159.0346,292.0
71.35425,-233.38916,158.48996,291.0
67.039,-233.79274,157.94533,290.0
64.03386,-238.9776,160.66852,295.0
58.230225,-233.54868,156.31142,287.0
53.768047,-232.89502,155.22214,285.0
49.695274,-233.79793,155.22214,285.0
47.20765,-242.86223,160.66852,295.0
41.068687,-232.91205,153.58821,282.0
40.596973,-230.23682,157.6924,282.0
44.608982,-229.49324,157.6924,282.0
49.81394,-234.3562,161.60675,289.0
52.404495,-226.98882,157.13321,281.0
56.35802,-226.03966,157.13321,281.0
60.508945,-225.82245,157.6924,282.0
64.89791,-226.32587,158.81078,284.0
69.080345,-225.95158,159.36998,285.0
72.50083,-223.13463,158.25159,283.0
76.11412,-221.05147,157.6924,282.0
80.527504,-221.2475,158.81078,284.0
88.83305,-231.418,167.19867,299.0
88.19988,-218.30235,158.81078,284.0
92.32029,-217.49294,159.36998,285.0
96.10198,-215.8486,159.36998,285.0
107.562485,-230.6685,171.67223,307.0
103.93988,-213.10834,159.92917,286.0
108.019684,-212.00055,160.48836,287.0
111.31395,-209.35106,159.92917,286.0
117.362206,-211.72705,163.28433,292.0
118.96689,-206.0567,160.48836,287.0
122.97194,-204.65968,161.04755,288.0
126.0857,-201.7793,160.48836,287.0
130.03957,-200.24335,161.04755,288.0
133.51448,-197.94334,161.04755,288.0
136.94873,-195.58305,161.04755,288.0
139.36668,-191.82176,159.92917,286.0
143.69106,-190.68446,161.04755,288.0
149.0387,-190.76083,163.28433,292.0
149.73659,-184.90927,160.48836,287.0
152.94089,-182.26785,160.48836,287.0
156.09862,-179.5709,160.48836,287.0
165.31085,-183.59631,166.63948,298.0
162.83585,-174.62007,161.04755,288.0
164.7068,-170.55888,159.92917,286.0
168.24458,-168.2446,160.48836,287.0
174.7334,-168.73808,163.84352,293.0
174.01376,-162.27045,160.48836,287.0
176.81926,-159.20879,160.48836,287.0
179.5709,-156.0986,160.48836,287.0
182.90294,-153.47379,161.04755,288.0
184.90927,-149.73659,160.48836,287.0
188.14767,-146.99707,161.04755,288.0
190.68446,-143.69106,161.04755,288.0
193.16318,-140.34126,161.04755,288.0
196.94127,-137.89977,162.16594,290.0
197.94336,-133.51447,161.04755,288.0
199.54807,-129.58803,160.48836,287.0
201.07623,-125.64637,159.92917,286.0
212.47655,-127.668785,167.19867,299.0
205.33873,-118.552376,159.92917,286.0
208.10158,-115.352585,160.48836,287.0
209.35106,-111.313934,159.92917,286.0
217.90997,-111.03068,164.9619,295.0
214.5986,-104.66673,161.04755,288.0
216.39261,-100.905525,161.04755,288.0
218.87805,-97.45079,161.60675,289.0
222.07173,-94.263855,162.72513,291.0
222.91437,-90.063255,162.16594,290.0
222.9043,-85.56494,161.04755,288.0
225.1427,-81.94524,161.60675,289.0
227.32242,-78.27339,162.16594,290.0
227.8654,-74.03796,161.60675,289.0
229.12283,-70.04988,161.60675,289.0
231.1074,-66.26898,162.16594,290.0
233.02954,-62.44008,162.72513,291.0
236.49701,-58.96533,164.40271,294.0
233.45114,-53.896442,161.60675,289.0
234.3562,-49.81395,161.60675,289.0
236.0037,-45.87447,162.16594,290.0
242.48346,-42.756374,166.08029,297.0
236.64209,-37.480427,161.60675,289.0
237.26016,-33.34474,161.60675,289.0
238.62883,-29.299936,162.16594,290.0
245.69981,-25.824093,166.63948,298.0
241.15779,-21.098572,163.28433,292.0
241.48927,-16.886576,163.28433,292.0
241.74721,-12.669435,163.28433,292.0
246.9027,-8.622032,166.63948,298.0
242.87102,-4.239329,163.84352,293.0
243.73705,0.0,164.40271,294.0
242.87102,4.239329,163.84352,293.0
245.24564,8.564166,165.5211,296.0
242.57512,12.712823,163.84352,293.0
241.48927,16.886576,163.28433,292.0
242.80956,21.243082,164.40271,294.0
243.22633,25.564117,164.9619,295.0
241.09741,29.60304,163.84352,293.0
241.36502,33.92164,164.40271,294.0
240.73624,38.128876,164.40271,294.0
242.48346,42.756374,166.08029,297.0
239.25891,46.50722,164.40271,294.0
239.22173,50.84815,164.9619,295.0
238.29787,55.015396,164.9619,295.0
238.10583,59.366455,165.5211,296.0
239.43585,64.15665,167.19867,299.0
235.88893,67.64006,165.5211,296.0
233.87971,71.5042,164.9619,295.0
233.38463,75.83127,165.5211,296.0
238.29662,82.0521,169.99464,304.0
231.37503,84.21362,166.08029,297.0
229.87006,88.23885,166.08029,297.0
228.29506,92.23719,166.08029,297.0
232.7556,98.79889,170.55383,305.0
225.69432,100.48559,166.63948,298.0
223.90623,104.409195,166.63948,298.0
222.04994,108.300995,166.63948,298.0
221.60336,112.91255,167.75787,300.0
201.2991,107.03263,153.77805,275.0
187.0739,103.69675,144.27177,258.0
172.31223,99.48451,134.2063,240.0
162.02225,97.35278,127.49598,228.0
151.1587,94.45444,120.22647,215.0
141.83904,92.11135,114.07535,204.0
131.27493,88.54606,106.80584,191.0
123.597626,86.54399,101.77311,182.0
116.03205,84.30222,96.74037,173.0
109.90841,82.82192,92.82602,166.0
103.2199,80.644226,88.35248,158.0
99.86389,80.868195,86.6749,155.0
95.26195,79.93426,83.87894,150.0
89.47261,77.77735,79.964584,143.0
84.405014,75.99862,76.60943,137.0
80.64052,75.1985,74.37266,133.0
76.334045,73.71493,71.57669,128.0
72.69104,72.69105,69.33992,124.0
69.10775,71.56316,67.10315,120.0
66.15206,70.93941,65.42557,117.0
62.684986,69.61874,63.188797,113.0
59.28484,68.1994,60.952026,109.0
56.486877,67.31844,59.27445,106.0
54.25995,67.00545,58.15606,104.0
52.57187,67.288925,57.596867,103.0
48.89487,64.88569,54.800903,98.0
46.780422,64.387726,53.682518,96.0
44.698544,63.836136,52.564133,94.0
42.186867,62.5446,50.886555,91.0
38.37973,59.099598,47.531395,85.0
35.585163,56.948162,45.294624,81.0
36.720787,61.113655,48.090588,86.0
33.161503,57.43741,44.73543,80.0
24.517447,44.23065,34.110767,61.0
23.352575,43.919804,33.551575,60.0
19.947886,39.14993,29.637224,53.0
24.712978,50.669113,38.025116,68.0
18.919786,40.573612,30.196417,54.0
17.534397,39.382904,29.078032,52.0
17.492266,41.209187,30.196417,54.0
18.323215,45.351543,32.992382,59.0
16.637629,43.342503,31.314802,56.0
14.460925,39.731064,28.518839,51.0
14.305136,41.54513,29.637224,53.0
15.883574,48.88462,34.66996,62.0
13.088908,42.81188,30.196417,54.0
12.111229,42.23687,29.637224,53.0
11.372249,42.441807,29.637224,53.0
11.231491,45.04705,31.314802,56.0
9.697629,42.00505,29.078032,52.0
9.135428,42.97882,29.637224,53.0
8.383957,43.131706,29.637224,53.0
8.06181,45.720787,31.314802,56.0
7.396703,41.948776,29.825975,52.0
8.440288,43.4215,30.973127,54.0
9.196808,43.267586,30.973127,54.0
10.503339,45.49496,32.693855,57.0
10.899395,43.715084,31.546705,55.0
11.448657,42.726967,30.973127,54.0
11.741025,40.945812,29.825975,52.0
13.172331,43.084743,31.546705,55.0
15.441044,47.52265,34.988163,61.0
13.60118,39.500698,29.2524,51.0
15.128991,41.566563,30.973127,54.0
14.971451,39.00196,29.2524,51.0
18.718447,46.329777,34.988163,61.0
16.32348,38.455704,29.2524,51.0
17.658495,39.66163,30.399551,53.0
18.001806,38.605,29.825975,52.0
20.46828,41.96619,32.693855,57.0
18.594362,36.49349,28.678822,50.0
19.228432,36.163414,28.678822,50.0
19.856638,35.822327,28.678822,50.0
20.069223,34.760918,28.105246,49.0
20.67283,34.40537,28.105246,49.0
21.704224,34.734016,28.678822,50.0
22.30711,34.349934,28.678822,50.0
23.361263,34.6345,29.2524,51.0
23.962162,34.22151,29.2524,51.0
24.555761,33.798103,29.2524,51.0
24.6489,32.710194,28.678822,50.0
25.720339,32.920532,29.2524,51.0
25.259947,31.193434,28.105246,49.0
26.85358,32.00285,29.2524,51.0
26.870605,30.911095,28.678822,50.0
28.502224,31.654928,29.825975,52.0
27.374357,29.355404,28.105246,49.0
29.589603,30.64093,29.825975,52.0
29.540625,29.540627,29.2524,51.0
32.997925,31.865726,32.12028,56.0
37.742664,35.195602,36.135315,63.0
52.35238,47.138294,49.327576,86.0
46.984863,40.84332,43.59181,76.0
50.828056,42.649803,46.45969,81.0
50.928055,41.240726,45.886116,80.0
53.57655,41.85859,47.606846,83.0
56.91574,42.889084,49.90115,87.0
59.64371,43.333694,51.62188,90.0
61.732925,43.22586,52.76903,92.0
64.51524,43.51608,54.48976,95.0
67.325874,43.721935,56.21049,98.0
70.85739,44.27661,58.5048,102.0
72.32149,43.45513,59.078373,103.0
75.906494,43.824635,61.37268,107.0
80.24201,44.47887,64.24056,112.0
84.62239,44.994526,67.108444,117.0
89.04412,45.370243,69.976326,122.0
93.50362,45.604763,72.84421,127.0
97.254906,45.350708,75.13851,131.0
103.2699,45.978725,79.15355,138.0
110.08888,46.729958,83.742165,146.0
115.44469,46.64268,87.18362,152.0
120.06486,46.08858,90.0515,157.0
127.77869,46.507637,95.21369,166.0
133.21803,45.870647,98.65515,172.0
141.00984,45.816875,103.81734,181.0
150.40492,45.9834,110.12668,192.0
160.63358,46.060936,117.0096,204.0
170.90787,45.794624,123.89251,216.0
180.42407,44.984776,130.20186,227.0
191.55774,44.224586,137.65834,240.0
203.5179,43.259068,145.68842,254.0
222.73622,43.295536,158.88068,277.0
229.91158,40.53961,163.46928,285.0
229.77501,36.392784,162.8957,284.0
231.18633,32.49112,163.46928,285.0
239.84863,29.449709,169.20505,295.0
231.36476,24.317415,162.8957,284.0
231.75392,20.27584,162.8957,284.0
231.25533,16.170946,162.32213,283.0
238.8646,12.518363,167.48433,292.0
231.6788,8.090402,162.32213,283.0
231.78471,4.045817,162.32213,283.0
231.82002,0.0,162.32213,283.0
237.51791,-4.145891,166.33717,290.0
230.86015,-8.061814,161.74855,282.0
230.6843,-12.089652,161.74855,282.0
229.62102,-16.056665,161.17499,281.0
231.75392,-20.27584,162.8957,284.0
228.92076,-24.060541,161.17499,281.0
228.46599,-28.052095,161.17499,281.0
227.13043,-31.9211,160.60141,280.0
227.34781,-36.008354,161.17499,281.0
225.87804,-39.828392,160.60141,280.0
225.14853,-43.764442,160.60141,280.0
223.5492,-47.51685,160.02783,279.0
223.48402,-51.595352,160.60141,280.0
221.7547,-55.289658,160.02783,279.0
220.756,-59.15139,160.02783,279.0
219.69003,-62.995102,160.02783,279.0
218.55716,-66.819626,160.02783,279.0
218.91583,-71.130066,161.17499,281.0
216.09204,-74.406456,160.02783,279.0
214.76056,-78.16645,160.02783,279.0
212.59892,-81.60908,159.45425,278.0
216.4588,-87.45503,163.46928,285.0
210.37532,-89.29903,160.02783,279.0
208.03647,-92.62381,159.45425,278.0
206.38828,-96.24043,159.45425,278.0
211.30345,-103.05958,164.61644,287.0
202.90381,-103.38465,159.45425,278.0
201.06859,-106.910065,159.45425,278.0
199.88858,-110.80005,160.02783,279.0
200.76202,-115.91002,162.32213,283.0
195.89995,-117.70856,160.02783,279.0
193.81581,-121.10956,160.02783,279.0
191.67264,-124.47367,160.02783,279.0
194.90395,-131.46437,164.61644,287.0
187.88281,-131.55696,160.60141,280.0
184.89551,-134.33446,160.02783,279.0
182.52289,-137.54086,160.02783,279.0
180.09467,-140.70538,160.02783,279.0
178.8848,-144.85805,161.17499,281.0
174.44691,-146.37833,159.45425,278.0
171.86569,-149.40056,159.45425,278.0
168.62335,-151.82916,158.88068,277.0
174.33516,-162.57016,166.91075,291.0
163.81113,-158.19057,159.45425,278.0
161.02538,-161.02538,159.45425,278.0
158.19057,-163.81113,159.45425,278.0
157.54222,-168.94334,161.74855,282.0
152.37727,-169.23212,159.45425,278.0
148.86316,-171.24747,158.88068,277.0
146.90488,-175.07442,160.02783,279.0
144.34254,-178.24818,160.60141,280.0
140.70538,-180.09467,160.02783,279.0
137.54086,-182.52289,160.02783,279.0
134.33446,-184.89551,160.02783,279.0
131.55696,-187.88281,160.60141,280.0
128.25792,-190.15019,160.60141,280.0
124.47367,-191.67264,160.02783,279.0
121.109566,-193.81581,160.02783,279.0
117.70856,-195.89995,160.02783,279.0
117.13873,-202.89026,164.04286,286.0
110.80004,-199.88858,160.02783,279.0
107.29465,-201.79185,160.02783,279.0
104.12843,-204.36354,160.60141,280.0
103.059586,-211.30345,164.61644,287.0
96.58662,-207.13068,160.02783,279.0
92.95698,-208.7848,160.02783,279.0
89.61911,-211.12935,160.60141,280.0
86.53446,-214.18028,161.74855,282.0
81.90264,-213.36366,160.02783,279.0
78.16645,-214.76056,160.02783,279.0
74.67315,-216.86658,160.60141,280.0
70.87692,-218.13676,160.60141,280.0
66.81964,-218.55716,160.02783,279.0
63.2209,-220.47745,160.60141,280.0
59.363407,-221.54723,160.60141,280.0
55.487827,-222.54951,160.60141,280.0
52.516693,-227.47481,163.46928,285.0
47.857464,-225.1517,161.17499,281.0
44.07706,-226.75673,161.74855,282.0
40.11289,-227.49146,161.74855,282.0
42.145306,-239.01785,176.33559,300.0
43.377342,-223.15701,165.16766,281.0
47.26534,-222.36598,165.16766,281.0
50.956978,-220.71893,164.57988,280.0
58.911396,-236.2807,176.92337,301.0
58.628925,-218.8061,164.57988,280.0
62.2157,-216.9719,163.9921,279.0
65.992905,-215.85303,163.9921,279.0
70.24999,-216.20726,165.16766,281.0
73.749245,-214.18336,164.57988,280.0
77.19933,-212.10341,163.9921,279.0
80.599365,-209.9685,163.40431,278.0
84.55461,-209.27998,163.9921,279.0
89.1425,-210.00653,165.75545,282.0
91.4778,-205.46251,163.40431,278.0
95.04968,-203.83472,163.40431,278.0
98.947266,-202.87196,163.9921,279.0
105.04381,-206.16006,168.10658,286.0
105.58732,-198.58084,163.40431,278.0
109.036934,-196.70786,163.40431,278.0
112.453354,-194.77493,163.40431,278.0
118.33557,-196.94347,166.93102,284.0
119.1824,-190.73172,163.40431,278.0
122.49298,-188.62263,163.40431,278.0
125.76624,-186.45612,163.40431,278.0
129.00119,-184.2328,163.40431,278.0
131.72133,-181.29884,162.81653,277.0
135.83913,-180.2646,163.9921,279.0
138.4664,-177.22891,163.40431,278.0
142.04752,-175.41406,163.9921,279.0
144.56725,-172.28854,163.40431,278.0
147.5521,-169.73926,163.40431,278.0
150.49196,-167.13828,163.40431,278.0
153.38602,-164.48636,163.40431,278.0
161.29124,-167.02197,168.69438,287.0
159.60512,-159.60513,163.9921,279.0
161.78435,-156.23334,163.40431,278.0
164.48636,-153.38602,163.40431,278.0
174.95409,-157.52937,171.04552,291.0
169.12868,-147.02132,162.81653,277.0
172.28854,-144.56725,163.40431,278.0
174.78534,-141.53839,163.40431,278.0
178.50394,-139.46257,164.57988,280.0
179.6185,-135.35223,163.40431,278.0
181.95335,-132.19685,163.40431,278.0
184.2328,-129.00119,163.40431,278.0
186.45612,-125.766235,163.40431,278.0
189.30115,-122.9336,163.9921,279.0
190.04562,-118.75369,162.81653,277.0
192.78268,-115.83552,163.40431,278.0
194.0743,-112.04885,162.81653,277.0
202.3685,-112.17469,168.10658,286.0
197.86653,-105.2075,162.81653,277.0
199.67252,-101.73822,162.81653,277.0
202.87196,-98.947266,163.9921,279.0
208.96724,-97.44302,167.5188,285.0
205.46251,-91.477806,163.40431,278.0
207.02773,-87.87805,163.40431,278.0
208.52988,-84.25154,163.40431,278.0
212.98964,-81.75906,165.75545,282.0
211.34319,-76.92262,163.40431,278.0
212.65349,-73.222466,163.40431,278.0
213.899,-69.5,163.40431,278.0
224.36337,-68.594765,170.45773,290.0
216.19421,-61.992695,163.40431,278.0
217.24321,-58.210144,163.40431,278.0
218.22603,-54.40986,163.40431,278.0
226.23691,-52.230907,168.69438,287.0
200.20851,-42.555634,148.70967,253.0
208.0681,-40.444344,153.99974,262.0
214.31935,-37.790283,158.11424,269.0
222.13774,-35.183163,163.40431,278.0
224.32024,-31.526152,164.57988,280.0
222.4273,-27.31064,162.81653,277.0
223.67465,-23.509153,163.40431,278.0
224.05089,-19.601912,163.40431,278.0
230.81523,-16.140173,168.10658,286.0
224.5985,-11.770709,163.40431,278.0
225.57823,-7.877366,163.9921,279.0
224.87247,-3.925163,163.40431,278.0
232.99689,0.0,169.28217,288.0
225.68135,3.939283,163.9921,279.0
225.57823,7.877366,163.9921,279.0
225.4064,11.813049,163.9921,279.0
234.85046,16.422344,171.04552,291.0
225.66277,19.742933,164.57988,280.0
224.47925,23.59372,163.9921,279.0
224.83627,27.606422,164.57988,280.0
229.92824,32.314304,168.69438,287.0
223.73586,35.43628,164.57988,280.0
223.08333,39.33561,164.57988,280.0
223.15701,43.377327,165.16766,281.0
239.77542,50.96584,178.09894,303.0
222.2955,51.32096,165.75545,282.0
221.36597,55.192738,165.75545,282.0
219.58755,58.83831,165.16766,281.0
220.0826,63.10767,166.34323,283.0
218.9477,66.939026,166.34323,283.0
217.74611,70.75,166.34323,283.0
216.47818,74.53941,166.34323,283.0
215.90456,78.582825,166.93102,284.0
214.5002,82.33891,166.93102,284.0
213.03052,86.069916,166.93102,284.0
211.49596,89.774704,166.93102,284.0
211.3751,94.11026,168.10658,286.0
215.56621,100.52017,172.80887,294.0
207.2348,101.075165,167.5188,285.0
205.43924,104.67651,167.5188,285.0
201.43813,107.10655,165.75545,282.0
192.46236,106.683624,159.8776,272.0
172.3548,99.50909,144.59518,246.0
160.18993,96.251816,135.7784,231.0
150.25269,93.8883,128.72498,219.0
142.48473,92.53067,123.434906,210.0
130.78757,88.21732,114.618126,195.0
121.938255,85.38209,108.15249,184.0
114.53899,83.217445,102.86243,175.0
110.48476,83.25623,100.511284,171.0
101.36474,79.19482,93.457855,159.0
97.45226,78.91529,91.10672,155.0
93.581184,78.52393,88.75558,151.0
89.75421,78.02215,86.404434,147.0
83.56913,75.24599,81.702156,139.0
79.87647,74.486015,79.35101,135.0
76.23651,73.62074,76.99987,131.0
73.79592,73.79592,75.8243,129.0
69.124825,71.58085,72.29759,123.0
65.65804,70.40963,69.94645,119.0
61.712532,68.53871,67.00752,114.0
61.037735,70.21588,67.59531,115.0
55.64279,66.3125,62.893024,107.0
53.458744,66.016045,61.717453,105.0
50.804222,65.026436,59.954098,102.0
49.661613,65.90319,59.954098,102.0
45.175186,62.178303,55.839603,95.0
42.691044,60.969128,54.076244,92.0
40.71569,60.363495,52.900677,90.0
38.774757,59.707886,51.725105,88.0
35.583237,56.94508,48.78618,83.0
33.750637,56.170494,47.610607,81.0
32.765186,56.75097,47.610607,81.0
30.985315,55.898994,46.435036,79.0
26.206924,49.28805,40.557182,69.0
20.200731,39.646168,32.32819,55.0
21.278982,43.62838,35.267117,60.0
17.095266,36.66092,29.389263,50.0
18.756239,42.127205,33.50376,57.0
15.173192,35.745792,28.213694,48.0
14.850093,36.755264,28.80148,49.0
14.206363,37.00884,28.80148,49.0
15.218506,41.8125,32.32819,55.0
12.906117,37.482086,28.80148,49.0
12.499998,38.471043,29.389263,50.0
11.826686,38.68334,29.389263,50.0
12.487739,43.54991,32.915977,56.0
10.050673,37.509617,28.213694,48.0
9.590227,38.4643,28.80148,49.0
9.28145,40.202377,29.977049,51.0
9.419427,44.31493,32.915977,56.0
8.027124,41.29596,30.564835,52.0
7.445671,42.226486,31.15262,53.0
7.350127,41.684628,31.896196,53.0
9.143213,47.03774,36.108902,60.0
8.800418,41.40272,31.896196,53.0
9.162348,39.686493,30.692566,51.0
10.433201,41.845284,32.498013,54.0
12.195424,45.51394,35.507088,59.0
11.446958,39.92028,31.29438,52.0
11.908422,38.950684,30.692566,51.0
12.586388,38.736923,30.692566,51.0
17.160679,49.83823,39.71979,66.0
13.930621,38.274067,30.692566,51.0
14.596475,38.025112,30.692566,51.0
14.36036,35.543133,28.887121,48.0
16.226694,38.227688,31.29438,52.0
15.916881,35.749905,29.488935,49.0
16.200861,34.74286,28.887121,48.0
17.15484,35.172634,29.488935,49.0
19.216368,37.71424,31.896196,53.0
16.87215,31.731897,27.081676,45.0
18.197748,32.829613,28.285307,47.0
19.566568,33.890293,29.488935,49.0
20.155058,33.543648,29.488935,49.0
19.044556,30.47766,27.081676,45.0
20.87847,32.15002,28.887121,48.0
20.989792,31.118647,28.285307,47.0
22.445847,32.055992,29.488935,49.0
22.06303,30.367155,28.285307,47.0
22.58965,29.977478,28.285307,47.0
23.109388,29.578669,28.285307,47.0
26.135077,32.27413,31.29438,52.0
24.640944,29.365934,28.887121,48.0
26.721556,30.739632,30.692566,51.0
30.994703,34.423107,34.90527,58.0
40.85011,43.806377,45.136127,75.0
41.053635,42.512283,44.53431,74.0
39.53044,39.53044,42.127052,70.0
41.3633,39.944077,43.33068,72.0
43.222294,40.30544,44.53431,74.0
43.919136,39.544968,44.53431,74.0
43.397125,37.72455,43.33068,72.0
50.166805,42.094948,49.34883,82.0
53.997105,43.725994,52.357906,87.0
55.381336,43.268642,52.95972,88.0
57.403683,43.256775,54.163353,90.0
59.442093,43.18721,55.36698,92.0
62.149372,43.51746,57.17243,95.0
65.54779,44.21254,59.579685,99.0
66.97921,43.496807,60.181503,100.0
70.437256,44.014084,62.58876,104.0
81.46315,48.947994,71.61599,119.0
76.08025,43.924953,66.19965,110.0
80.327774,44.52641,69.208725,115.0
85.32355,45.367336,72.81962,121.0
88.948685,45.321617,75.226875,125.0
93.31515,45.51284,78.235954,130.0
96.990486,45.227406,80.64321,134.0
103.60176,46.126476,85.45773,142.0
109.53703,46.495712,89.67044,149.0
115.51518,46.671165,93.88314,156.0
120.78566,46.365273,97.49403,162.0
127.58022,46.435402,102.308556,170.0
135.16733,46.541843,107.72489,179.0
145.07358,47.137264,114.94667,191.0
152.74779,46.699684,120.36301,200.0
161.98422,46.448227,126.98297,211.0
172.02725,46.094566,134.20474,223.0
189.07867,47.14261,146.84286,244.0
196.87613,45.452435,152.2592,253.0
210.13834,44.666283,161.88824,269.0
214.02171,41.60161,164.2955,273.0
222.58018,39.24689,170.31364,283.0
216.13202,34.23195,164.89731,274.0
217.4874,30.56586,165.49913,275.0
217.19504,26.668198,164.89731,274.0
223.1872,23.45792,169.11002,281.0
217.99342,19.071953,164.89731,274.0
218.29308,15.264539,164.89731,274.0
217.7287,11.410678,164.2955,273.0
221.08728,7.720538,166.70276,277.0
217.9943,3.805104,164.2955,273.0
217.22887,0.0,163.69368,272.0
217.19577,-3.791166,163.69368,272.0
217.09653,-7.581178,163.69368,272.0
216.93115,-11.36888,163.69368,272.0
216.6997,-15.153119,163.69368,272.0
216.40224,-18.932741,163.69368,272.0
216.03886,-22.7066,163.69368,272.0
215.60966,-26.47354,163.69368,272.0
214.32394,-30.121265,163.09187,271.0
213.76561,-33.857147,163.09187,271.0
213.14217,-37.582714,163.09187,271.0
215.58965,-41.90638,165.49913,275.0
210.91953,-44.83233,162.49005,270.0
210.10497,-48.506554,162.49005,270.0
209.22641,-52.166004,162.49005,270.0
212.91266,-57.049774,166.10095,276.0
206.5107,-59.21599,161.88824,269.0
205.44577,-62.811073,161.88824,269.0
204.31828,-66.38703,161.88824,269.0
210.6798,-72.54287,167.90639,279.0
201.87694,-73.477196,161.88824,269.0
200.56384,-76.98925,161.88824,269.0
199.18965,-80.477844,161.88824,269.0
202.16566,-85.81423,165.49913,275.0
195.53008,-87.0556,161.28642,268.0
194.70477,-90.79233,161.88824,269.0
192.37277,-93.82647,161.28642,268.0
174.33942,-88.83037,147.44469,245.0
169.23679,-89.9848,144.43561,240.0
169.73607,-94.08624,146.24104,243.0
185.35916,-107.01716,161.28642,268.0
184.14778,-110.64715,161.88824,269.0
179.47955,-112.15127,159.48099,265.0
167.44803,-108.74202,150.45375,250.0
158.90373,-107.18191,144.43561,240.0
160.93416,-112.68731,148.0465,246.0
173.1574,-125.80622,161.28642,268.0
170.93541,-128.80907,161.28642,268.0
168.66135,-131.77269,161.28642,268.0
166.3359,-134.69617,161.28642,268.0
169.46591,-142.19878,166.70276,277.0
162.13649,-140.9431,161.88824,269.0
159.652,-143.75131,161.88824,269.0
156.53479,-145.97105,161.28642,268.0
159.13382,-153.67374,166.70276,277.0
152.47455,-152.47456,162.49005,270.0
149.7903,-155.11238,162.49005,270.0
146.51572,-157.11888,161.88824,269.0
144.82008,-160.839,163.09187,271.0
140.9431,-162.13649,161.88824,269.0
138.09196,-164.5716,161.88824,269.0
135.19876,-166.95656,161.88824,269.0
132.26437,-169.29068,161.88824,269.0
129.77032,-172.21104,162.49005,270.0
126.27565,-173.80351,161.88824,269.0
123.22312,-175.98085,161.88824,269.0
120.133064,-178.10458,161.88824,269.0
120.05119,-184.86261,166.10095,276.0
114.690544,-183.54324,163.09187,271.0
111.05848,-184.83235,162.49005,270.0
107.81579,-186.74243,162.49005,270.0
107.250565,-193.48515,166.70276,277.0
101.23291,-190.39139,162.49005,270.0
98.25727,-192.84074,163.09187,271.0
95.22687,-195.244,163.69368,272.0
92.81744,-199.04764,165.49913,275.0
88.0301,-197.71886,163.09187,271.0
84.56604,-199.22507,163.09187,271.0
81.076195,-200.67061,163.09187,271.0
78.13407,-203.5462,164.2955,273.0
74.296646,-204.12836,163.69368,272.0
70.72279,-205.39392,163.69368,272.0
67.1274,-206.59692,163.69368,272.0
63.511585,-207.73698,163.69368,272.0
60.5368,-211.11687,165.49913,275.0
56.222973,-209.82697,163.69368,272.0
52.745625,-211.55115,164.2955,273.0
49.40482,-213.9958,165.49913,275.0
46.65882,-219.51254,169.11002,281.0
41.754005,-214.80568,164.89731,274.0
37.998768,-215.50166,164.89731,274.0
37.493244,-212.6347,168.69125,274.0
41.499245,-213.49504,169.92258,276.0
44.56356,-209.6551,167.45993,272.0
48.215763,-208.84543,167.45993,272.0
51.662643,-207.20753,166.84427,271.0
55.475,-207.0355,167.45993,272.0
58.211002,-203.00586,164.99728,268.0
61.745083,-201.95901,164.99728,268.0
65.50384,-201.6001,165.61295,269.0
69.01227,-200.4262,165.61295,269.0
72.49969,-199.19124,165.61295,269.0
75.68262,-197.15994,164.99728,268.0
79.11201,-195.80907,164.99728,268.0
82.5173,-194.39854,164.99728,268.0
88.46154,-198.68788,169.92258,276.0
89.25143,-191.40031,164.99728,268.0
92.57824,-189.8135,164.99728,268.0
95.87684,-188.16888,164.99728,268.0
103.585625,-194.81621,172.38522,280.0
101.62135,-183.32979,163.76596,266.0
104.80543,-181.52834,163.76596,266.0
107.95757,-179.67157,163.76596,266.0
111.911995,-179.09663,164.99728,268.0
114.16226,-175.79445,163.76596,266.0
117.212906,-173.77528,163.76596,266.0
120.22785,-171.70316,163.76596,266.0
123.66936,-170.21626,164.38162,267.0
127.095436,-168.66135,164.99728,268.0
129.53448,-165.79657,164.38162,267.0
132.40831,-163.51062,164.38162,267.0
134.73526,-160.57123,163.76596,266.0
140.61899,-161.76364,167.45993,272.0
140.25703,-155.77122,163.76596,266.0
142.95425,-153.29968,163.76596,266.0
145.60794,-150.78143,163.76596,266.0
153.23213,-153.23213,169.30692,275.0
150.78143,-145.60794,163.76596,266.0
153.29968,-142.95425,163.76596,266.0
155.18562,-139.72977,163.1503,265.0
159.38477,-138.55106,164.99728,268.0
159.36394,-133.72221,162.53464,264.0
161.67343,-130.92056,162.53464,264.0
164.55464,-128.56418,163.1503,265.0
167.40268,-126.14696,163.76596,266.0
169.57875,-123.20618,163.76596,266.0
171.05766,-119.77586,163.1503,265.0
172.4687,-116.3316,162.53464,264.0
174.47269,-113.303894,162.53464,264.0
181.10144,-113.16474,166.84427,271.0
178.99612,-107.55171,163.1503,265.0
180.84589,-104.41142,163.1503,265.0
182.64058,-101.23933,163.1503,265.0
190.64159,-101.36593,168.69125,274.0
186.76465,-95.16134,163.76596,266.0
187.68874,-91.54191,163.1503,265.0
189.25777,-88.25235,163.1503,265.0
194.36858,-86.53847,166.2286,270.0
192.22244,-81.59358,163.1503,265.0
193.61717,-78.22642,163.1503,265.0
194.95293,-74.83542,163.1503,265.0
199.19124,-72.49968,165.61295,269.0
195.95572,-67.47297,161.91898,263.0
182.1146,-59.17262,149.60574,243.0
180.10524,-55.063698,147.1431,239.0
184.06874,-52.780865,149.60574,243.0
200.94623,-53.84338,162.53464,264.0
203.38452,-50.709457,163.76596,266.0
204.23854,-47.152184,163.76596,266.0
205.03036,-43.580547,163.76596,266.0
191.06259,-37.138805,152.06839,247.0
197.11392,-34.756504,156.37802,254.0
207.8085,-32.913635,164.38162,267.0
206.7906,-29.062523,163.1503,265.0
212.74127,-26.121344,167.45993,272.0
209.24628,-21.99267,164.38162,267.0
209.59824,-18.33747,164.38162,267.0
209.88635,-14.676683,164.38162,267.0
216.40598,-11.341357,169.30692,275.0
211.05823,-7.370316,164.99728,268.0
210.36682,-3.671967,164.38162,267.0
210.39886,0.0,164.38162,267.0
216.66995,3.781988,169.30692,275.0
211.84576,7.397817,165.61295,269.0
211.68439,11.093909,165.61295,269.0
211.45853,14.786621,165.61295,269.0
214.3083,18.749546,168.07559,273.0
210.81367,22.15741,165.61295,269.0
210.39487,25.83324,165.61295,269.0
210.6923,29.610872,166.2286,270.0
211.70006,33.529995,167.45993,272.0
209.53055,36.94589,166.2286,270.0
209.62738,40.747437,166.84427,271.0
208.88431,44.39973,166.84427,271.0
209.61325,48.39303,168.07559,273.0
207.20753,51.662643,166.84427,271.0
205.51318,55.067093,166.2286,270.0
206.0358,59.07981,167.45993,272.0
204.97333,62.666634,167.45993,272.0
205.34732,66.72139,168.69125,274.0
202.66144,69.78193,167.45993,272.0
201.4127,73.30823,167.45993,272.0
200.83829,77.0946,168.07559,273.0
203.11537,82.063934,171.1539,278.0
198.02539,84.056786,168.07559,273.0
197.24811,87.82052,168.69125,274.0
194.97122,90.91657,168.07559,273.0
198.31262,96.723526,172.38522,280.0
190.97739,97.30783,167.45993,272.0
189.25003,100.62603,167.45993,272.0
176.4377,97.80101,157.60934,256.0
168.56201,97.31933,152.06839,247.0
152.65329,91.72335,139.1395,226.0
142.34172,88.944984,131.1359,213.0
133.49805,86.69465,124.36362,202.0
125.43178,84.6048,118.20701,192.0
116.19011,81.35719,110.81907,180.0
110.28993,80.13033,106.50944,173.0
104.46934,78.72329,102.19981,166.0
99.97471,78.1088,99.1215,161.0
95.5343,77.36215,96.04319,156.0
91.75499,76.99158,93.58054,152.0
88.01845,76.51327,91.1179,148.0
83.74167,75.401344,88.0396,143.0
78.9551,73.626816,84.34563,137.0
75.39072,72.80397,81.88298,133.0
71.8798,71.8798,79.420334,129.0
69.51958,71.98963,78.18901,127.0
66.10291,70.886696,75.726364,123.0
63.801132,70.85834,74.49504,121.0
58.935898,67.798,70.18541,114.0
57.23716,68.21259,69.56975,113.0
54.55024,67.36393,67.72276,110.0
51.910824,66.44282,65.87578,107.0
49.794853,66.08,64.644455,105.0
50.48674,69.48904,67.1071,109.0
44.29447,63.25906,60.334827,98.0
41.86175,62.0626,58.487843,95.0
37.338783,57.49668,53.56255,87.0
31.318657,50.120327,46.17461,75.0
30.439165,50.65928,46.17461,75.0
29.156397,50.500362,45.55895,74.0
28.270601,51.001522,45.55895,74.0
27.74615,52.182915,46.17461,75.0
26.115707,51.254955,44.94329,73.0
25.217205,51.702934,44.94329,73.0
24.311024,52.13516,44.94329,73.0
23.717949,53.27139,45.55895,74.0
22.784628,53.677208,45.55895,74.0
21.549166,53.33605,44.94329,73.0
18.920654,49.289986,41.24932,67.0
13.745293,37.76488,31.398735,51.0
13.853764,40.234257,33.24572,54.0
11.688417,35.97325,29.55175,48.0
10.137252,33.15745,27.089106,44.0
9.774235,34.086803,27.704767,45.0
10.401563,38.819157,31.398735,51.0
8.959942,35.936363,28.93609,47.0
8.3314,36.08726,28.93609,47.0
7.864158,36.99796,29.55175,48.0
7.818698,40.2237,32.014397,52.0
6.15765,34.92176,27.704767,45.0
6.34265,35.970947,29.57806,47.0
7.117751,36.61764,30.20738,48.0
8.563618,40.288662,33.35398,53.0
8.566169,37.10416,30.8367,49.0
8.836405,35.440884,29.57806,47.0
9.453589,35.28127,29.57806,47.0
10.496314,36.60499,30.8367,49.0
10.67913,34.92985,29.57806,47.0
10.806807,33.259937,28.31942,45.0
11.132614,32.331463,27.690098,44.0
12.758379,35.05336,30.20738,48.0
13.089698,34.099827,29.57806,47.0
12.809457,31.704515,27.690098,44.0
13.057172,30.760763,27.060778,43.0
15.172498,34.07799,30.20738,48.0
13.794314,29.582005,26.431458,42.0
14.308491,29.336754,26.431458,42.0
15.171126,29.77501,27.060778,43.0
17.512703,32.9366,30.20738,48.0
15.824247,28.5477,26.431458,42.0
15.542918,26.921125,25.172817,40.0
15.61013,25.97962,24.543495,39.0
18.532108,29.657572,28.31942,45.0
18.623617,28.677855,27.690098,44.0
21.29415,31.569876,30.8367,49.0
25.853651,36.92284,36.500584,58.0
26.037312,35.837284,35.871265,57.0
28.061886,37.23938,37.759224,60.0
33.970577,43.480354,44.68175,71.0
34.23517,42.27691,44.05243,70.0
35.966866,42.86364,45.31107,72.0
37.729168,43.40244,46.56971,74.0
36.92086,41.004772,44.68175,71.0
37.63087,40.354168,44.68175,71.0
42.10837,43.604496,49.086994,78.0
41.214386,41.21439,47.19903,75.0
40.250305,38.869267,45.31107,72.0
40.92254,38.16088,45.31107,72.0
41.00477,36.92086,44.68175,71.0
43.98896,38.23902,47.19903,75.0
43.45897,36.466404,45.94039,73.0
43.484818,35.213314,45.31107,72.0
44.092754,34.449036,45.31107,72.0
49.031853,36.94815,49.716312,79.0
44.639423,32.43244,44.68175,71.0
52.201256,36.551712,51.604275,82.0
63.13975,42.5883,61.6734,98.0
74.30171,48.252098,71.74253,114.0
69.860054,43.653408,66.70796,106.0
71.943565,43.22805,67.966606,108.0
75.37915,43.520172,70.48389,112.0
84.28368,46.71921,78.03573,124.0
84.40003,44.876293,77.40641,123.0
87.94015,44.80774,79.92369,127.0
92.89972,45.310223,83.699615,133.0
102.83268,47.951668,91.88078,146.0
103.653885,46.149685,91.88078,146.0
108.020355,45.85192,95.02738,151.0
113.12747,45.706467,98.80331,157.0
124.06533,47.624218,107.61379,171.0
126.33815,45.983322,108.87243,173.0
134.46948,46.301556,115.165634,183.0
142.64818,46.3492,121.45884,193.0
159.78549,48.851326,135.3039,215.0
160.61374,46.05525,135.3039,215.0
169.65036,45.45768,142.22641,226.0
182.48285,45.498085,152.29555,242.0
201.42258,46.502068,167.39923,266.0
197.64249,42.01021,163.6233,260.0
199.8713,38.851048,164.88194,262.0
199.75357,35.221943,164.25262,261.0
203.40817,32.21669,166.76991,265.0
201.63069,28.337345,164.88194,262.0
200.55183,24.624668,163.6233,260.0
201.72394,21.202042,164.25262,261.0
201.28905,17.61051,163.6233,260.0
201.56573,14.09485,163.6233,260.0
201.00494,10.534223,162.99399,259.0
200.38152,6.997477,162.36467,258.0
201.25014,3.512834,162.99399,259.0
202.83508,0.0,164.25262,261.0
201.25014,-3.512834,162.99399,259.0
200.38152,-6.997477,162.36467,258.0
200.22887,-10.493551,162.36467,258.0
199.23999,-13.932217,161.73535,257.0
199.74068,-17.475044,162.36467,258.0
198.63239,-20.877106,161.73535,257.0
198.23778,-24.340538,161.73535,257.0
206.2482,-28.986294,168.65787,268.0
197.26755,-31.24411,161.73535,257.0
196.69221,-34.682144,161.73535,257.0
196.05696,-38.109615,161.73535,257.0
203.7238,-43.302834,168.65787,268.0
194.60753,-44.928688,161.73535,257.0
193.79378,-48.318214,161.73535,257.0
192.17032,-51.491886,161.10603,256.0
194.9776,-55.908928,164.25262,261.0
190.25623,-58.16716,161.10603,256.0
189.21208,-61.478737,161.10603,256.0
188.84512,-65.02459,161.73535,257.0
189.87236,-69.10789,163.6233,260.0
185.0097,-71.01857,160.4767,255.0
184.46263,-74.52774,161.10603,256.0
183.13385,-77.73571,161.10603,256.0
181.03932,-80.603905,160.4767,255.0
179.60503,-83.7512,160.4767,255.0
177.41751,-86.5323,159.84738,254.0
175.18785,-89.262665,159.21806,253.0
174.97568,-93.03622,160.4767,255.0
169.24709,-93.815186,156.70079,249.0
168.25703,-97.14324,157.33011,250.0
169.86674,-102.06623,160.4767,255.0
168.05957,-105.015274,160.4767,255.0
171.41536,-111.318436,165.51128,263.0
159.13795,-107.3399,155.44214,247.0
150.87436,-105.643364,149.14894,237.0
154.66617,-112.37155,154.81282,246.0
169.43918,-127.68158,171.80447,273.0
155.54944,-121.52854,159.84738,254.0
153.40479,-124.22475,159.84738,254.0
151.80873,-127.382645,160.4767,255.0
154.84114,-134.60135,166.1406,264.0
146.69312,-132.08308,159.84738,254.0
144.93399,-135.15312,160.4767,255.0
142.55316,-137.66199,160.4767,255.0
140.67844,-140.67845,161.10603,256.0
137.12215,-141.99413,159.84738,254.0
135.15312,-144.93399,160.4767,255.0
132.60309,-147.27066,160.4767,255.0
130.01268,-149.56247,160.4767,255.0
128.88126,-153.59471,162.36467,258.0
124.71382,-154.00873,160.4767,255.0
122.48546,-156.77423,161.10603,256.0
119.263016,-158.26736,160.4767,255.0
121.507454,-167.24065,167.39923,266.0
114.11266,-162.96977,161.10603,256.0
111.25107,-164.9365,161.10603,256.0
108.35559,-166.85297,161.10603,256.0
108.309875,-173.33203,165.51128,263.0
102.46649,-170.53288,161.10603,256.0
99.47468,-172.2952,161.10603,256.0
96.45255,-174.00504,161.10603,256.0
93.76592,-176.34804,161.73535,257.0
90.67394,-177.95761,161.73535,257.0
87.55434,-179.513,161.73535,257.0
84.408066,-181.01369,161.73535,257.0
81.236084,-182.45924,161.73535,257.0
78.34303,-184.56458,162.36467,258.0
74.81888,-185.18318,161.73535,257.0
71.575584,-186.46075,161.73535,257.0
68.57629,-188.4118,162.36467,258.0
67.30171,-195.45837,167.39923,266.0
62.19918,-191.42941,162.99399,259.0
58.848824,-192.48578,162.99399,259.0
55.694725,-194.23056,163.6233,260.0
54.50899,-203.4303,170.54584,271.0
48.88224,-196.05595,163.6233,260.0
45.627964,-197.63644,164.25262,261.0
42.33336,-199.16283,164.88194,262.0
39.295918,-202.15991,166.76991,265.0
35.087,-198.98824,163.6233,260.0
34.585785,-196.14569,167.12477,260.0
38.003735,-195.5122,167.12477,260.0
41.250816,-194.06987,166.482,259.0
47.56101,-206.00937,177.40938,276.0
47.813316,-191.76872,165.8392,258.0
50.954597,-190.16512,165.19641,257.0
54.26568,-189.24687,165.19641,257.0
60.919777,-199.25957,174.83823,272.0
60.363785,-185.78065,163.91084,255.0
63.596916,-184.69887,163.91084,255.0
66.81067,-183.5608,163.91084,255.0
73.572914,-191.66397,172.26707,268.0
72.8892,-180.40706,163.26805,254.0
76.026634,-179.1075,163.26805,254.0
79.14089,-177.75337,163.26805,254.0
82.55481,-177.03937,163.91084,255.0
84.62457,-173.50607,161.98248,252.0
87.639786,-172.00275,161.98248,252.0
90.6283,-170.44702,161.98248,252.0
93.96058,-169.50938,162.62526,253.0
97.67066,-169.17056,163.91084,255.0
99.4246,-165.47032,161.98248,252.0
102.703255,-164.35956,162.62526,253.0
105.13887,-161.89964,161.98248,252.0
112.660416,-167.02594,169.05315,263.0
110.72504,-158.13173,161.98248,252.0
113.46795,-156.17523,161.98248,252.0
115.71528,-153.55937,161.33969,251.0
123.09388,-157.55298,167.76756,261.0
121.48603,-150.02274,161.98248,252.0
124.08578,-147.87967,161.98248,252.0
126.647736,-145.69154,161.98248,252.0
130.70886,-145.1669,163.91084,255.0
132.17758,-141.7431,162.62526,253.0
134.09908,-138.86365,161.98248,252.0
136.50215,-136.50215,161.98248,252.0
139.96574,-135.16336,163.26805,254.0
141.74312,-132.17758,162.62526,253.0
143.45905,-129.17111,161.98248,252.0
145.69156,-126.647736,161.98248,252.0
147.87967,-124.08578,161.98248,252.0
153.59471,-124.37855,165.8392,258.0
152.12012,-118.84926,161.98248,252.0
153.55937,-115.71528,161.33969,251.0
156.17523,-113.46795,161.98248,252.0
163.7793,-114.6795,167.76756,261.0
160.04007,-107.94839,161.98248,252.0
162.54211,-105.55608,162.62526,253.0
164.35956,-102.703255,162.62526,253.0
172.69324,-103.76456,169.05315,263.0
166.5169,-96.13858,161.33969,251.0
168.16939,-93.21781,161.33969,251.0
170.44702,-90.628296,161.98248,252.0
172.00275,-87.63978,161.98248,252.0
173.50607,-84.624565,161.98248,252.0
174.95656,-81.58358,161.98248,252.0
175.65392,-78.20617,161.33969,251.0
177.6972,-75.427986,161.98248,252.0
179.69681,-72.60222,162.62526,253.0
180.22136,-69.1805,161.98248,252.0
181.40128,-66.02466,161.98248,252.0
182.52592,-62.848717,161.98248,252.0
186.5092,-60.600513,164.55362,256.0
183.87556,-56.216396,161.33969,251.0
184.82866,-52.998768,161.33969,251.0
184.24559,-49.368458,160.05411,249.0
176.15965,-43.92153,152.34067,237.0
170.18166,-39.28953,146.55557,228.0
170.84143,-36.31347,146.55557,228.0
175.961,-34.203354,150.4123,234.0
197.65451,-34.85182,168.41035,262.0
189.90991,-30.078775,161.33969,251.0
190.40593,-26.759808,161.33969,251.0
190.84395,-23.432692,161.33969,251.0
195.79492,-20.578876,165.19641,257.0
191.54549,-16.758059,161.33969,251.0
193.33713,-13.519449,162.62526,253.0
192.77864,-10.103101,161.98248,252.0
194.45676,-6.79058,163.26805,254.0
193.0138,-3.369068,161.98248,252.0
193.80925,0.0,162.62526,253.0
194.54565,3.395807,163.26805,254.0
195.22234,6.817314,163.91084,255.0
195.07362,10.223376,163.91084,255.0
194.10132,13.572886,163.26805,254.0
194.598,17.02512,163.91084,255.0
195.03308,20.498802,164.55362,256.0
194.64563,23.899479,164.55362,256.0
193.44029,27.186258,163.91084,255.0
192.93636,30.558119,163.91084,255.0
193.88248,34.18671,165.19641,257.0
197.01616,38.296062,168.41035,262.0
191.07266,40.613747,163.91084,255.0
191.08116,44.11456,164.55362,256.0
190.28215,47.44267,164.55362,256.0
196.8246,52.738995,170.9815,266.0
188.51051,54.05452,164.55362,256.0
188.271,57.560215,165.19641,257.0
187.23775,60.837234,165.19641,257.0
199.18504,68.58491,176.76659,275.0
185.0005,67.33467,165.19641,257.0
184.51234,70.82765,165.8392,258.0
183.95839,74.32401,166.482,259.0
184.74867,78.42116,168.41035,262.0
181.25246,80.69879,166.482,259.0
180.51073,84.17354,167.12477,260.0
178.3257,86.97525,166.482,259.0
177.46315,90.42199,167.12477,260.0
175.18167,93.145744,166.482,259.0
172.18938,95.44613,165.19641,257.0
160.54617,92.69138,155.5546,242.0
150.36787,90.35013,147.19836,229.0
142.92136,89.307175,141.41327,220.0
133.63145,86.78129,133.69983,208.0
125.745766,84.81659,127.27195,198.0
118.5988,83.04377,121.486855,189.0
112.79322,81.94907,116.98734,182.0
105.83972,79.75595,111.202255,173.0
100.80976,78.761215,107.34553,167.0
95.25253,77.13399,102.846016,160.0
95.065506,79.769424,104.13159,162.0
87.2993,75.88813,97.06093,151.0
84.25373,75.862404,95.13257,148.0
78.99517,73.664185,90.63305,141.0
81.0038,78.224464,94.48978,147.0
72.0428,72.04281,85.49075,133.0
69.17809,71.63601,83.562386,130.0
66.35001,71.15168,81.634026,127.0
67.66106,75.14522,84.84796,132.0
59.303307,68.22065,75.84894,118.0
58.103657,69.24524,75.84894,118.0
40.97743,50.60291,54.636948,85.0
41.50292,53.12131,56.565308,88.0
34.11526,45.272484,47.566284,74.0
33.319954,45.860977,47.566284,74.0
32.075108,45.808002,46.923496,73.0
37.267895,55.251926,55.922523,87.0
30.874111,47.54196,47.566284,74.0
30.039686,48.073547,47.566284,74.0
29.196112,48.590492,47.566284,74.0
30.641775,53.073116,51.423008,80.0
26.739769,48.239826,46.28071,72.0
26.613073,50.051903,47.566284,74.0
25.735493,50.508743,47.566284,74.0
27.536568,56.45833,52.708584,82.0
23.633339,50.68186,46.923496,73.0
23.056795,51.786415,47.566284,74.0
21.850174,51.475777,46.923496,73.0
21.809364,53.980064,48.851856,76.0
19.491331,50.77665,45.63792,71.0
18.602186,51.10909,45.63792,71.0
17.707376,51.425957,45.63792,71.0
17.280613,53.184265,46.923496,73.0
15.677884,51.280033,44.995132,70.0
14.358234,50.073105,43.709557,68.0
12.887349,48.096237,41.781193,65.0
9.822115,39.394352,34.06774,53.0
7.58219,32.842075,28.282656,44.0
7.167131,33.718704,28.925442,45.0
6.285233,32.334713,27.639868,43.0
5.986001,33.94829,28.925442,45.0
5.504267,31.216242,27.55448,42.0
6.91226,35.560486,31.490833,48.0
6.904168,32.481564,28.866598,44.0
7.469999,32.35612,28.866598,44.0
8.033554,32.220825,28.866598,44.0
8.399329,31.34672,28.210539,43.0
8.113021,28.293463,25.586304,39.0
9.708854,31.756224,28.866598,44.0
10.261595,31.581944,28.866598,44.0
10.319794,29.970861,27.55448,42.0
11.099413,30.495386,28.210539,43.0
11.359477,29.592447,27.55448,42.0
12.439645,30.7892,28.866598,44.0
12.38532,29.17798,27.55448,42.0
12.278721,27.57846,26.242361,40.0
14.352932,30.779963,29.522657,45.0
14.887931,30.52478,29.522657,45.0
15.418395,30.260302,29.522657,45.0
15.235533,28.653866,28.210539,43.0
17.56274,31.684027,31.490833,48.0
18.11303,31.372688,31.490833,48.0
25.654474,42.696217,43.299896,66.0
26.795654,42.88201,43.955956,67.0
28.362059,43.673737,45.268074,69.0
30.808062,45.674828,47.89231,73.0
30.301853,43.27553,45.924133,70.0
31.052502,42.7401,45.924133,70.0
31.339493,41.588913,45.268074,69.0
34.84842,44.603943,49.20443,75.0
32.771835,40.469845,45.268074,69.0
33.958256,40.469875,45.924133,70.0
34.16425,39.30147,45.268074,69.0
37.874943,42.06439,49.20443,75.0
35.515038,38.085217,45.268074,69.0
35.12578,36.373806,43.955956,67.0
36.2889,36.2889,44.612015,68.0
42.88852,41.41696,51.828663,79.0
36.981297,34.485615,43.955956,67.0
38.13838,34.33995,44.612015,68.0
38.731884,33.669113,44.612015,68.0
40.469875,33.958256,45.924133,70.0
39.883324,32.296883,44.612015,68.0
40.44091,31.595901,44.612015,68.0
40.38344,30.4311,43.955956,67.0
42.129528,30.608894,45.268074,69.0
41.420868,29.003202,43.955956,67.0
41.920734,28.27589,43.955956,67.0
41.77488,27.128923,43.299896,66.0
62.082912,38.79371,63.637726,97.0
75.04183,45.08968,76.10285,116.0
75.16373,43.3958,75.44679,115.0
80.530235,44.638638,80.0392,122.0
84.62886,44.997967,83.319496,127.0
88.0911,44.884655,85.94373,131.0
91.57434,44.66379,88.56797,135.0
97.81188,45.610428,93.816444,143.0
102.0403,45.43127,97.09674,148.0
106.291214,45.117943,100.37703,153.0
110.56122,44.669632,103.657326,158.0
117.66521,45.167442,109.56186,167.0
124.10913,45.172028,114.81033,175.0
132.01451,45.456238,121.370926,185.0
138.52989,45.01109,126.61939,193.0
147.2334,45.013767,133.83604,204.0
155.97678,44.72562,141.05269,215.0
168.39749,45.12197,151.54964,231.0
176.48224,44.001965,158.11023,241.0
181.6355,41.93386,162.04659,247.0
182.33969,38.7575,162.04659,247.0
187.4334,36.43336,165.98294,253.0
183.58122,32.370323,162.04659,247.0
183.37279,29.043398,161.39052,246.0
183.85175,25.838676,161.39052,246.0
195.51094,24.005726,171.23141,261.0
185.39207,19.485493,162.04659,247.0
184.95207,16.18121,161.39052,246.0
184.45343,12.89824,160.73447,245.0
192.1872,10.072104,167.29506,255.0
185.54546,6.47939,161.39052,246.0
185.63028,3.240189,161.39052,246.0
184.90384,0.0,160.73447,245.0
189.40324,-3.306046,164.67082,251.0
184.7912,-6.453051,160.73447,245.0
184.65044,-9.67712,160.73447,245.0
184.45343,-12.89824,160.73447,245.0
185.7039,-16.246986,162.04659,247.0
183.89091,-19.327715,160.73447,245.0
182.77652,-22.442135,160.0784,244.0
183.10437,-25.73364,160.73447,245.0
183.37279,-29.043398,161.39052,246.0
181.3515,-31.977161,160.0784,244.0
180.7658,-35.137314,160.0784,244.0
180.12503,-38.28676,160.0784,244.0
179.4294,-41.42454,160.0784,244.0
179.4114,-44.73229,160.73447,245.0
177.14542,-47.465973,159.42235,243.0
176.29004,-50.550354,159.42235,243.0
175.38097,-53.61934,159.42235,243.0
178.00732,-57.838085,162.70264,248.0
173.40283,-59.707386,159.42235,243.0
173.04358,-62.98271,160.0784,244.0
171.91803,-65.99315,160.0784,244.0
175.63838,-70.96252,164.67082,251.0
168.81546,-71.657906,159.42235,243.0
167.53914,-74.59323,159.42235,243.0
166.21179,-77.50584,159.42235,243.0
170.26045,-83.041565,164.67082,251.0
162.73318,-82.916695,158.76628,242.0
155.26398,-82.55532,152.86176,233.0
145.87854,-80.86179,144.98904,221.0
150.32745,-86.7916,150.89359,230.0
146.8491,-88.23584,148.9254,227.0
152.32715,-95.18456,156.14206,238.0
157.60522,-102.35003,163.3587,249.0
155.79497,-105.08503,163.3587,249.0
150.84615,-105.623604,160.0784,244.0
148.97978,-108.24015,160.0784,244.0
147.06804,-110.823715,160.0784,244.0
145.70622,-113.83817,160.73447,245.0
144.87032,-117.31367,162.04659,247.0
141.06642,-118.36878,160.0784,244.0
138.97911,-120.812706,160.0784,244.0
136.84947,-123.219826,160.0784,244.0
140.19775,-130.73651,166.63899,254.0
132.4658,-127.92074,160.0784,244.0
130.2131,-130.2131,160.0784,244.0
127.92074,-132.4658,160.0784,244.0
129.70709,-139.09383,165.32687,252.0
123.21982,-136.84949,160.0784,244.0
120.812706,-138.97911,160.0784,244.0
118.8539,-141.64456,160.73447,245.0
117.78863,-145.45683,162.70264,248.0
114.30282,-146.30093,161.39052,246.0
112.1863,-148.87625,162.04659,247.0
109.127365,-150.20093,161.39052,246.0
107.788025,-153.93724,163.3587,249.0
105.08503,-155.79497,163.3587,249.0
102.35004,-157.60522,163.3587,249.0
99.583855,-159.36748,163.3587,249.0
97.17604,-161.72809,164.01476,250.0
96.98017,-167.9746,168.60718,257.0
91.83849,-165.68106,164.67082,251.0
88.224365,-165.92587,163.3587,249.0
85.31512,-167.44034,163.3587,249.0
87.34253,-179.07872,173.19958,264.0
79.73851,-170.99979,164.01476,250.0
76.742004,-172.36537,164.01476,250.0
73.722145,-173.67845,164.01476,250.0
71.81068,-177.73764,166.63899,254.0
67.8864,-176.8501,164.67082,251.0
65.04772,-178.71715,165.32687,252.0
61.918766,-179.82516,165.32687,252.0
59.00417,-181.59618,165.98294,253.0
55.605255,-181.87656,165.32687,252.0
51.79852,-180.64287,163.3587,249.0
48.833305,-182.24837,164.01476,250.0
45.64519,-183.07286,164.01476,250.0
42.443176,-183.8416,164.01476,250.0
39.22823,-184.55434,164.01476,250.0
35.85735,-184.47002,163.3587,249.0
32.763493,-185.81096,164.01476,250.0
35.48759,-201.26007,184.01091,275.0
35.30789,-181.6433,166.61351,249.0
38.47261,-180.99944,166.61351,249.0
41.458458,-179.57632,165.94438,248.0
47.10315,-188.92041,175.31221,262.0
47.315655,-176.58441,164.60612,246.0
49.980595,-174.30302,163.26787,244.0
53.23227,-174.11487,163.937,245.0
58.10002,-178.8135,169.29004,253.0
59.034405,-171.44836,163.26787,244.0
62.525944,-171.78862,164.60612,246.0
65.24823,-169.97745,163.937,245.0
68.20481,-168.8128,163.937,245.0
71.14062,-167.59676,163.937,245.0
73.4502,-164.97188,162.59874,243.0
76.00411,-162.99135,161.9296,242.0
79.1629,-162.308,162.59874,243.0
84.34518,-165.53673,167.28265,250.0
84.43027,-158.79022,161.9296,242.0
87.18867,-157.29253,161.9296,242.0
90.29209,-156.3905,162.59874,243.0
96.45247,-160.52386,168.62091,252.0
95.30124,-152.51385,161.9296,242.0
97.94846,-150.8274,161.9296,242.0
100.56584,-149.09499,161.9296,242.0
104.85759,-149.75215,164.60612,246.0
105.707924,-145.49446,161.9296,242.0
107.78381,-143.03395,161.26047,241.0
109.80616,-140.54547,160.59134,240.0
112.70997,-139.18521,161.26047,241.0
114.64423,-136.62767,160.59134,240.0
117.01125,-134.60605,160.59134,240.0
119.34263,-132.54343,160.59134,240.0
122.14448,-130.98392,161.26047,241.0
125.960556,-130.43597,163.26787,244.0
126.64134,-126.64135,161.26047,241.0
128.29768,-123.89563,160.59134,240.0
130.98392,-122.14448,161.26047,241.0
138.06606,-124.31524,167.28265,250.0
134.60605,-117.01125,160.59134,240.0
137.19696,-115.12191,161.26047,241.0
139.76274,-113.17764,161.9296,242.0
143.4735,-112.09378,163.937,245.0
143.03395,-107.783806,161.26047,241.0
144.29204,-104.834305,160.59134,240.0
146.09967,-102.30009,160.59134,240.0
147.86281,-99.73471,160.59134,240.0
149.58089,-97.13897,160.59134,240.0
151.25342,-94.513626,160.59134,240.0
152.87987,-91.85949,160.59134,240.0
155.74692,-89.920525,161.9296,242.0
155.99258,-86.4681,160.59134,240.0
157.4779,-83.73249,160.59134,240.0
158.91525,-80.97137,160.59134,240.0
160.3042,-78.18558,160.59134,240.0
163.66486,-76.31818,162.59874,243.0
162.93518,-72.54342,160.59134,240.0
164.17642,-69.68876,160.59134,240.0
165.36766,-66.81287,160.59134,240.0
170.67123,-65.51455,164.60612,246.0
167.59865,-61.00092,160.59134,240.0
168.63774,-58.06663,160.59134,240.0
169.62546,-55.114655,160.59134,240.0
176.95757,-54.101353,166.61351,249.0
171.4456,-49.161236,160.59134,240.0
172.9953,-46.35395,161.26047,241.0
172.3358,-42.96814,159.92221,239.0
175.23174,-40.455433,161.9296,242.0
171.54967,-36.46401,157.91483,236.0
175.07788,-34.031693,160.59134,240.0
175.64516,-30.970978,160.59134,240.0
176.89291,-28.017086,161.26047,241.0
176.61902,-24.822186,160.59134,240.0
177.02533,-21.735977,160.59134,240.0
177.37772,-18.64315,160.59134,240.0
177.67607,-15.544641,160.59134,240.0
177.9203,-12.441399,160.59134,240.0
178.11034,-9.334367,160.59134,240.0
178.24611,-6.224491,160.59134,240.0
178.32759,-3.11272,160.59134,240.0
185.04306,0.0,166.61351,249.0
179.07063,3.125689,161.26047,241.0
178.9888,6.250427,161.26047,241.0
180.33672,9.451047,162.59874,243.0
186.07498,13.01163,167.95178,251.0
179.15671,15.67418,161.9296,242.0
178.85587,18.79851,161.9296,242.0
179.23814,22.007677,162.59874,243.0
184.71407,25.95987,167.95178,251.0
178.3609,28.249594,162.59874,243.0
177.84071,31.358116,162.59874,243.0
177.99585,34.59889,163.26787,244.0
178.81871,38.00909,164.60612,246.0
175.95584,40.622604,162.59874,243.0
175.94115,43.867054,163.26787,244.0
175.14876,46.93097,163.26787,244.0
175.01738,50.18543,163.937,245.0
173.4042,53.01498,163.26787,244.0
172.45255,56.03323,163.26787,244.0
171.44836,59.03441,163.26787,244.0
171.09029,62.27177,163.937,245.0
169.97745,65.24823,163.937,245.0
168.12378,67.926414,163.26787,244.0
166.9127,70.850235,163.26787,244.0
166.32967,74.05474,163.937,245.0
167.03246,77.88851,165.94438,248.0
163.64388,79.814445,163.937,245.0
162.226,82.65827,163.937,245.0
160.7587,85.47691,163.937,245.0
164.44218,91.151794,169.29004,253.0
158.32124,91.406815,164.60612,246.0
147.78387,88.79751,155.2383,232.0
139.27919,87.031296,147.87785,221.0
141.47859,91.87727,151.89264,227.0
123.8351,83.527824,134.49525,201.0
115.66224,80.98757,127.13481,190.0
109.421455,79.499344,121.78177,182.0
107.423836,80.94966,121.11264,181.0
97.79623,76.406784,111.744804,167.0
92.40512,74.82819,107.06089,160.0
88.80799,74.518745,104.38437,156.0
90.859085,78.9826,108.399155,162.0
81.18284,73.09736,98.3622,147.0
76.09024,70.9553,93.67828,140.0
72.70202,70.20752,91.00176,136.0
71.46565,71.46565,91.00176,136.0
66.5939,68.96,86.31785,129.0
63.352943,67.93771,83.64133,125.0
59.671314,66.27171,80.29567,120.0
59.48072,68.42474,81.633934,122.0
54.45601,64.89815,76.28088,114.0
52.379738,64.683586,74.94263,112.0
31.111746,39.821217,45.50088,68.0
38.015038,50.44766,56.8761,85.0
30.139862,41.48396,46.17001,69.0
29.411276,42.003654,46.17001,69.0
28.67373,42.510555,46.17001,69.0
28.736944,44.25101,47.50827,71.0
26.77886,42.855133,45.50088,68.0
26.409603,43.952965,46.17001,69.0
25.638496,44.40718,46.17001,69.0
25.94043,46.79778,48.177402,72.0
23.724207,44.61874,45.50088,68.0
23.279268,45.688137,46.17001,69.0
22.804129,46.75539,46.83914,70.0
22.298727,47.819775,47.50827,71.0
20.856232,46.843864,46.17001,69.0
20.03552,47.20072,46.17001,69.0
19.208702,47.5432,46.17001,69.0
19.17499,49.952553,48.177402,72.0
17.791937,48.882942,46.83914,70.0
16.9361,49.18601,46.83914,70.0
16.30475,50.180866,47.50827,71.0
15.20922,49.747105,46.83914,70.0
14.133857,49.29061,46.17001,69.0
13.271464,49.529774,46.17001,69.0
12.225245,49.03278,45.50088,68.0
11.200471,48.514572,44.83175,67.0
8.034441,37.79908,34.794792,52.0
6.948139,35.745068,32.7874,49.0
5.80706,32.933468,30.110876,45.0
6.222915,35.291897,33.41792,49.0
6.279701,32.30625,30.689926,45.0
7.146677,33.62248,32.053925,47.0
7.403345,32.067413,30.689926,45.0
10.438898,41.868134,40.237904,59.0
7.950108,29.670204,28.64393,42.0
8.869891,30.932981,30.007929,44.0
9.622223,31.472866,30.689926,45.0
12.204038,37.56017,36.82791,54.0
11.429062,33.19241,32.73592,48.0
11.756472,32.30064,32.053925,47.0
13.628875,35.50443,35.463917,52.0
16.712168,41.36406,41.6019,61.0
14.859661,35.00716,35.463917,52.0
16.06329,36.078743,36.82791,54.0
17.308672,37.11857,38.19191,56.0
19.236261,39.44018,40.919903,60.0
19.58963,38.446815,40.237904,59.0
21.631037,40.68206,42.965897,63.0
21.983171,39.658695,42.283897,62.0
22.671965,39.268997,42.283897,62.0
24.1072,40.12112,43.647896,64.0
25.191298,40.314503,44.32989,65.0
25.891047,39.868713,44.32989,65.0
27.400843,40.62342,45.69389,67.0
27.68616,39.539932,45.01189,66.0
28.80189,39.6424,45.69389,67.0
29.049215,38.549614,45.01189,66.0
30.167843,38.613075,45.69389,67.0
30.376884,37.512325,45.01189,66.0
31.026936,36.976463,45.01189,66.0
30.707916,35.325417,43.647896,64.0
34.255978,38.04512,47.739883,70.0
30.425703,32.62757,41.6019,61.0
31.49854,32.617695,42.283897,62.0
34.13158,34.13158,45.01189,66.0
34.72206,33.530704,45.01189,66.0
34.767086,32.42083,44.32989,65.0
33.153603,29.85164,41.6019,61.0
31.4617,27.349237,38.873905,57.0
31.373968,26.325886,38.19191,56.0
30.123533,24.393559,36.145912,53.0
37.46045,29.26731,44.32989,65.0
37.381443,28.168938,43.647896,64.0
37.867363,27.512253,43.647896,64.0
50.32355,35.23693,57.28786,84.0
67.30149,45.395424,75.70182,111.0
66.2434,43.01897,73.65582,108.0
68.844765,43.018986,75.70182,111.0
73.34642,44.070972,79.79381,117.0
76.00451,43.88122,81.839806,120.0
79.95705,44.32091,85.249794,125.0
83.30136,44.29212,87.97779,129.0
87.319885,44.4917,91.38778,134.0
90.71242,44.2434,94.115776,138.0
95.44775,44.508015,98.20776,144.0
99.550606,44.322784,101.61775,149.0
103.67506,44.007446,105.02775,154.0
107.139694,43.287247,107.75574,158.0
114.02384,43.769653,113.89372,167.0
119.58109,43.523956,118.66772,174.0
128.62059,44.287617,126.85169,186.0
132.85172,43.166138,130.26169,191.0
139.18001,42.551598,135.71767,199.0
148.3377,42.535152,143.90166,211.0
162.47969,43.536304,156.85962,230.0
168.89178,42.10945,162.31561,238.0
171.0262,39.48451,163.67961,240.0
172.40462,36.645733,164.3616,241.0
178.04333,34.60812,169.13559,248.0
172.85828,30.479576,163.67961,240.0
174.80858,27.68696,165.04361,242.0
175.26517,24.631912,165.04361,242.0
180.74968,22.19327,169.8176,249.0
177.47273,18.653137,166.4076,244.0
175.58554,15.361743,164.3616,241.0
175.09732,12.243997,163.67961,240.0
176.74504,9.262815,165.04361,242.0
175.41797,6.12573,163.67961,240.0
174.7669,3.050568,162.9976,239.0
175.52489,0.0,163.67961,240.0
176.2294,-3.076096,164.3616,241.0
174.68706,-6.100206,162.9976,239.0
174.55399,-9.147987,162.9976,239.0
174.36775,-12.192981,162.9976,239.0
174.85696,-15.298002,163.67961,240.0
175.2907,-18.423796,164.3616,241.0
174.94246,-21.480232,164.3616,241.0
173.8167,-24.428343,163.67961,240.0
173.36389,-27.458143,163.67961,240.0
174.29875,-30.733574,165.04361,242.0
173.01791,-33.631275,164.3616,241.0
171.68925,-36.493675,163.67961,240.0
171.0262,-39.48451,163.67961,240.0
174.56883,-43.5249,167.77159,246.0
169.54402,-45.429184,163.67961,240.0
168.02232,-48.179626,162.9976,239.0
167.85529,-51.31851,163.67961,240.0
175.97635,-57.178185,172.54558,253.0
165.27054,-56.907207,162.9976,239.0
164.2522,-59.78291,162.9976,239.0
163.8666,-62.902496,163.67961,240.0
168.16864,-67.94454,169.13559,248.0
160.8983,-68.29727,162.9976,239.0
160.34996,-71.3924,163.67961,240.0
158.41675,-73.87094,162.9976,239.0
159.0754,-77.58625,165.04361,242.0
155.74219,-79.3546,162.9976,239.0
154.33353,-82.06059,162.9976,239.0
152.87787,-84.741585,162.9976,239.0
152.64238,-88.12812,164.3616,241.0
149.20041,-89.64864,162.31561,238.0
148.23332,-92.62646,162.9976,239.0
146.5942,-95.19939,162.9976,239.0
145.51672,-98.15227,163.67961,240.0
143.18248,-100.257454,162.9976,239.0
140.81926,-102.31119,162.31561,238.0
139.01224,-104.753235,162.31561,238.0
137.16287,-107.163376,162.31561,238.0
140.9554,-114.14344,169.13559,248.0
133.33937,-111.88501,162.31561,238.0
131.3664,-114.19507,162.31561,238.0
128.8099,-115.980965,161.6336,237.0
131.58005,-122.70038,167.77159,246.0
125.73595,-121.42179,162.9976,239.0
123.08054,-123.08055,162.31561,238.0
121.42179,-125.73595,162.9976,239.0
120.20647,-128.90565,164.3616,241.0
117.44907,-130.44041,163.67961,240.0
115.15469,-132.4703,163.67961,240.0
112.35512,-133.89961,162.9976,239.0
110.92165,-136.97682,164.3616,241.0
108.51418,-138.89182,164.3616,241.0
105.633514,-140.1804,163.67961,240.0
102.741066,-141.41093,162.9976,239.0
100.257454,-143.18248,162.9976,239.0
99.78814,-147.942,166.4076,244.0
95.59771,-147.20755,163.67961,240.0
93.40158,-149.47377,164.3616,241.0
91.15535,-151.70798,165.04361,242.0
92.88191,-160.8762,173.22758,254.0
85.80528,-154.79684,165.04361,242.0
83.09065,-156.27077,165.04361,242.0
80.35069,-157.6971,165.04361,242.0
82.395325,-168.93544,175.27357,257.0
74.489105,-159.7424,164.3616,241.0
71.987335,-161.68622,165.04361,242.0
68.583046,-161.5715,163.67961,240.0
66.30073,-164.10004,165.04361,242.0
62.9025,-163.8666,163.67961,240.0
60.03305,-164.93944,163.67961,240.0
57.145313,-165.96205,163.67961,240.0
54.24017,-166.9341,163.67961,240.0
51.746178,-169.25407,165.04361,242.0
48.381226,-168.72536,163.67961,240.0
45.429188,-169.54402,163.67961,240.0
42.463314,-170.31105,163.67961,240.0
40.800655,-176.72707,169.13559,248.0
36.645725,-172.40462,164.3616,241.0
33.491737,-172.3,163.67961,240.0
30.606583,-173.5785,164.3616,241.0
31.602755,-179.22809,175.74857,253.0
32.94157,-169.46964,166.71802,240.0
35.89419,-168.86891,166.71802,240.0
38.835896,-168.21675,166.71802,240.0
42.809917,-171.70119,170.88596,246.0
44.496746,-166.0641,166.02336,239.0
47.38819,-165.26224,166.02336,239.0
49.84457,-163.03421,164.63403,237.0
53.12688,-163.50774,166.02336,239.0
55.7382,-161.87549,165.32869,238.0
58.308804,-160.20212,164.63403,237.0
61.095837,-159.16008,164.63403,237.0
64.13373,-158.73653,165.32869,238.0
68.58071,-161.56601,169.49664,244.0
69.341896,-155.74446,164.63403,237.0
72.353455,-155.16249,165.32869,238.0
74.73506,-153.22958,164.63403,237.0
80.0105,-157.02943,170.1913,245.0
80.03718,-150.52802,164.63403,237.0
82.65205,-149.10826,164.63403,237.0
85.24176,-147.64307,164.63403,237.0
89.28746,-148.59929,167.41267,241.0
90.34251,-144.57823,164.63403,237.0
92.85199,-142.97952,164.63403,237.0
95.333176,-141.33725,164.63403,237.0
98.19794,-140.24118,165.32869,238.0
100.20771,-137.92407,164.63403,237.0
102.59955,-136.1542,164.63403,237.0
104.960144,-134.34285,164.63403,237.0
107.74146,-133.04962,165.32869,238.0
110.97185,-132.2511,166.71802,240.0
111.375336,-128.12267,163.93938,236.0
113.59441,-126.159386,163.93938,236.0
116.269485,-124.68376,164.63403,237.0
123.42477,-127.81008,171.58063,247.0
119.53276,-119.53276,163.24472,235.0
122.11814,-117.928116,163.93938,236.0
124.15767,-115.7789,163.93938,236.0
129.36682,-116.482414,168.10733,242.0
128.12267,-111.37533,163.93938,236.0
130.04692,-109.122314,163.93938,236.0
131.37253,-106.38338,163.24472,235.0
134.9097,-105.40301,165.32869,238.0
135.57971,-102.16663,163.93938,236.0
137.34212,-99.78489,163.93938,236.0
139.65193,-97.78533,164.63403,237.0
141.33725,-95.333176,164.63403,237.0
142.97952,-92.85199,164.63403,237.0
144.57823,-90.34251,164.63403,237.0
146.1329,-87.805504,164.63403,237.0
147.64307,-85.24177,164.63403,237.0
150.9957,-83.69828,166.71802,240.0
149.89288,-79.69946,163.93938,236.0
151.261,-77.07133,163.93938,236.0
153.22958,-74.73506,164.63403,237.0
158.42221,-73.87349,168.80199,243.0
155.74445,-69.3419,164.63403,237.0
156.26877,-66.33215,163.93938,236.0
157.40262,-63.594784,163.93938,236.0
166.54726,-63.931507,172.27528,248.0
159.52615,-58.06277,163.93938,236.0
159.83505,-55.03562,163.24472,235.0
160.77121,-52.237732,163.24472,235.0
166.47375,-50.89613,168.10733,242.0
162.49634,-46.595074,163.24472,235.0
162.58995,-43.56585,162.55006,234.0
163.32552,-40.721626,162.55006,234.0
168.21675,-38.8359,166.71802,240.0
165.35081,-35.1464,163.24472,235.0
165.93903,-32.25528,163.24472,235.0
166.47668,-29.354328,163.24472,235.0
166.96362,-26.44444,163.24472,235.0
167.39972,-23.526497,163.24472,235.0
167.78482,-20.601385,163.24472,235.0
168.8342,-17.74519,163.93938,236.0
169.8348,-14.858618,164.63403,237.0
172.22101,-12.042866,166.71802,240.0
170.96825,-8.960066,165.32869,238.0
171.09857,-5.974894,165.32869,238.0
171.17679,-2.987902,165.32869,238.0
177.67693,0.0,171.58063,247.0
171.17679,2.987902,165.32869,238.0
171.09857,5.974894,165.32869,238.0
170.96825,8.960066,165.32869,238.0
171.50342,11.992687,166.02336,239.0
171.26799,14.984007,166.02336,239.0
170.265,17.895573,165.32869,238.0
169.92674,20.864382,165.32869,238.0
175.23544,24.627735,170.88596,246.0
169.09508,26.78203,165.32869,238.0
169.31032,29.853977,166.02336,239.0
168.76352,32.804302,166.02336,239.0
173.09064,36.791553,170.88596,246.0
167.51585,38.674084,166.02336,239.0
166.81538,41.591747,166.02336,239.0
166.0641,44.496742,166.02336,239.0
167.33665,47.983013,168.10733,242.0
165.78584,50.685818,167.41267,241.0
164.876,53.57146,167.41267,241.0
163.91594,56.440784,167.41267,241.0
163.58191,59.538944,168.10733,242.0
161.84633,62.126987,167.41267,241.0
160.73741,64.94213,167.41267,241.0
159.57954,67.737495,167.41267,241.0
159.0302,70.80481,168.10733,242.0
159.07416,74.1775,169.49664,244.0
156.46228,76.311745,168.10733,242.0
155.10663,79.03077,168.10733,242.0
154.33885,82.06343,168.80199,243.0
154.7706,85.79074,170.88596,246.0
150.13493,86.68045,167.41267,241.0
148.59929,89.28745,167.41267,241.0
138.47789,86.53059,157.68745,227.0
136.94662,88.93418,157.68745,227.0
124.04282,83.66794,144.48894,208.0
117.84973,82.51927,138.93167,200.0
109.40813,79.489655,130.59578,188.0
113.749084,85.71608,137.54236,198.0
99.19831,77.50221,121.565216,175.0
93.91737,76.052795,116.70261,168.0
89.26949,74.906,112.53466,162.0
90.66307,78.8122,116.00795,167.0
81.789764,73.64384,106.28273,153.0
78.91377,73.58828,104.19875,150.0
76.06511,73.45522,102.114784,147.0
74.2629,74.26291,101.42012,146.0
67.45888,69.85571,93.778885,135.0
64.75769,69.44412,91.69491,132.0
61.129196,67.890854,88.22162,127.0
60.40696,69.49026,88.916275,128.0
54.561157,65.02346,81.96969,118.0
52.05995,64.28868,79.88571,115.0
49.601418,63.48692,77.80174,112.0
54.979504,72.960266,88.22162,127.0
39.74483,54.70406,65.29789,94.0
27.23136,38.89041,45.847454,66.0
26.95073,39.9561,46.54211,67.0
29.383541,45.24668,52.09938,75.0
21.346752,34.161945,38.900867,56.0
20.747293,34.529297,38.900867,56.0
20.501183,35.509094,39.595528,57.0
20.575827,37.119778,40.984844,59.0
21.275705,40.01378,43.763477,63.0
23.186714,45.50649,49.320744,71.0
19.235607,39.438835,42.37416,61.0
12.160245,26.07773,27.786335,40.0
17.847492,40.086124,42.37416,61.0
19.112658,45.026592,47.23677,68.0
18.323923,45.353294,47.23677,68.0
17.787395,46.337746,47.931427,69.0
16.729952,45.965164,47.23677,68.0
16.159393,46.93029,47.931427,69.0
15.560174,47.889297,48.626087,70.0
14.51171,47.465656,47.931427,69.0
13.482832,47.020218,47.23677,68.0
12.660162,47.248363,47.23677,68.0
10.963515,43.972256,43.763477,63.0
10.841688,46.96051,46.54211,67.0
10.17002,47.846195,47.23677,68.0
9.333445,48.016396,47.23677,68.0
8.244197,46.755154,45.847454,66.0
8.103997,45.96004,46.66905,66.0
8.904877,45.811607,46.66905,66.0
9.409008,44.265907,45.254833,64.0
10.339186,44.78394,45.96194,65.0
12.829846,51.457703,53.03301,75.0
12.993903,48.493904,50.20458,71.0
13.05864,45.540882,47.376152,67.0
14.058188,45.98225,48.08326,68.0
15.732576,48.419895,50.911686,72.0
17.956493,52.149445,55.154327,78.0
16.2036,44.519024,47.376152,67.0
17.2315,44.88959,48.08326,68.0
18.012308,44.582024,48.08326,68.0
23.208248,54.675198,59.39697,84.0
18.982012,42.634296,46.66905,66.0
19.723192,42.29652,46.66905,66.0
20.76834,42.581406,47.376152,67.0
24.076485,47.252758,53.03301,75.0
21.577827,40.581985,45.96194,65.0
22.625603,40.817673,46.66905,66.0
22.627417,39.191837,45.254833,64.0
25.493084,42.427616,49.497475,70.0
23.23199,37.178955,43.84062,62.0
25.417788,39.139957,46.66905,66.0
25.701591,38.104176,45.96194,65.0
27.985006,39.96673,48.790367,69.0
27.015753,37.18399,45.96194,65.0
28.086134,37.27156,46.66905,66.0
29.167673,37.33292,47.376152,67.0
32.92976,40.664864,52.3259,74.0
29.543768,35.20889,45.96194,65.0
30.153748,34.687916,45.96194,65.0
26.969366,29.952518,40.305084,57.0
25.559021,27.408693,37.476658,53.0
23.08629,23.906553,33.234016,47.0
22.5,22.500002,31.819803,45.0
24.923853,24.068686,34.64823,49.0
27.92584,26.041265,38.183765,54.0
26.79962,24.130487,36.062447,51.0
28.283995,24.5869,37.476658,53.0
29.792137,24.998571,38.890873,55.0
39.56581,32.039764,50.911686,72.0
35.661297,27.861658,45.254833,64.0
58.73094,44.25694,73.5391,104.0
61.78263,44.88771,76.36753,108.0
70.66581,49.480736,86.26703,122.0
63.897774,43.09959,77.07464,109.0
67.01235,43.51833,79.90307,113.0
69.56063,43.466305,82.02438,116.0
79.40025,47.708485,92.63099,131.0
76.546555,44.194176,88.38834,125.0
80.39844,44.565582,91.92388,130.0
83.03699,44.15155,94.0452,133.0
93.245445,47.510925,104.6518,148.0
92.15379,44.946407,102.53048,145.0
95.4876,44.5266,105.35891,149.0
98.83405,44.003757,108.18733,153.0
108.69951,46.1402,118.08683,167.0
110.14382,44.500996,118.79394,168.0
116.18483,44.59918,124.45079,176.0
120.932274,44.015747,128.69344,182.0
135.72227,46.732925,143.54268,203.0
135.1722,43.920113,142.12846,201.0
142.68022,43.62172,149.19952,211.0
150.89665,43.26892,156.9777,222.0
161.87401,43.374012,167.5843,237.0
159.17583,39.686993,164.04877,232.0
160.5332,37.062008,164.75587,233.0
161.15558,34.254677,164.75587,233.0
163.8112,31.841673,166.8772,236.0
163.6456,28.855133,166.17009,235.0
163.42587,25.884115,165.46298,234.0
163.85272,23.027996,165.46298,234.0
166.33516,20.42339,167.5843,237.0
164.55656,17.295593,165.46298,234.0
164.83336,14.421049,165.46298,234.0
164.35455,11.492789,164.75587,233.0
165.23624,8.659664,165.46298,234.0
166.77554,5.82393,166.8772,236.0
165.43779,2.887727,165.46298,234.0
164.75589,0.0,164.75587,233.0
164.73079,-2.875387,164.75587,233.0
163.94884,-5.72522,164.04877,232.0
164.53009,-8.622657,164.75587,233.0
162.94377,-11.394139,163.34166,231.0
163.42451,-14.297793,164.04877,232.0
168.07274,-17.665157,168.99852,239.0
162.12415,-19.906342,163.34166,231.0
161.75204,-22.732767,163.34166,231.0
161.33066,-25.552267,163.34166,231.0
167.82379,-29.591862,170.41273,241.0
160.34062,-31.16706,163.34166,231.0
159.77226,-33.960644,163.34166,231.0
159.15523,-36.74388,163.34166,231.0
168.78127,-42.081898,173.94826,246.0
157.77594,-42.275936,163.34166,231.0
157.01408,-45.023067,163.34166,231.0
155.52821,-47.549744,162.63455,230.0
162.07214,-52.660435,170.41273,241.0
153.774,-52.948635,162.63455,230.0
152.8265,-55.624294,162.63455,230.0
151.83244,-58.283016,162.63455,230.0
152.10338,-61.453754,164.04877,232.0
150.3568,-63.822674,163.34166,231.0
148.57407,-66.14944,162.63455,230.0
146.75612,-68.4335,161.92744,229.0
146.17497,-71.2943,162.63455,230.0
144.90846,-73.83454,162.63455,230.0
143.5978,-76.3523,162.63455,230.0
142.2434,-78.8468,162.63455,230.0
140.84566,-81.31728,162.63455,230.0
143.6478,-86.312294,167.5843,237.0
137.32227,-85.80848,161.92744,229.0
136.98985,-88.96225,163.34166,231.0
136.58882,-92.13032,164.75587,233.0
139.59395,-97.74473,170.41273,241.0
132.14618,-96.00983,163.34166,231.0
129.88574,-97.87592,162.63455,230.0
128.15779,-100.12784,162.63455,230.0
137.93082,-111.69418,177.4838,251.0
124.585304,-104.53948,162.63455,230.0
122.74186,-106.697876,162.63455,230.0
120.86103,-108.82377,162.63455,230.0
120.49483,-112.36324,164.75587,233.0
116.98952,-112.975464,162.63455,230.0
115.0,-115.00001,162.63455,230.0
113.46666,-117.49816,163.34166,231.0
111.39875,-119.46053,163.34166,231.0
109.296906,-121.38652,163.34166,231.0
107.16178,-123.27552,163.34166,231.0
105.448524,-125.668655,164.04877,232.0
103.23924,-127.48984,164.04877,232.0
103.61054,-132.61545,168.29141,238.0
99.152565,-131.5799,164.75587,233.0
98.08797,-135.00648,166.8772,236.0
96.12241,-137.27702,167.5843,237.0
96.87523,-143.62344,173.24117,245.0
90.88784,-139.955,166.8772,236.0
88.43145,-141.5199,166.8772,236.0
86.3123,-143.6478,167.5843,237.0
87.32768,-151.256,174.65536,247.0
80.90366,-145.9541,166.8772,236.0
79.00804,-148.5925,168.29141,238.0
75.76067,-148.68867,166.8772,236.0
76.25391,-156.34367,173.94826,246.0
70.52535,-151.24211,166.8772,236.0
67.29986,-151.15796,165.46298,234.0
65.20413,-153.61127,166.8772,236.0
64.89729,-160.6264,173.24117,245.0
60.05685,-156.45343,167.5843,237.0
57.31721,-157.47774,167.5843,237.0
54.560112,-158.45409,167.5843,237.0
52.0049,-160.05466,168.29141,238.0
48.99692,-160.26167,167.5843,237.0
46.192505,-161.09238,167.5843,237.0
43.191,-161.191,166.8772,236.0
40.542316,-162.60634,167.5843,237.0
37.85733,-163.97812,168.29141,238.0
34.695717,-163.23055,166.8772,236.0
31.841682,-163.8112,166.8772,236.0
28.977928,-164.34196,166.8772,236.0
31.242184,-177.18318,186.309,259.0
31.14857,-160.24545,169.04485,235.0
33.94048,-159.67743,169.04485,235.0
36.72207,-159.06076,169.04485,235.0
43.86185,-175.92027,187.74768,261.0
41.891266,-156.34032,167.60617,233.0
44.42193,-154.91765,166.88683,232.0
46.712654,-152.79018,165.44815,230.0
52.37734,-161.20088,175.5189,244.0
51.790325,-150.41003,164.72882,229.0
54.169872,-148.8305,164.00948,228.0
57.00802,-148.51096,164.72882,229.0
63.494568,-157.15454,175.5189,244.0
62.156254,-146.43094,164.72882,229.0
64.984886,-145.95847,165.44815,230.0
67.815895,-145.43166,166.1675,231.0
69.734665,-142.97725,164.72882,229.0
72.219345,-141.73843,164.72882,229.0
74.68202,-140.45645,164.72882,229.0
76.785164,-138.52412,164.00948,228.0
79.19105,-137.16293,164.00948,228.0
82.28837,-136.95084,165.44815,230.0
83.56162,-133.72655,163.29013,227.0
85.882744,-132.24782,163.29013,227.0
88.177704,-130.72882,163.29013,227.0
94.43021,-134.8603,170.48354,237.0
93.50298,-128.6958,164.72882,229.0
95.316734,-126.48958,164.00948,228.0
97.08209,-124.25941,163.29013,227.0
104.04472,-128.48453,171.20287,238.0
101.359535,-120.79559,163.29013,227.0
102.996544,-118.48396,162.5708,226.0
105.5135,-117.184616,163.29013,227.0
110.85887,-118.88159,168.32552,234.0
109.53891,-113.430855,163.29013,227.0
111.010666,-111.01067,162.5708,226.0
112.93116,-109.05636,162.5708,226.0
115.3253,-107.54258,163.29013,227.0
119.76577,-107.837585,166.88683,232.0
119.00823,-103.45228,163.29013,227.0
120.79559,-101.359535,163.29013,227.0
122.546165,-99.23593,163.29013,227.0
130.82819,-102.21418,171.92221,239.0
124.82524,-94.06256,161.85146,225.0
126.447845,-91.86974,161.85146,225.0
128.03194,-89.648926,161.85146,225.0
134.7601,-90.896835,168.32552,234.0
131.08264,-85.12607,161.85146,225.0
132.54834,-82.82539,161.85146,225.0
134.56909,-80.85726,162.5708,226.0
141.97566,-81.96969,169.76419,236.0
137.30899,-76.11162,162.5708,226.0
138.61641,-73.70365,162.5708,226.0
139.8816,-71.27323,162.5708,226.0
141.72855,-69.125626,163.29013,227.0
142.28378,-66.34802,162.5708,226.0
142.78545,-63.57218,161.85146,225.0
144.51263,-61.34197,162.5708,226.0
146.20526,-59.07076,163.29013,227.0
147.21391,-56.51013,163.29013,227.0
148.17773,-53.93228,163.29013,227.0
149.09642,-51.338013,163.29013,227.0
151.291,-49.157425,164.72882,229.0
154.11879,-47.11884,166.88683,232.0
150.91116,-43.27308,162.5708,226.0
151.64339,-40.632725,162.5708,226.0
152.32944,-37.979996,162.5708,226.0
161.76819,-37.347126,171.92221,239.0
153.56212,-32.640636,162.5708,226.0
154.1084,-29.955637,162.5708,226.0
155.29182,-27.382137,163.29013,227.0
166.03764,-26.29778,174.08023,242.0
156.15285,-21.94585,163.29013,227.0
156.51207,-19.217266,163.29013,227.0
157.51448,-16.555439,164.00948,228.0
164.00755,-14.348801,170.48354,237.0
157.99629,-11.048177,164.00948,228.0
157.47134,-8.252724,163.29013,227.0
158.28563,-5.527456,164.00948,228.0
159.74709,-2.788396,165.44815,230.0
157.68745,0.0,163.29013,227.0
158.35799,2.764149,164.00948,228.0
158.28563,5.527456,164.00948,228.0
157.47134,8.252724,163.29013,227.0
157.30333,10.99972,163.29013,227.0
157.77942,13.80391,164.00948,228.0
158.20532,16.62805,164.72882,229.0
159.26999,19.555897,166.1675,231.0
156.84074,22.042528,164.00948,228.0
156.43216,24.77642,164.00948,228.0
156.66003,27.62339,164.72882,229.0
159.56355,31.016014,168.32552,234.0
155.60056,33.07392,164.72882,229.0
153.64594,35.47196,163.29013,227.0
153.00346,38.14805,163.29013,227.0
152.31438,40.812515,163.29013,227.0
152.24666,43.656025,164.00948,228.0
150.79726,46.103348,163.29013,227.0
149.96968,48.728104,163.29013,227.0
149.09642,51.338013,163.29013,227.0
152.09433,55.357807,167.60617,233.0
147.86244,56.75907,164.00948,228.0
146.20526,59.07076,163.29013,227.0
145.15207,61.613396,163.29013,227.0
150.40068,66.96269,170.48354,237.0
142.91336,66.641594,163.29013,227.0
141.72855,69.125626,163.29013,227.0
140.50055,71.5886,163.29013,227.0
145.36322,77.291,170.48354,237.0
137.91655,76.448395,163.29013,227.0
137.16293,79.191055,164.00948,228.0
135.75996,81.572815,164.00948,228.0
137.85027,86.138405,168.32552,234.0
126.42193,82.099365,156.09674,217.0
119.21086,80.40874,148.90334,207.0
113.23714,79.2895,143.14862,199.0
107.90216,78.395515,138.11324,192.0
100.41497,75.668106,130.2005,181.0
96.342094,75.27069,126.603806,176.0
91.77466,74.31766,122.287766,170.0
88.86725,74.56847,120.129745,167.0
82.83392,72.00643,113.655685,158.0
79.499695,71.58185,110.77833,154.0
76.20615,71.06338,107.90097,150.0
73.95492,71.417435,106.46229,148.0
70.241264,70.241264,102.86559,143.0
66.591934,68.95797,99.26889,138.0
63.483288,68.07749,96.39153,134.0
60.42623,67.11013,93.514175,130.0
57.42285,66.05743,90.63682,126.0
54.921688,65.45312,88.4788,123.0
52.459522,64.78211,86.32078,120.0
51.32093,65.68779,86.32078,120.0
47.24031,62.69001,81.2854,113.0
45.322407,62.380936,79.84672,111.0
43.429924,62.02436,78.408035,109.0
42.340836,62.77287,78.408035,109.0
42.373863,65.25002,80.566055,112.0
32.762047,52.43023,64.02124,89.0
21.46653,35.726307,43.16039,60.0
20.49242,35.493916,42.441048,59.0
21.216953,38.2764,45.318405,63.0
18.262854,34.347427,40.283028,56.0
15.768416,30.947256,35.96699,50.0
14.921391,30.593386,35.24765,49.0
15.265916,32.73786,37.40567,52.0
12.431892,27.922487,31.650951,44.0
15.471207,36.447872,41.00237,57.0
14.832747,36.712334,41.00237,57.0
17.17709,44.74784,49.634445,69.0
15.443165,42.42975,46.757088,65.0
14.700311,42.692806,46.757088,65.0
14.16764,43.60352,47.476425,66.0
14.623092,47.829967,51.792465,72.0
11.871377,41.400406,44.599068,62.0
11.506613,42.94326,46.037746,64.0
11.091503,44.485588,47.476425,66.0
11.563545,50.08722,53.231144,74.0
9.53222,44.845577,47.476425,66.0
8.748109,45.005104,47.476425,66.0
7.961328,45.150925,47.476425,66.0
9.947935,56.41753,61.433712,84.0
8.588676,44.184895,48.269344,66.0
9.500292,44.69537,49.000698,67.0
10.278888,44.52276,49.000698,67.0
14.519149,58.233128,64.35912,88.0
11.82645,44.136906,49.000698,67.0
12.030992,41.957047,46.806637,64.0
12.960809,42.392887,47.53799,65.0
17.281424,53.186756,59.971004,82.0
14.210364,41.269894,46.806637,64.0
15.394974,42.29734,48.269344,66.0
16.13082,42.02222,48.269344,66.0
19.672045,48.690014,56.314236,77.0
17.321072,40.80588,47.53799,65.0
17.753197,39.874336,46.806637,64.0
18.158173,38.940327,46.075283,63.0
20.030884,41.069393,49.000698,67.0
19.81573,38.890556,46.806637,64.0
20.171268,37.936634,46.075283,63.0
20.830278,37.57882,46.075283,63.0
23.528942,40.753326,50.463406,69.0
22.129072,36.82896,46.075283,63.0
22.045649,35.28041,44.612576,61.0
22.286575,34.318317,43.88122,60.0
22.882118,33.924133,43.88122,60.0
23.470692,33.51962,43.88122,60.0
24.052114,33.104893,43.88122,60.0
24.626211,32.680084,43.88122,60.0
25.612686,32.782745,44.612576,61.0
19.313797,23.850552,32.910915,45.0
18.850344,22.464966,31.44821,43.0
20.134403,23.161982,32.910915,45.0
21.44826,23.820707,34.373627,47.0
22.325844,23.941538,35.104977,48.0
22.740282,23.54825,35.104977,48.0
24.112282,24.112284,36.567684,50.0
26.98237,26.056572,40.224453,55.0
28.929358,26.97706,42.418514,58.0
31.929882,28.749798,46.075283,63.0
47.353382,41.16367,67.28454,92.0
43.885048,36.823925,61.433712,84.0
56.181297,45.49472,77.52349,106.0
56.966736,44.50729,77.52349,106.0
58.279488,43.91674,78.254845,107.0
60.692307,44.095543,80.448906,110.0
63.68728,44.59431,83.37432,114.0
65.02126,43.85739,84.105675,115.0
68.06466,44.20171,87.03109,119.0
71.13919,44.452698,89.956505,123.0
74.827095,44.96065,93.61327,128.0
76.190994,43.988895,94.34463,129.0
79.92955,44.305676,98.001396,134.0
83.70146,44.504856,101.658165,139.0
89.32675,45.51425,107.508995,147.0
91.333435,44.54629,108.9717,149.0
95.18746,44.386642,112.62847,154.0
99.062805,44.105602,116.28524,159.0
106.09529,45.03478,123.59878,169.0
108.129776,43.687263,125.061485,171.0
90.411446,34.705704,103.85223,142.0
74.34078,27.05783,84.83703,116.0
102.52989,35.303875,116.28524,159.0
129.7238,42.14982,146.27074,200.0
138.91823,42.47156,155.77834,213.0
145.53851,41.7325,162.36052,222.0
147.5622,39.539173,163.82323,224.0
146.9063,36.627853,162.36052,222.0
147.52316,34.058407,162.36052,222.0
148.0951,31.478586,162.36052,222.0
149.2914,29.019306,163.09187,223.0
149.10347,26.290964,162.36052,222.0
149.5396,23.684748,162.36052,222.0
149.93018,21.071314,162.36052,222.0
150.95201,18.534576,163.09187,223.0
151.93076,15.968566,163.82323,224.0
150.8275,13.195696,162.36052,222.0
151.03482,10.561383,162.36052,222.0
151.19614,7.923854,162.36052,222.0
155.4009,5.426719,166.74864,228.0
151.38057,2.642358,162.36052,222.0
151.40363,0.0,162.36052,222.0
151.38057,-2.642358,162.36052,222.0
156.08249,-5.45052,167.48,229.0
151.19614,-7.923854,162.36052,222.0
150.35448,-10.51381,161.62917,221.0
150.14809,-13.136256,161.62917,221.0
158.03511,-16.61016,170.40541,233.0
149.59818,-18.368347,161.62917,221.0
149.25482,-20.976397,161.62917,221.0
148.866,-23.578058,161.62917,221.0
155.81984,-27.475243,169.67406,232.0
147.95245,-28.759045,161.62917,221.0
147.42801,-31.33679,161.62917,221.0
146.85864,-33.90499,161.62917,221.0
153.5237,-38.277756,169.67406,232.0
144.92715,-38.833115,160.89781,220.0
144.88293,-41.544514,161.62917,221.0
144.13582,-44.06674,161.62917,221.0
143.34479,-46.575546,161.62917,221.0
141.86526,-48.848125,160.89781,220.0
140.99113,-51.316574,160.89781,220.0
140.07407,-53.769398,160.89781,220.0
139.11433,-56.205837,160.89781,220.0
138.11221,-58.625156,160.89781,220.0
137.06802,-61.02662,160.89781,220.0
135.36398,-63.121265,160.16646,219.0
134.24176,-65.474075,160.16646,219.0
134.90163,-68.73581,162.36052,222.0
132.47714,-70.43935,160.89781,220.0
131.22763,-72.74066,160.89781,220.0
129.3475,-74.67882,160.16646,219.0
132.70117,-79.73491,166.01729,227.0
126.08409,-78.78609,159.4351,218.0
124.68988,-80.974556,159.4351,218.0
124.9539,-84.28246,161.62917,221.0
127.93322,-89.5798,167.48,229.0
120.83286,-87.79022,160.16646,219.0
119.28232,-89.885666,160.16646,219.0
118.23285,-92.37363,160.89781,220.0
124.022865,-100.43174,171.13676,234.0
114.937035,-96.44362,160.89781,220.0
113.23635,-98.43486,160.89781,220.0
112.008,-100.85246,161.62917,221.0
111.72717,-104.18727,163.82323,224.0
107.92948,-104.22629,160.89781,220.0
106.57629,-106.576294,161.62917,221.0
104.22629,-107.92948,160.89781,220.0
102.79191,-110.23083,161.62917,221.0
100.852455,-112.008,161.62917,221.0
98.88229,-113.75106,161.62917,221.0
96.881996,-115.45947,161.62917,221.0
95.281395,-117.66272,162.36052,222.0
93.63326,-119.845116,163.09187,223.0
90.70654,-120.37165,161.62917,221.0
88.59196,-121.93636,161.62917,221.0
86.45038,-123.463936,161.62917,221.0
87.71478,-130.04253,168.21135,230.0
82.460335,-126.97777,162.36052,222.0
80.59311,-128.97592,163.09187,223.0
77.97864,-129.77824,162.36052,222.0
79.1118,-137.02568,169.67406,232.0
73.732574,-133.01709,163.09187,223.0
71.39989,-134.28363,163.09187,223.0
69.04543,-135.5093,163.09187,223.0
70.257576,-144.04938,171.86812,235.0
64.27416,-137.8364,163.09187,223.0
62.13619,-139.56018,163.82323,224.0
59.69108,-140.62334,163.82323,224.0
61.826427,-153.02576,176.9876,242.0
54.747025,-142.62086,163.82323,224.0
52.249607,-143.55461,163.82323,224.0
49.736275,-144.44463,163.82323,224.0
47.629288,-146.58789,165.28593,226.0
44.664944,-146.0924,163.82323,224.0
42.10847,-146.84967,163.82323,224.0
39.36266,-146.90344,163.09187,223.0
36.957836,-148.22978,163.82323,224.0
34.21182,-148.18768,163.09187,223.0
31.76217,-149.42929,163.82323,224.0
29.019316,-149.29138,163.09187,223.0
26.527826,-150.44675,163.82323,224.0
27.886402,-158.15161,178.35475,240.0
28.471788,-146.47461,165.7213,223.0
30.884651,-145.30089,164.97815,222.0
33.566322,-145.39172,165.7213,223.0
39.983704,-160.36588,183.55676,247.0
38.273613,-142.83905,164.235,221.0
40.76067,-142.14932,164.235,221.0
43.235313,-141.4163,164.235,221.0
51.279633,-157.8225,184.29991,248.0
48.14432,-139.82127,164.235,221.0
50.348354,-138.33096,163.49185,220.0
52.754898,-137.4312,163.49185,220.0
59.15594,-146.41608,175.38217,236.0
57.780495,-136.12228,164.235,221.0
60.147343,-135.09315,164.235,221.0
62.495888,-134.02286,164.235,221.0
65.41205,-134.11456,165.7213,223.0
67.135155,-131.76015,164.235,221.0
69.42446,-130.5684,164.235,221.0
71.692604,-129.3369,164.235,221.0
74.2735,-128.64548,164.97815,222.0
76.16273,-126.75607,164.235,221.0
78.363335,-125.40754,164.235,221.0
80.54006,-124.02081,164.235,221.0
83.06643,-123.15105,164.97815,222.0
85.20306,-121.68258,164.97815,222.0
86.13382,-118.55303,162.74872,219.0
88.59243,-117.566124,163.49185,220.0
90.63075,-116.00207,163.49185,220.0
95.58915,-118.042755,168.69388,227.0
94.623955,-112.76843,163.49185,220.0
96.57762,-111.09984,163.49185,220.0
98.50187,-109.397415,163.49185,220.0
104.95958,-112.55537,170.92331,230.0
101.79497,-105.411766,162.74872,219.0
103.61915,-103.61915,162.74872,219.0
105.41177,-101.79497,162.74872,219.0
110.597885,-103.13419,167.95073,226.0
108.90015,-98.05414,162.74872,219.0
110.59485,-96.13863,162.74872,219.0
112.25585,-94.19384,162.74872,219.0
114.92268,-93.06256,164.235,221.0
114.9475,-89.80683,162.00557,218.0
116.497345,-87.78704,162.00557,218.0
118.55303,-86.13382,162.74872,219.0
120.038216,-84.05167,162.74872,219.0
120.932106,-81.56973,162.00557,218.0
122.89845,-79.811195,162.74872,219.0
123.70518,-77.299576,162.00557,218.0
125.0354,-75.128845,162.00557,218.0
127.4865,-73.60437,163.49185,220.0
127.58119,-70.719406,162.00557,218.0
128.79599,-68.48204,162.00557,218.0
129.97154,-66.22381,162.00557,218.0
135.31738,-65.9987,167.20758,225.0
132.20355,-61.647526,162.00557,218.0
133.25931,-59.330868,162.00557,218.0
134.27448,-56.996136,162.00557,218.0
141.45282,-57.15065,169.43701,228.0
136.18182,-52.275307,162.00557,218.0
136.44463,-49.66178,161.26242,217.0
137.92325,-47.49078,162.00557,218.0
144.4585,-46.937412,168.69388,227.0
138.85674,-42.452763,161.26242,217.0
139.57649,-40.022915,161.26242,217.0
140.25372,-37.580875,161.26242,217.0
149.97781,-37.39367,171.66646,231.0
141.47984,-32.663197,161.26242,217.0
142.68286,-30.328178,162.00557,218.0
142.53358,-27.705723,161.26242,217.0
143.65437,-25.330141,162.00557,218.0
143.41368,-22.714495,161.26242,217.0
144.45087,-20.301247,162.00557,218.0
144.11903,-17.695593,161.26242,217.0
145.07138,-15.247617,162.00557,218.0
144.6488,-12.655131,161.26242,217.0
144.84764,-10.128734,161.26242,217.0
145.00235,-7.599251,161.26242,217.0
145.11288,-5.067454,161.26242,217.0
147.85535,-2.580825,164.235,221.0
145.20134,0.0,161.26242,217.0
145.84827,2.545791,162.00557,218.0
145.78162,5.090806,162.00557,218.0
148.34341,7.774349,164.97815,222.0
145.51514,10.17541,162.00557,218.0
145.3154,12.713449,162.00557,218.0
145.07138,15.247617,162.00557,218.0
150.09633,18.42951,167.95073,226.0
144.45087,20.301247,162.00557,218.0
144.07457,22.81917,162.00557,218.0
143.65437,25.330141,162.00557,218.0
151.72931,29.493189,171.66646,231.0
142.68286,30.328178,162.00557,218.0
142.13182,32.813717,162.00557,218.0
141.5375,35.28926,162.00557,218.0
152.53401,40.871365,175.38217,236.0
140.2197,40.20735,162.00557,218.0
140.13652,42.844032,162.74872,219.0
138.73106,45.076458,162.00557,218.0
143.61732,49.45141,168.69388,227.0
137.7022,50.119495,162.74872,219.0
136.8065,52.5151,162.74872,219.0
135.86916,54.894703,162.74872,219.0
134.89041,57.257584,162.74872,219.0
134.48187,59.87519,163.49185,220.0
133.41643,62.2131,163.49185,220.0
132.31033,64.53206,163.49185,220.0
132.35634,67.43893,164.97815,222.0
130.5684,69.42445,164.235,221.0
128.75166,71.36821,163.49185,220.0
127.4865,73.60437,163.49185,220.0
126.18252,75.8181,163.49185,220.0
125.975,78.71792,164.97815,222.0
123.45963,80.17563,163.49185,220.0
84.31963,56.87431,112.95801,152.0
40.012737,28.017221,54.249573,73.0
46.013733,33.430935,63.16731,85.0
37.941795,28.591192,52.763283,71.0
38.491596,30.07293,54.249573,73.0
45.24106,36.635487,64.6536,87.0
71.761734,60.21524,104.040276,140.0
81.80988,71.11625,120.38946,162.0
79.56175,71.637726,118.90317,160.0
76.831276,71.64632,116.67374,157.0
74.60651,72.04666,115.18745,155.0
70.49887,70.49888,110.72858,149.0
66.93368,69.31185,107.012856,144.0
63.43209,68.02259,103.29713,139.0
61.3398,68.124756,101.81084,137.0
57.068596,65.64991,96.608826,130.0
54.193718,64.585556,93.636246,126.0
51.795,63.961494,91.406815,123.0
50.67083,64.8557,91.406815,123.0
46.71237,61.98941,86.204796,116.0
44.050175,60.62986,83.232216,112.0
42.60153,60.84129,82.489075,111.0
41.533215,61.575523,82.489075,111.0
31.705816,48.822674,64.6536,87.0
36.16769,57.880405,75.80077,102.0
35.15203,58.502804,75.80077,102.0
34.794792,60.26635,77.28706,104.0
21.410461,38.6255,49.047558,66.0
15.706891,29.540363,37.15724,50.0
15.188948,29.809986,37.15724,50.0
15.546361,31.874763,39.386677,53.0
14.987701,32.14123,39.386677,53.0
11.975037,26.896376,32.69837,44.0
12.81106,30.18096,36.414097,49.0
11.029074,27.297913,32.69837,44.0
14.627494,38.105923,45.331833,61.0
13.502513,37.09785,43.845543,59.0
12.853009,37.32785,43.845543,59.0
12.19959,37.546482,43.845543,59.0
13.107538,42.872814,49.790703,67.0
11.43512,39.878998,46.074978,62.0
10.910577,40.718822,46.818123,63.0
10.198273,40.903038,46.818123,63.0
9.783906,42.378754,48.304413,65.0
8.764563,41.234035,46.818123,63.0
8.043599,41.38072,46.818123,63.0
7.436374,42.17376,47.561268,64.0
7.746797,43.934258,51.32025,68.0
7.886466,40.57234,47.546703,63.0
8.593346,40.42852,47.546703,63.0
9.592775,41.550877,49.05612,65.0
10.475193,42.013702,49.810833,66.0
10.697437,39.923374,47.546703,63.0
11.573402,40.36124,48.301414,64.0
12.659667,41.407894,49.810833,66.0
12.772202,39.3088,47.546703,63.0
13.456291,39.079906,47.546703,63.0
13.911895,38.22262,46.791992,62.0
14.811964,38.586483,47.546703,63.0
15.237372,37.713814,46.791992,62.0
15.636906,36.838238,46.037285,61.0
16.277437,36.559727,46.037285,61.0
17.467539,37.45926,47.546703,63.0
17.54344,35.96938,46.037285,61.0
18.16852,35.657726,46.037285,61.0
19.096067,35.914474,46.791992,62.0
19.71995,35.575733,46.791992,62.0
20.33783,35.226154,46.791992,62.0
20.611618,34.303493,46.037285,61.0
20.859499,33.382175,45.282574,60.0
22.153553,34.11348,46.791992,62.0
22.378677,33.177753,46.037285,61.0
22.2017,31.707314,44.527866,59.0
22.366068,30.784248,43.773155,58.0
22.899918,30.389217,43.773155,58.0
23.426796,29.984932,43.773155,58.0
19.817823,24.472973,36.22606,48.0
20.241917,24.123379,36.22606,48.0
21.951086,25.251835,38.49019,51.0
19.754513,21.93961,33.96193,45.0
21.476698,23.030937,36.22606,48.0
24.609793,25.484186,40.75432,54.0
26.90642,26.90642,43.773155,58.0
22.65261,21.875372,36.22606,48.0
26.389616,24.608715,41.509026,55.0
49.242233,44.33791,76.22567,101.0
50.503674,43.902172,76.98038,102.0
53.775032,45.12261,80.75392,107.0
53.024776,42.938618,78.4898,104.0
52.215137,40.794937,76.22567,101.0
43.48802,32.770573,62.640896,83.0
60.50697,43.960888,86.036896,114.0
61.80239,43.2745,86.7916,115.0
64.723816,43.65676,89.81044,119.0
67.12652,43.592476,92.07457,122.0
70.65894,44.152607,95.848114,127.0
72.54346,43.5885,97.35754,129.0
74.99762,43.299896,99.621666,132.0
78.61089,43.57473,103.39521,137.0
84.5728,44.968155,110.1876,146.0
85.929276,43.78315,110.94231,147.0
89.038956,43.4272,113.96114,151.0
85.02657,39.64854,107.92347,143.0
49.745197,22.14799,62.640896,83.0
42.273388,17.943989,52.82967,70.0
41.36354,16.711954,51.32025,68.0
41.648903,15.987516,51.32025,68.0
41.92158,15.258207,51.32025,68.0
40.940857,14.097067,49.810833,66.0
51.787785,16.826872,62.640896,83.0
125.47848,38.362617,150.94191,200.0
134.9579,38.698555,161.50784,214.0
140.04866,37.52593,166.79082,221.0
136.22626,33.96502,161.50784,214.0
136.79828,31.58237,161.50784,214.0
136.6869,29.0537,160.75314,213.0
144.90121,28.165941,169.80966,225.0
138.26369,24.37962,161.50784,214.0
138.66812,21.962873,161.50784,214.0
139.0303,19.539434,161.50784,214.0
149.76884,18.389301,173.5832,230.0
139.62752,14.675445,161.50784,214.0
139.20882,12.179193,160.75314,213.0
139.40018,9.74781,160.75314,213.0
148.7213,7.794153,171.31908,227.0
140.31111,4.899772,161.50784,214.0
139.71928,2.438809,160.75314,213.0
140.39664,0.0,161.50784,214.0
143.65504,-2.507508,165.2814,219.0
139.65544,-4.876876,160.75314,213.0
139.54906,-7.313457,160.75314,213.0
139.40018,-9.74781,160.75314,213.0
139.20882,-12.179193,160.75314,213.0
138.97507,-14.606868,160.75314,213.0
138.69897,-17.030092,160.75314,213.0
138.38063,-19.44813,160.75314,213.0
139.3161,-22.065502,162.26256,215.0
136.97151,-24.151772,159.99843,212.0
137.17314,-26.663757,160.75314,213.0
136.6869,-29.0537,160.75314,213.0
136.15903,-31.43479,160.75314,213.0
134.95311,-33.64759,159.99843,212.0
134.34532,-35.997723,159.99843,212.0
133.69661,-38.336887,159.99843,212.0
133.00719,-40.664375,159.99843,212.0
135.39697,-43.99315,163.77197,217.0
132.1273,-45.49508,160.75314,213.0
131.31319,-47.79409,160.75314,213.0
130.45906,-50.078545,160.75314,213.0
133.82321,-54.06809,166.0361,220.0
128.63188,-54.60099,160.75314,213.0
127.65936,-56.837612,160.75314,213.0
126.64797,-59.05692,160.75314,213.0
130.90495,-63.84661,167.54553,222.0
124.509766,-63.44089,160.75314,213.0
123.3836,-65.604225,160.75314,213.0
121.64606,-67.42951,159.99843,212.0
126.13236,-72.822556,167.54553,222.0
119.2187,-71.63382,159.99843,212.0
117.950356,-73.70356,159.99843,212.0
116.64609,-75.750854,159.99843,212.0
123.46475,-83.27802,171.31908,227.0
113.931366,-79.7756,159.99843,212.0
113.0525,-82.13745,160.75314,213.0
111.60178,-84.09798,160.75314,213.0
110.634056,-86.4368,161.50784,214.0
108.08897,-87.528725,159.99843,212.0
107.04749,-89.82351,160.75314,213.0
104.968414,-91.24765,159.99843,212.0
103.84748,-93.5047,160.75314,213.0
102.19978,-95.30284,160.75314,213.0
100.52096,-97.07196,160.75314,213.0
98.81151,-98.81151,160.75314,213.0
97.07196,-100.52095,160.75314,213.0
97.09257,-104.11903,163.77197,217.0
93.065704,-103.35994,159.99843,212.0
91.67806,-105.46355,160.75314,213.0
89.82351,-107.04749,160.75314,213.0
91.24457,-112.67765,166.79082,221.0
86.84071,-111.15104,162.26256,215.0
85.282455,-113.17364,163.01727,216.0
83.29432,-114.64478,163.01727,216.0
84.6675,-120.91772,169.80966,225.0
79.24252,-117.48188,163.01727,216.0
77.18012,-118.846954,163.01727,216.0
75.0942,-120.175835,163.01727,216.0
80.756996,-134.4022,180.3756,239.0
71.1824,-123.29154,163.77197,217.0
68.70176,-123.94127,163.01727,216.0
66.52824,-125.1214,163.01727,216.0
67.312874,-132.10895,170.56436,226.0
62.408627,-127.95664,163.77197,217.0
60.44323,-129.62093,164.52669,218.0
58.171825,-130.65607,164.52669,218.0
55.882713,-131.6514,164.52669,218.0
53.330803,-131.99835,163.77197,217.0
51.01899,-132.909,163.77197,217.0
48.69163,-133.77916,163.77197,217.0
46.349445,-134.60857,163.77197,217.0
44.195873,-136.02094,164.52669,218.0
41.431637,-135.51675,163.01727,216.0
39.241066,-136.84984,163.77197,217.0
36.846725,-137.51384,163.77197,217.0
35.393456,-141.9554,168.30023,223.0
32.025112,-138.716,163.77197,217.0
29.599302,-139.2538,163.77197,217.0
27.164495,-139.74916,163.77197,217.0
25.974554,-147.30898,172.07379,228.0
24.221306,-137.36581,166.23164,217.0
26.614983,-136.92218,166.23164,217.0
28.866896,-135.80809,165.4656,216.0
36.148933,-156.57825,191.51111,250.0
33.588947,-134.71791,165.4656,216.0
35.768623,-133.49031,164.69955,215.0
37.91573,-132.22783,163.93352,214.0
42.472843,-138.92238,173.12605,226.0
42.308674,-130.21272,163.16747,213.0
44.574757,-129.4545,163.16747,213.0
46.827263,-128.65685,163.16747,213.0
50.217278,-130.82047,166.9977,218.0
51.288803,-126.94422,163.16747,213.0
53.496475,-126.02978,163.16747,213.0
55.68784,-125.07694,163.16747,213.0
58.948868,-126.41626,166.23164,217.0
60.019043,-123.05727,163.16747,213.0
61.86573,-121.41832,162.40143,212.0
63.97535,-120.32012,162.40143,212.0
66.06547,-119.18528,162.40143,212.0
68.77827,-119.127464,163.93352,214.0
70.18474,-116.80702,162.40143,212.0
72.55324,-116.10945,163.16747,213.0
74.56858,-114.82554,163.16747,213.0
79.79618,-118.302704,170.06187,222.0
78.16182,-111.62664,162.40143,212.0
80.09807,-110.24553,162.40143,212.0
82.39676,-109.34419,163.16747,213.0
88.64566,-113.46127,171.59396,224.0
86.16262,-106.40197,163.16747,213.0
88.00647,-104.88203,163.16747,213.0
90.24522,-103.81524,163.93352,214.0
95.91427,-106.5236,170.82791,223.0
93.81334,-100.602486,163.93352,214.0
95.10829,-98.48751,163.16747,213.0
96.812645,-96.81265,163.16747,213.0
100.79943,-97.34087,166.9977,218.0
99.66228,-92.93658,162.40143,212.0
101.269066,-91.18308,162.40143,212.0
103.330124,-89.82351,163.16747,213.0
104.88203,-88.00646,163.16747,213.0
105.40289,-85.353584,161.63538,211.0
106.876465,-83.501045,161.63538,211.0
108.31748,-81.62308,161.63538,211.0
110.76556,-80.47589,163.16747,213.0
111.100105,-77.79313,161.63538,211.0
111.90797,-75.48287,160.86934,210.0
113.74736,-73.8684,161.63538,211.0
115.56434,-72.21261,162.40143,212.0
117.358,-70.51579,163.16747,213.0
116.90078,-67.4927,160.86934,210.0
118.06089,-65.442215,160.86934,210.0
119.75258,-63.673576,161.63538,211.0
124.28197,-63.32482,166.23164,217.0
120.74634,-58.891922,160.10329,209.0
121.17319,-56.503986,159.33725,208.0
122.14086,-54.380615,159.33725,208.0
129.57991,-55.00341,167.76373,219.0
124.560295,-50.325626,160.10329,209.0
124.819534,-47.91373,159.33725,208.0
126.84478,-46.167725,160.86934,210.0
131.2778,-45.20257,165.4656,216.0
126.544754,-41.116886,158.5712,207.0
127.85777,-39.090042,159.33725,208.0
127.902626,-36.675488,158.5712,207.0
135.97385,-36.434082,167.76373,219.0
129.10468,-32.18941,158.5712,207.0
129.64679,-29.931318,158.5712,207.0
130.77815,-27.797756,159.33725,208.0
132.50534,-25.756428,160.86934,210.0
131.66862,-23.216728,159.33725,208.0
132.05376,-20.91526,159.33725,208.0
133.03519,-18.696877,160.10329,209.0
133.97923,-16.450583,160.86934,210.0
134.24593,-14.109816,160.86934,210.0
134.47174,-11.764752,160.86934,210.0
134.01535,-9.371266,160.10329,209.0
134.8004,-7.06459,160.86934,210.0
136.83035,-4.778221,163.16747,213.0
134.32214,-2.344602,160.10329,209.0
134.3426,0.0,160.10329,209.0
134.32214,2.344602,160.10329,209.0
138.11514,4.823087,164.69955,215.0
134.8004,7.06459,160.86934,210.0
134.01535,9.371266,160.10329,209.0
134.47174,11.764752,160.86934,210.0
139.36006,14.647333,166.9977,218.0
133.97923,16.450583,160.86934,210.0
133.67172,18.786337,160.86934,210.0
133.3235,21.11637,160.86934,210.0
141.79697,25.002632,171.59396,224.0
133.1363,25.879078,161.63538,211.0
132.03564,28.065042,160.86934,210.0
131.52573,30.365107,160.86934,210.0
144.69702,36.07702,177.72232,232.0
130.38588,34.93679,160.86934,210.0
129.75629,37.207016,160.86934,210.0
129.70187,39.65384,161.63538,211.0
133.88069,43.500473,167.76373,219.0
127.631195,43.946945,160.86934,210.0
127.44881,46.38757,161.63538,211.0
126.61982,48.604794,161.63538,211.0
129.92413,52.49276,166.9977,218.0
124.8464,52.994152,161.63538,211.0
123.90251,55.16495,161.63538,211.0
122.920876,57.318947,161.63538,211.0
123.057274,60.01904,163.16747,213.0
121.41833,61.865723,162.40143,212.0
120.88767,64.277115,163.16747,213.0
119.747475,66.377106,163.16747,213.0
118.57079,68.45688,163.16747,213.0
117.358,70.51579,163.16747,213.0
116.10945,72.55324,163.16747,213.0
115.90371,75.26875,164.69955,215.0
100.71717,67.934586,144.7824,189.0
45.282505,31.707151,65.87982,86.0
37.44188,27.203117,55.1552,72.0
36.448063,27.465586,54.389156,71.0
35.96317,28.09751,54.389156,71.0
43.45996,35.193184,66.64587,87.0
35.45308,29.748665,55.1552,72.0
34.928493,30.362877,55.1552,72.0
35.82632,32.258163,57.453335,75.0
44.659985,41.646107,72.77422,95.0
63.80881,61.619453,105.714134,138.0
68.63244,68.63244,115.672714,151.0
66.08463,68.43264,113.37458,148.0
66.1954,70.98587,115.672714,151.0
59.35502,65.92043,105.714134,138.0
56.930393,65.49092,103.416,135.0
54.53922,64.99731,101.11787,132.0
58.655308,72.433266,111.07645,145.0
49.863186,63.821964,96.5216,126.0
45.26019,60.0623,89.6272,117.0
33.626076,46.282322,68.177956,89.0
43.87385,62.65835,91.15929,119.0
40.616974,60.217144,86.56303,113.0
38.509598,59.299572,84.26489,110.0
37.12818,59.41751,83.49885,109.0
38.40297,63.913277,88.86116,116.0
35.03192,60.677074,83.49885,109.0
20.567553,37.10485,50.558933,66.0
17.20092,32.35022,43.664536,57.0
15.174613,29.781853,39.834312,52.0
18.59745,38.13042,50.558933,66.0
15.755919,33.788677,44.430576,58.0
14.640934,32.88408,42.89849,56.0
13.562487,31.951212,41.3664,54.0
13.965965,34.56697,44.430576,58.0
12.439142,32.40507,41.3664,54.0
12.970932,35.637344,45.196625,59.0
12.55627,36.466057,45.962666,60.0
12.116568,37.29097,46.72871,61.0
11.275977,36.88205,45.962666,60.0
10.453402,36.455338,45.196625,59.0
10.148307,37.873993,46.72871,61.0
9.796777,39.292725,48.2608,63.0
8.675744,37.57878,45.962666,60.0
8.152225,38.35321,46.72871,61.0
7.358982,37.858665,45.962666,60.0
7.25523,41.146442,49.79289,65.0
6.556822,37.185577,46.628757,60.0
7.324882,37.68324,47.405903,61.0
7.850583,36.934093,46.628757,60.0
10.617471,45.989323,58.285946,75.0
9.28703,37.24824,47.405903,61.0
9.772807,36.47261,46.628757,60.0
10.407854,36.296497,46.628757,60.0
14.719641,48.145767,62.171677,80.0
11.668241,35.911156,46.628757,60.0
12.2932,35.70205,46.628757,60.0
12.914416,35.482063,46.628757,60.0
16.012508,41.714005,55.17736,71.0
14.144856,35.009743,46.628757,60.0
14.753707,34.75755,46.628757,60.0
15.102091,33.919857,45.851612,59.0
18.085436,38.784344,52.845924,68.0
16.000803,32.806507,45.074467,58.0
16.856625,33.082985,45.851612,59.0
17.431437,32.783756,45.851612,59.0
20.746838,37.42829,52.845924,68.0
18.56495,32.15544,45.851612,59.0
19.123314,31.82654,45.851612,59.0
19.675852,31.487944,45.851612,59.0
22.964417,35.3621,52.06878,67.0
20.410868,30.260355,45.074467,58.0
20.935875,29.899527,45.074467,58.0
21.824411,30.038723,45.851612,59.0
24.996475,33.171444,51.291634,66.0
22.859451,29.258762,45.851612,59.0
22.970562,28.36628,45.074467,58.0
24.27116,28.925243,46.628757,60.0
35.919807,41.32101,67.611694,87.0
35.79329,39.75248,66.0574,85.0
28.326902,30.376883,51.291634,66.0
28.852737,29.877884,51.291634,66.0
32.929756,32.929756,57.5088,74.0
28.067102,27.104088,48.18305,62.0
29.916628,27.897705,50.51449,65.0
51.91206,46.74183,86.2632,111.0
50.82009,44.177235,83.15462,107.0
61.707188,51.778477,99.474686,128.0
53.79812,43.564857,85.48605,110.0
55.54206,43.394215,87.040344,112.0
57.79873,43.554462,89.37178,115.0
64.15049,46.608063,97.92039,126.0
48.457855,33.930553,73.05172,94.0
44.8688,30.264387,66.83455,86.0
60.696136,39.416534,89.37178,115.0
75.25085,47.02195,109.577576,141.0
71.744576,43.108486,103.36041,133.0
74.66602,43.108448,106.468994,137.0
79.25991,43.934483,111.90902,144.0
85.57117,45.498997,119.68047,154.0
83.54856,42.570114,115.79475,149.0
45.250355,22.070072,62.171677,80.0
41.065777,19.149284,55.95451,72.0
44.843197,19.965479,60.617386,78.0
41.12977,17.45855,55.17736,71.0
41.428196,16.738077,55.17736,71.0
42.88905,16.463564,56.731655,73.0
48.492153,17.6497,63.725967,82.0
98.18063,33.8063,128.22908,165.0
126.28757,41.033318,163.9778,211.0
126.98447,38.823044,163.9778,211.0
127.64268,36.60095,163.9778,211.0
127.65414,34.204823,163.20065,210.0
128.23164,31.97174,163.20065,210.0
129.3833,29.870485,163.9778,211.0
129.26933,27.477045,163.20065,210.0
130.34694,25.33688,163.9778,211.0
130.14952,22.948872,163.20065,210.0
130.53021,20.673956,163.20065,210.0
132.11754,18.567907,164.75494,212.0
131.79683,16.182617,163.9778,211.0
131.43332,13.814198,163.20065,210.0
131.02747,11.463417,162.42351,209.0
131.83536,9.218826,163.20065,210.0
133.86154,7.015386,165.53209,213.0
130.81891,4.568297,161.64636,208.0
131.50793,2.295479,162.42351,209.0
132.15729,0.0,163.20065,210.0
135.28328,-2.361378,167.08638,215.0
132.07678,-4.612223,163.20065,210.0
131.97617,-6.916578,163.20065,210.0
131.83536,-9.218826,163.20065,210.0
136.66978,-11.957057,169.41782,218.0
130.80743,-13.748416,162.42351,209.0
129.92294,-15.952532,161.64636,208.0
130.24794,-18.305155,162.42351,209.0
136.12436,-21.55998,170.19496,219.0
129.52975,-22.83959,162.42351,209.0
129.11142,-25.09672,162.42351,209.0
128.0382,-27.215359,161.64636,208.0
132.44925,-30.578318,167.86353,216.0
127.01039,-31.667248,161.64636,208.0
126.43838,-33.879063,161.64636,208.0
125.22291,-35.907093,160.86922,207.0
129.99358,-39.743023,167.86353,216.0
124.492004,-40.449905,161.64636,208.0
123.172066,-42.411545,160.86922,207.0
123.00449,-44.769974,161.64636,208.0
122.79193,-47.135406,162.42351,209.0
121.36711,-49.035496,161.64636,208.0
120.492836,-51.146175,161.64636,208.0
119.00695,-52.98531,160.86922,207.0
118.63446,-55.320156,161.64636,208.0
117.0853,-57.10631,160.86922,207.0
116.070816,-59.141033,160.86922,207.0
115.02099,-61.157745,160.86922,207.0
114.486534,-63.460922,161.64636,208.0
116.086586,-67.02263,165.53209,213.0
111.662605,-67.09366,160.86922,207.0
109.940956,-68.69874,160.09207,206.0
109.253044,-70.94976,160.86922,207.0
113.21547,-76.36479,168.64067,217.0
106.71038,-74.71941,160.86922,207.0
104.88097,-76.200485,160.09207,206.0
103.53511,-78.0193,160.09207,206.0
112.57185,-87.95077,176.41212,227.0
101.23827,-81.98115,160.86922,207.0
99.79209,-83.735504,160.86922,207.0
98.315506,-85.46436,160.86922,207.0
101.95341,-91.79927,169.41782,218.0
95.27296,-88.84347,160.86922,207.0
94.16061,-90.92984,161.64636,208.0
92.55932,-92.55932,161.64636,208.0
93.98998,-97.32947,167.08638,215.0
89.27266,-95.73321,161.64636,208.0
87.58829,-97.27665,161.64636,208.0
85.877235,-98.79046,161.64636,208.0
84.54455,-100.75626,162.42351,209.0
82.37719,-101.72735,161.64636,208.0
80.58926,-103.149536,161.64636,208.0
78.77677,-104.540306,161.64636,208.0
77.68011,-106.91749,163.20065,210.0
75.80231,-108.25691,163.20065,210.0
73.90141,-109.563354,163.20065,210.0
71.97802,-110.836426,163.20065,210.0
70.03269,-112.07573,163.20065,210.0
69.362526,-115.43864,166.30923,214.0
66.078636,-114.45157,163.20065,210.0
64.68132,-116.6882,164.75494,212.0
62.63499,-117.79927,164.75494,212.0
63.140915,-123.92101,171.74925,221.0
57.93394,-118.78218,163.20065,210.0
56.118042,-120.345535,163.9778,211.0
54.009174,-121.3066,163.9778,211.0
54.83461,-129.18222,173.30354,223.0
49.742744,-123.11759,163.9778,211.0
47.586468,-123.96697,163.9778,211.0
45.415695,-124.778595,163.9778,211.0
45.48484,-132.09758,172.5264,222.0
41.033314,-126.28757,163.9778,211.0
38.639057,-126.38264,163.20065,210.0
36.42749,-127.037735,163.20065,210.0
35.344986,-131.90927,168.64067,217.0
31.97174,-128.23164,163.20065,210.0
29.728918,-128.7701,163.20065,210.0
27.346197,-128.65376,162.42351,209.0
25.697126,-132.20021,166.30923,214.0
23.058157,-130.76927,163.9778,211.0
22.34388,-126.718414,164.69424,209.0
24.552021,-126.30916,164.69424,209.0
27.008675,-127.06585,166.27026,211.0
29.914637,-129.57454,170.21033,216.0
30.979935,-124.25373,163.90623,208.0
33.143745,-123.69413,163.90623,208.0
35.29746,-123.09685,163.90623,208.0
40.320454,-131.88223,176.5144,224.0
39.191467,-120.61894,162.33022,206.0
41.290592,-119.91659,162.33022,206.0
43.587708,-119.75623,163.11823,207.0
50.74567,-132.19699,181.24248,230.0
47.50996,-117.59126,162.33022,206.0
49.31442,-116.17747,161.5422,205.0
51.584885,-115.86156,162.33022,206.0
57.76213,-123.87129,174.93839,222.0
55.596977,-113.99069,162.33022,206.0
57.298416,-112.45447,161.5422,205.0
59.252293,-111.43735,161.5422,205.0
67.15768,-121.15568,177.30241,225.0
63.413128,-109.83477,162.33022,206.0
65.003265,-108.1836,161.5422,205.0
66.88143,-107.03266,161.5422,205.0
72.762985,-112.04516,170.99834,217.0
70.57607,-104.63333,161.5422,205.0
72.74456,-103.88999,162.33022,206.0
74.54661,-102.6046,162.33022,206.0
76.32595,-101.28796,162.33022,206.0
78.08205,-99.94046,162.33022,206.0
79.814354,-98.562515,162.33022,206.0
81.52235,-97.15456,162.33022,206.0
83.20552,-95.716995,162.33022,206.0
85.27529,-94.70781,163.11823,207.0
86.4953,-92.75486,162.33022,206.0
88.10093,-91.23118,162.33022,206.0
90.11505,-90.11505,163.11823,207.0
93.445526,-90.239296,166.27026,211.0
92.75486,-86.4953,162.33022,206.0
94.25028,-84.863335,162.33022,206.0
95.716995,-83.20551,162.33022,206.0
101.39917,-85.08401,169.42232,215.0
98.08406,-79.42691,161.5422,205.0
99.455315,-77.703,161.5422,205.0
100.30458,-75.58492,160.7542,204.0
108.581566,-78.88913,171.78635,218.0
102.881355,-72.0383,160.7542,204.0
104.122925,-70.2318,160.7542,204.0
105.84911,-68.73922,161.5422,205.0
113.29799,-70.79644,170.99834,217.0
107.655876,-64.68617,160.7542,204.0
108.76841,-62.79747,160.7542,204.0
109.30934,-60.591156,159.96619,203.0
113.61173,-60.408432,164.69424,209.0
111.35735,-56.739403,159.96619,203.0
112.88399,-55.057198,160.7542,204.0
113.26969,-52.818527,159.96619,203.0
115.299126,-51.334476,161.5422,205.0
115.04404,-48.833294,159.96619,203.0
115.87877,-46.81806,159.96619,203.0
117.252975,-45.009205,160.7542,204.0
117.44211,-42.74543,159.96619,203.0
118.17023,-40.689274,159.96619,203.0
118.86236,-38.620724,159.96619,203.0
119.51828,-36.540405,159.96619,203.0
121.32142,-34.788357,161.5422,205.0
121.91008,-32.665707,161.5422,205.0
121.26686,-30.235224,159.96619,203.0
121.77607,-28.11422,159.96619,203.0
122.85039,-26.112658,160.7542,204.0
132.35266,-25.726751,172.57436,219.0
123.08057,-21.702423,159.96619,203.0
124.04866,-19.647379,160.7542,204.0
124.37266,-17.479437,160.7542,204.0
128.93628,-15.831385,166.27026,211.0
124.90692,-13.128247,160.7542,204.0
125.73033,-10.999978,161.5422,205.0
125.90316,-8.804006,161.5422,205.0
126.037636,-6.605353,161.5422,205.0
126.13372,-4.404686,161.5422,205.0
126.19138,-2.202679,161.5422,205.0
125.59494,0.0,160.7542,204.0
126.806946,2.213423,162.33022,206.0
126.13372,4.404686,161.5422,205.0
125.42281,6.573132,160.7542,204.0
125.90316,8.804006,161.5422,205.0
126.34365,11.053637,162.33022,206.0
125.5192,13.192601,161.5422,205.0
125.88092,15.456234,162.33022,206.0
124.98233,17.56512,161.5422,205.0
125.264824,19.839998,162.33022,206.0
124.89949,22.02315,162.33022,206.0
124.49611,24.199593,162.33022,206.0
124.0548,26.368664,162.33022,206.0
123.575714,28.529701,162.33022,206.0
123.65636,30.830992,163.11823,207.0
121.91008,32.665707,161.5422,205.0
121.91323,34.958057,162.33022,206.0
121.28456,37.08041,162.33022,206.0
122.96106,39.952473,165.48225,210.0
119.91659,41.290592,162.33022,206.0
119.177704,43.377136,162.33022,206.0
118.40252,45.45047,162.33022,206.0
122.728745,49.585632,169.42232,215.0
116.744194,49.55497,162.33022,206.0
116.42399,51.8353,163.11823,207.0
114.94363,53.599094,162.33022,206.0
121.18428,59.105522,172.57436,219.0
113.00303,57.577915,162.33022,206.0
112.52454,59.83036,163.11823,207.0
112.001686,62.08355,163.90623,208.0
114.63337,66.18361,169.42232,215.0
109.76678,65.95453,163.90623,208.0
108.59899,67.86018,163.90623,208.0
107.398125,69.74516,163.90623,208.0
113.31024,76.42872,174.93839,222.0
106.4116,74.5102,166.27026,211.0
101.60844,73.82285,160.7542,204.0
96.37107,72.620804,154.4501,196.0
92.66324,72.39646,150.51006,191.0
77.51033,62.76663,127.657745,162.0
58.481384,49.071705,97.71333,124.0
46.929207,40.794937,79.58909,101.0
45.295036,40.783836,78.01306,99.0
44.576363,41.56813,78.01306,99.0
43.84411,42.339764,78.01306,99.0
39.615795,39.615795,71.70898,91.0
43.195114,44.72985,79.58909,101.0
44.927174,48.178493,84.317154,107.0
41.195793,45.752563,78.80108,100.0
39.987118,45.999916,78.01306,99.0
40.761173,48.57728,81.16511,103.0
45.718903,56.45814,92.98527,118.0
47.379883,60.643482,98.50134,125.0
47.79635,63.427895,101.65339,129.0
45.59647,62.758156,99.28935,126.0
47.319275,67.578926,105.59344,134.0
41.312824,61.24878,94.561295,120.0
38.89634,59.895107,91.40925,116.0
36.86635,58.99849,89.04521,113.0
39.00196,64.910164,96.92532,123.0
34.47704,59.71599,88.2572,112.0
34.026558,61.385544,89.83323,114.0
32.661022,61.426437,89.04521,113.0
32.702023,64.18133,92.19726,117.0
28.068377,57.5487,81.95312,104.0
26.799547,57.471817,81.16511,103.0
25.041206,56.243477,78.80108,100.0
25.98028,61.205692,85.10516,108.0
22.140564,54.799812,75.64903,96.0
21.180801,55.17787,75.64903,96.0
20.425158,56.117657,76.43704,97.0
17.03738,49.480145,66.98091,85.0
11.60524,35.717262,48.068657,61.0
10.800122,35.3256,47.280643,60.0
10.18196,35.508705,47.280643,60.0
10.67611,39.84378,52.796722,67.0
8.787578,35.24505,46.492634,59.0
8.171128,35.393044,46.492634,59.0
7.680192,36.13247,47.280643,60.0
7.400848,38.07405,49.644676,63.0
6.307603,35.772182,46.492634,59.0
6.165742,34.96765,47.119495,59.0
6.889905,35.445477,47.918133,60.0
7.632586,35.908497,48.716766,61.0
7.987356,34.597042,47.119495,59.0
8.589941,34.452374,47.119495,59.0
9.345672,34.878517,47.918133,60.0
9.621198,33.5531,46.32086,58.0
10.381269,33.955593,47.119495,59.0
10.972292,33.769245,47.119495,59.0
12.147771,35.27969,49.515404,62.0
12.144139,33.365746,47.119495,59.0
12.724602,33.14872,47.119495,59.0
13.30119,32.921597,47.119495,59.0
15.049465,35.45431,51.112675,64.0
13.952471,31.337767,45.522224,57.0
14.497266,31.089489,45.522224,57.0
15.037645,30.831741,45.522224,57.0
16.666317,32.709484,48.716766,61.0
16.104498,30.288153,45.522224,57.0
16.92241,30.528837,46.32086,58.0
17.452635,30.228851,46.32086,58.0
20.147245,33.53065,51.91131,65.0
18.496977,29.601349,46.32086,58.0
24.91067,38.359062,60.6963,76.0
30.287762,44.903454,71.8772,90.0
33.828316,48.311844,78.26628,98.0
32.897633,45.279705,74.2731,93.0
33.32068,44.218037,73.474464,92.0
34.457832,44.10401,74.2731,93.0
39.76712,49.1083,83.85673,105.0
37.136566,44.257637,76.66901,96.0
38.692966,44.51116,78.26628,98.0
39.86659,44.276337,79.06492,99.0
50.073296,53.697037,97.43353,122.0
42.641697,44.15677,81.46082,102.0
43.83139,43.83139,82.25946,103.0
45.455498,43.895863,83.85673,105.0
54.137177,50.48373,98.23217,123.0
49.64316,44.698906,88.648544,111.0
50.869904,44.22053,89.44718,112.0
53.938995,45.26019,93.44035,117.0
57.994564,46.963074,99.03081,124.0
56.434166,44.0912,95.03763,119.0
58.15633,43.823936,96.634895,121.0
60.372944,43.86351,99.03081,124.0
68.03096,47.63579,110.2117,138.0
64.86054,43.748985,103.82262,130.0
67.128365,43.59367,106.21853,133.0
69.920425,43.69113,109.41307,137.0
78.92599,47.423515,122.19124,153.0
75.57213,43.631588,115.802155,145.0
78.42753,43.47309,118.9967,149.0
80.76841,42.945324,121.3926,152.0
87.94026,44.8078,130.97623,164.0
87.08614,42.47475,128.58032,161.0
91.63218,42.728786,134.17076,168.0
94.56308,42.1022,137.36531,172.0
99.715256,42.326614,143.7544,180.0
103.78673,41.93256,148.5462,186.0
108.435646,41.624546,154.13666,193.0
113.66975,41.372402,160.52574,201.0
117.78864,40.557884,165.31755,207.0
115.04437,37.380184,160.52574,201.0
115.67923,35.366688,160.52574,201.0
116.857346,33.508305,161.32437,202.0
118.00565,31.61952,162.12302,203.0
117.37164,29.264038,160.52574,201.0
118.45089,27.34654,161.32437,202.0
118.32144,25.15,160.52574,201.0
119.33311,23.196007,161.32437,202.0
119.719765,21.109823,161.32437,202.0
119.47554,18.923067,160.52574,201.0
120.38355,16.918804,161.32437,202.0
121.85515,14.961931,162.92165,204.0
122.09771,12.832987,162.92165,204.0
121.104034,10.59523,161.32437,202.0
120.67015,8.438079,160.52574,201.0
120.79904,6.33081,160.52574,201.0
120.28968,4.200608,159.72711,200.0
120.344666,2.100624,159.72711,200.0
120.363,0.0,159.72711,200.0
120.344666,-2.100624,159.72711,200.0
124.49982,-4.347629,165.31755,207.0
120.19805,-6.299313,159.72711,200.0
120.0698,-8.396098,159.72711,200.0
119.90498,-10.490326,159.72711,200.0
126.28734,-13.273335,168.5121,211.0
119.465836,-14.66856,159.72711,200.0
119.191635,-16.751291,159.72711,200.0
118.881134,-18.828922,159.72711,200.0
125.646484,-22.154863,169.31073,212.0
118.151596,-22.966343,159.72711,200.0
117.14412,-24.899752,158.92847,199.0
117.27811,-27.075785,159.72711,200.0
123.79497,-30.865553,169.31073,212.0
116.261734,-31.152239,159.72711,200.0
114.54334,-32.844772,158.12984,198.0
113.952675,-34.838825,158.12984,198.0
115.04437,-37.380184,160.52574,201.0
112.6674,-38.794495,158.12984,198.0
111.97318,-40.754906,158.12984,198.0
111.24486,-42.7029,158.12984,198.0
111.04064,-44.86333,158.92847,199.0
110.79472,-47.02957,159.72711,200.0
109.40729,-48.711266,158.92847,199.0
107.99506,-50.35893,158.12984,198.0
108.18155,-52.763664,159.72711,200.0
106.708,-54.370438,158.92847,199.0
105.74285,-56.224472,158.92847,199.0
104.74549,-58.061375,158.92847,199.0
103.195045,-59.579685,158.12984,198.0
109.3615,-65.71101,169.31073,212.0
101.05288,-63.144848,158.12984,198.0
100.44018,-65.226616,158.92847,199.0
99.28652,-66.969604,158.92847,199.0
103.525375,-72.48925,167.71346,210.0
96.401955,-70.04012,158.12984,198.0
95.16491,-71.7119,158.12984,198.0
93.898865,-73.36183,158.12984,198.0
102.42588,-82.94285,174.90118,219.0
91.28138,-76.59416,158.12984,198.0
89.93072,-78.17558,158.12984,198.0
88.552666,-79.733185,158.12984,198.0
88.90821,-82.90824,161.32437,202.0
85.71608,-82.775055,158.12984,198.0
84.2584,-84.2584,158.12984,198.0
83.193115,-86.14899,158.92847,199.0
81.67693,-87.58778,158.92847,199.0
80.13587,-88.99991,158.92847,199.0
78.17558,-89.93072,158.12984,198.0
76.981,-91.74239,158.92847,199.0
75.746895,-93.53962,159.72711,200.0
74.10287,-94.847336,159.72711,200.0
72.436264,-96.12617,159.72711,200.0
70.7476,-97.37571,159.72711,200.0
69.037384,-98.5956,159.72711,200.0
68.31573,-101.282234,162.12302,203.0
65.882164,-101.44963,160.52574,201.0
64.101585,-102.583984,160.52574,201.0
61.991528,-103.17123,159.72711,200.0
62.889664,-108.9281,166.91483,209.0
58.353134,-105.27186,159.72711,200.0
56.50701,-106.274216,159.72711,200.0
54.64366,-107.24422,159.72711,200.0
56.193306,-115.21335,170.10936,213.0
50.613262,-108.5405,158.92847,199.0
48.95604,-109.95708,159.72711,200.0
47.02958,-110.79472,159.72711,200.0
48.01955,-118.85254,170.10936,213.0
42.918575,-111.8067,158.92847,199.0
40.96074,-112.538704,158.92847,199.0
38.990425,-113.23643,158.92847,199.0
38.496006,-118.47854,165.31755,207.0
35.01479,-114.52819,158.92847,199.0
33.176544,-115.70034,159.72711,200.0
30.996479,-115.68042,158.92847,199.0
29.846407,-119.7074,163.72028,205.0
27.075783,-117.27811,159.72711,200.0
25.024872,-117.73278,159.72711,200.0
22.851519,-117.56084,158.92847,199.0
20.900822,-118.53442,159.72711,200.0
20.923912,-118.665375,165.84848,205.0
22.318796,-114.82021,160.99438,199.0
24.197067,-113.83827,160.18536,198.0
26.312359,-113.97135,160.99438,199.0
30.572598,-122.61999,173.93864,215.0
30.121746,-112.41588,160.18536,198.0
32.07909,-111.87306,160.18536,198.0
34.02666,-111.296165,160.18536,198.0
40.14147,-123.54276,178.79276,221.0
37.69874,-109.48509,159.37634,197.0
39.402744,-108.25815,158.56732,196.0
41.28611,-107.553986,158.56732,196.0
47.12029,-116.62679,173.12964,214.0
45.01454,-106.0476,158.56732,196.0
46.858463,-105.24584,158.56732,196.0
48.68812,-104.41202,158.56732,196.0
53.594967,-109.88596,168.27553,208.0
52.302395,-102.649216,158.56732,196.0
54.085903,-101.72078,158.56732,196.0
55.85293,-100.76137,158.56732,196.0
58.48463,-101.29836,160.99438,199.0
59.33543,-98.75074,158.56732,196.0
61.04983,-97.70016,158.56732,196.0
62.74564,-96.619804,158.56732,196.0
65.0797,-96.48462,160.18536,198.0
66.0794,-94.371155,158.56732,196.0
68.06183,-93.67907,159.37634,197.0
69.686386,-92.47696,159.37634,197.0
71.28972,-91.24668,159.37634,197.0
73.24124,-90.4454,160.18536,198.0
73.67511,-87.80258,157.75832,195.0
75.58188,-86.94701,158.56732,196.0
77.0878,-85.61468,158.56732,196.0
80.97546,-86.83554,163.42143,202.0
80.028755,-82.8722,158.56732,196.0
81.46288,-81.46288,158.56732,196.0
82.8722,-80.02875,158.56732,196.0
88.55506,-82.578926,166.6575,206.0
85.177864,-76.694496,157.75832,195.0
86.94701,-75.58188,158.56732,196.0
88.25285,-74.05293,158.56732,196.0
94.55655,-76.57039,167.46652,207.0
90.32032,-70.56596,157.75832,195.0
91.53811,-68.97891,157.75832,195.0
93.20354,-67.71634,158.56732,196.0
99.667496,-69.78793,167.46652,207.0
95.022736,-64.09364,157.75832,195.0
96.12685,-62.425507,157.75832,195.0
97.20168,-60.738354,157.75832,195.0
101.77373,-61.151817,163.42143,202.0
99.26221,-57.309067,157.75832,195.0
100.24728,-55.56797,157.75832,195.0
101.2018,-53.80995,157.75832,195.0
103.17294,-52.569237,159.37634,197.0
103.01809,-50.245277,157.75832,195.0
103.8793,-48.439713,157.75832,195.0
104.70887,-46.619392,157.75832,195.0
105.506546,-44.78487,157.75832,195.0
105.72709,-42.71652,156.9493,194.0
107.00524,-41.075462,157.75832,195.0
107.70581,-39.201706,157.75832,195.0
108.373566,-37.316013,157.75832,195.0
109.56733,-35.600586,158.56732,196.0
109.60986,-33.511097,157.75832,195.0
110.17802,-31.593037,157.75832,195.0
111.280365,-29.817486,158.56732,196.0
115.776085,-28.86622,164.23045,203.0
111.68047,-25.783468,157.75832,195.0
112.11345,-23.830448,157.75832,195.0
112.51227,-21.87017,157.75832,195.0
122.71736,-21.638382,171.5116,212.0
113.78754,-18.022177,158.56732,196.0
114.08474,-16.033564,158.56732,196.0
113.76378,-13.968436,157.75832,195.0
119.25133,-12.53382,165.03946,204.0
114.76752,-10.040857,158.56732,196.0
114.33892,-7.995356,157.75832,195.0
115.04803,-6.029412,158.56732,196.0
118.07287,-4.123195,162.61241,201.0
114.60067,-2.000362,157.75832,195.0
115.20591,0.0,158.56732,196.0
115.18837,2.01062,158.56732,196.0
116.89801,4.082169,160.99438,199.0
115.04803,6.029412,158.56732,196.0
114.92528,8.036358,158.56732,196.0
114.76752,10.040857,158.56732,196.0
115.743935,12.165178,160.18536,198.0
114.34718,14.040069,158.56732,196.0
113.50267,15.95176,157.75832,195.0
113.206985,17.930225,157.75832,195.0
118.665375,20.923906,165.84848,205.0
113.08926,21.982325,158.56732,196.0
112.11345,23.830448,157.75832,195.0
111.68047,25.783468,157.75832,195.0
112.35413,28.013031,159.37634,197.0
111.280365,29.817486,158.56732,196.0
110.743034,31.755053,158.56732,196.0
110.17196,33.68295,158.56732,196.0
110.12635,35.782223,159.37634,197.0
109.48509,37.69874,159.37634,197.0
108.25815,39.40274,158.56732,196.0
107.553986,41.286106,158.56732,196.0
106.81706,43.156895,158.56732,196.0
109.835014,46.622196,164.23045,203.0
105.245834,46.858467,158.56732,196.0
104.94473,48.93653,159.37634,197.0
103.54639,50.50295,158.56732,196.0
108.41015,55.237724,167.46652,207.0
101.72078,54.0859,158.56732,196.0
100.76136,55.852936,158.56732,196.0
99.77125,57.60296,158.56732,196.0
103.78905,62.362747,166.6575,206.0
97.70016,61.04983,158.56732,196.0
96.619804,62.74564,158.56732,196.0
95.99733,64.751015,159.37634,197.0
106.408295,74.50789,178.79276,221.0
93.20354,67.71634,158.56732,196.0
93.41581,70.39386,160.99438,199.0
89.39395,69.84221,156.14027,193.0
87.24783,70.6519,154.52225,191.0
80.59827,67.629974,144.81404,179.0
77.631256,67.48382,141.57797,175.0
74.25763,66.86187,137.53288,170.0
73.5093,68.54853,138.3419,171.0
67.65077,65.32959,129.44272,160.0
64.8378,64.83781,126.20665,156.0
62.471424,64.69105,123.7796,153.0
61.73376,66.201355,124.588615,154.0
58.209156,64.64782,119.73451,148.0
55.91517,64.32304,117.307465,145.0
54.028416,64.38856,115.68943,143.0
51.416832,63.494495,112.45336,139.0
48.491486,62.06627,108.40828,134.0
46.33968,61.49483,105.981224,131.0
44.222916,60.86762,103.55418,128.0
42.479614,60.66717,101.93614,126.0
40.4283,59.937416,99.50909,123.0
39.05596,60.1409,98.70007,122.0
37.37745,59.81642,97.08204,120.0
35.72235,59.451977,95.464005,118.0
33.79765,58.539253,93.03696,115.0
31.061068,56.035656,88.18285,109.0
29.802437,56.050224,87.37383,108.0
28.819687,56.561813,87.37383,108.0
27.312819,55.999577,85.7558,106.0
25.337696,54.336864,82.51973,102.0
22.71201,51.012012,76.85661,95.0
22.736938,53.564857,80.09268,99.0
22.018826,54.4985,80.901695,100.0
20.221767,52.6795,77.66563,96.0
19.098269,52.47206,76.85661,95.0
18.753687,54.464664,79.28366,98.0
16.892113,51.988583,75.23858,93.0
15.810367,51.713367,74.429565,92.0
15.391482,53.676468,76.85661,95.0
10.496972,39.175232,55.82217,69.0
8.105293,32.508556,46.113968,57.0
7.27226,31.49962,44.495934,55.0
8.676726,40.820793,57.440205,71.0
7.962987,40.966003,57.440205,71.0
6.430275,36.467896,50.96807,63.0
5.577629,31.632301,45.872517,56.0
6.12884,31.53014,45.872517,56.0
6.797434,31.979418,46.691666,57.0
9.16089,39.680176,58.159794,71.0
7.770599,31.16617,45.872517,56.0
8.313341,31.025808,45.872517,56.0
8.85355,30.875996,45.872517,56.0
13.248107,43.332596,64.71301,79.0
9.925711,30.548203,45.872517,56.0
11.017555,31.997303,48.32997,59.0
12.555181,34.495075,52.42573,64.0
20.966246,54.61893,83.55351,102.0
18.693302,46.26754,71.26623,87.0
20.170279,47.51819,73.72369,90.0
20.763214,46.634945,72.90453,89.0
24.725195,53.023354,83.55351,102.0
22.126663,45.366383,72.08538,88.0
22.915047,44.97331,72.08538,88.0
23.427174,44.0601,71.26623,87.0
27.807535,50.166126,81.91521,100.0
26.384516,45.69932,75.361984,92.0
23.337683,38.840427,64.71301,79.0
22.49224,35.99511,60.617252,74.0
19.368313,29.824583,50.787426,62.0
36.564346,54.208874,93.38333,114.0
34.872932,49.803707,86.83012,106.0
32.70256,45.011208,79.45775,97.0
33.48313,44.433617,79.45775,97.0
34.606632,44.29447,80.2769,98.0
37.54019,46.35827,85.19181,104.0
37.23747,44.377888,82.73436,101.0
39.1352,45.019897,85.19181,104.0
39.14735,43.47754,83.55351,102.0
30.903076,33.139492,64.71301,79.0
27.093899,28.056553,55.70234,68.0
27.173845,27.173845,54.883186,67.0
44.14781,42.633045,87.64927,107.0
51.177444,47.72374,99.93655,122.0
48.16629,43.369125,92.56418,113.0
50.647385,44.0271,95.84079,117.0
53.165592,44.611225,99.1174,121.0
57.947838,46.925236,106.48977,130.0
56.950035,44.494244,103.21316,126.0
58.63405,44.183926,104.85146,128.0
60.3243,43.82817,106.48977,130.0
67.18802,47.04556,117.13874,143.0
65.14575,43.94136,112.22383,137.0
67.82687,44.04729,115.500435,141.0
70.53096,44.072636,118.77705,145.0
77.680855,46.67536,129.42603,158.0
74.509766,43.018234,122.87281,150.0
77.75749,43.10168,126.96857,155.0
79.51076,42.27662,128.60687,157.0
86.88026,44.2677,139.25584,170.0
87.6396,42.74469,139.25584,170.0
90.4516,42.178276,142.53246,174.0
93.79388,41.759727,146.62822,179.0
102.95608,43.702263,159.73465,195.0
104.23492,42.11364,160.5538,196.0
106.56046,40.90473,163.01126,199.0
106.18015,38.646416,161.37296,197.0
111.7194,38.468075,168.74532,206.0
106.91871,34.739994,160.5538,196.0
108.057236,33.03641,161.37296,197.0
108.61734,31.145521,161.37296,197.0
110.252426,29.54205,163.01126,199.0
109.63814,27.335857,161.37296,197.0
110.09851,25.418243,161.37296,197.0
109.96431,23.373636,160.5538,196.0
110.918526,21.560377,161.37296,197.0
110.71305,19.521698,160.5538,196.0
111.036896,17.586517,160.5538,196.0
111.326904,15.645976,160.5538,196.0
112.15231,13.770573,161.37296,197.0
111.80513,11.751193,160.5538,196.0
111.42179,9.748143,159.73465,195.0
112.147125,7.842091,160.5538,196.0
112.266914,5.88366,160.5538,196.0
113.498955,3.963471,162.19211,198.0
112.40386,1.962017,160.5538,196.0
112.42098,0.0,160.5538,196.0
112.40386,-1.962017,160.5538,196.0
112.92572,-3.943453,161.37296,197.0
111.69412,-5.853641,159.73465,195.0
111.57495,-7.80208,159.73465,195.0
111.42179,-9.748143,159.73465,195.0
117.50947,-12.350743,168.74532,206.0
111.01371,-13.63077,159.73465,195.0
110.75891,-15.56615,159.73465,195.0
110.470375,-17.49679,159.73465,195.0
116.926544,-20.617304,169.56447,207.0
109.79245,-21.341492,159.73465,195.0
108.84223,-23.13513,158.9155,194.0
108.98077,-25.16019,159.73465,195.0
116.316605,-29.000986,171.20277,209.0
107.48226,-28.799788,158.9155,194.0
107.514626,-30.829323,159.73465,195.0
106.960205,-32.701015,159.73465,195.0
108.00971,-35.094482,162.19211,198.0
105.21147,-36.227215,158.9155,194.0
104.563194,-38.05789,158.9155,194.0
103.34759,-39.671425,158.09634,193.0
103.171295,-41.68391,158.9155,194.0
101.900116,-43.254032,158.09634,193.0
101.129715,-45.02585,158.09634,193.0
100.3285,-46.783947,158.09634,193.0
99.49673,-48.527798,158.09634,193.0
99.145706,-50.517258,158.9155,194.0
97.74252,-51.97062,158.09634,193.0
96.820625,-53.668545,158.09634,193.0
95.3725,-55.06334,157.27719,192.0
97.34689,-58.491913,162.19211,198.0
93.392715,-58.358246,157.27719,192.0
92.84104,-60.29168,158.09634,193.0
91.774666,-61.902794,158.09634,193.0
94.90896,-66.45596,165.46872,202.0
89.55839,-65.06798,158.09634,193.0
88.40916,-66.62107,158.09634,193.0
86.781006,-67.80075,157.27719,192.0
93.16229,-75.44134,171.20277,209.0
84.36193,-70.78806,157.27719,192.0
83.113655,-72.2496,157.27719,192.0
82.692566,-74.456726,158.9155,194.0
85.155914,-79.40917,166.28787,203.0
79.631096,-76.89886,158.09634,193.0
78.27689,-78.2769,158.09634,193.0
76.89886,-79.631096,158.09634,193.0
77.45328,-83.05847,162.19211,198.0
74.07292,-82.26632,158.09634,193.0
72.2496,-83.113655,157.27719,192.0
70.78806,-84.36193,157.27719,192.0
70.02689,-86.476006,158.9155,194.0
67.80075,-86.781006,157.27719,192.0
66.27589,-87.95107,157.27719,192.0
65.06798,-89.55838,158.09634,193.0
64.482025,-92.089874,160.5538,196.0
61.902794,-91.774666,158.09634,193.0
60.29168,-92.84104,158.09634,193.0
58.662197,-93.879135,158.09634,193.0
57.310257,-95.38029,158.9155,194.0
56.210487,-97.35943,160.5538,196.0
53.946617,-97.32229,158.9155,194.0
51.970627,-97.742516,158.09634,193.0
50.517265,-99.145706,158.9155,194.0
50.53931,-103.62094,164.64957,201.0
46.541542,-99.80866,157.27719,192.0
44.79255,-100.60573,157.27719,192.0
43.029926,-101.37214,157.27719,192.0
43.617702,-107.95759,166.28787,203.0
39.465874,-102.8121,157.27719,192.0
37.665543,-103.48522,157.27719,192.0
35.853737,-104.126816,157.27719,192.0
35.80346,-110.19173,165.46872,202.0
32.19793,-105.31466,157.27719,192.0
30.35503,-105.86055,157.27719,192.0
28.502884,-106.3742,157.27719,192.0
27.613379,-110.75121,163.01126,199.0
24.77311,-107.30414,157.27719,192.0
22.89662,-107.720146,157.27719,192.0
21.013166,-108.10334,157.27719,192.0
19.322502,-109.58333,158.9155,194.0
18.643747,-105.73392,159.17522,192.0
20.486221,-105.39243,159.17522,192.0
22.206179,-104.47188,158.34618,191.0
26.793488,-116.05535,176.585,213.0
26.785639,-107.43133,164.14944,198.0
27.498657,-102.62638,157.51714,190.0
29.28555,-102.13083,157.51714,190.0
31.553997,-103.20845,160.00426,193.0
33.868816,-104.23751,162.49136,196.0
34.408466,-99.92945,156.68811,189.0
36.14724,-99.31372,156.68811,189.0
38.27579,-99.71184,158.34618,191.0
42.314426,-104.73187,167.46559,202.0
41.295383,-97.28581,156.68811,189.0
43.2144,-97.06114,157.51714,190.0
44.665447,-95.78536,156.68811,189.0
50.49761,-103.53544,170.78174,206.0
47.981102,-94.16821,156.68811,189.0
49.61726,-93.31648,156.68811,189.0
51.23829,-92.43633,156.68811,189.0
53.682514,-92.98085,159.17522,192.0
54.433064,-90.59183,156.68811,189.0
56.598473,-90.57649,158.34618,191.0
57.561516,-88.636955,156.68811,189.0
59.099674,-87.61887,156.68811,189.0
62.865013,-89.78054,162.49136,196.0
62.12153,-85.502945,156.68811,189.0
63.604298,-84.405754,156.68811,189.0
65.41197,-83.7235,157.51714,190.0
70.03039,-86.48032,164.97849,199.0
68.29403,-81.389656,157.51714,190.0
69.70407,-80.18536,157.51714,190.0
71.09288,-78.95665,157.51714,190.0
77.7992,-83.42943,169.12367,204.0
73.80512,-76.427444,157.51714,190.0
75.12772,-75.12772,157.51714,190.0
76.427444,-73.80512,157.51714,190.0
78.930786,-73.60414,160.00426,193.0
78.541084,-70.71871,156.68811,189.0
79.763336,-69.33721,156.68811,189.0
81.389656,-68.29403,157.51714,190.0
83.00373,-67.215096,158.34618,191.0
83.28285,-65.067696,156.68811,189.0
84.85235,-63.940826,157.51714,190.0
86.40774,-62.7789,158.34618,191.0
87.49023,-61.261314,158.34618,191.0
87.61887,-59.099674,156.68811,189.0
89.105934,-57.866074,157.51714,190.0
89.628044,-56.005817,156.68811,189.0
91.07115,-54.721066,157.51714,190.0
91.52802,-52.843727,156.68811,189.0
91.94725,-50.967194,155.85907,188.0
92.82275,-49.35473,155.85907,188.0
94.16821,-47.9811,156.68811,189.0
95.99645,-46.8206,158.34618,191.0
95.78536,-44.665447,156.68811,189.0
96.039444,-42.759518,155.85907,188.0
96.77107,-41.076885,155.85907,188.0
100.584076,-40.638603,160.8333,194.0
98.66774,-37.874996,156.68811,189.0
98.78825,-35.955982,155.85907,188.0
99.92945,-34.40847,156.68811,189.0
104.76933,-34.041622,163.3204,197.0
101.06941,-30.90002,156.68811,189.0
102.13084,-29.285545,157.51714,190.0
102.08624,-27.353928,156.68811,189.0
113.94232,-28.409012,174.0979,210.0
104.06841,-24.026087,158.34618,191.0
104.47188,-22.206184,158.34618,191.0
104.84351,-20.379515,158.34618,191.0
117.29857,-20.682901,176.585,213.0
104.938576,-16.620638,157.51714,190.0
104.65891,-14.708851,156.68811,189.0
104.89967,-12.880061,156.68811,189.0
106.22075,-11.164251,158.34618,191.0
105.28528,-9.211268,156.68811,189.0
105.98784,-7.411391,157.51714,190.0
106.10104,-5.56052,157.51714,190.0
106.740776,-3.72747,158.34618,191.0
106.23047,-1.85426,157.51714,190.0
106.24665,0.0,157.51714,190.0
105.67136,1.8445,156.68811,189.0
106.18192,3.707955,157.51714,190.0
107.217896,5.619052,159.17522,192.0
105.43001,7.372384,156.68811,189.0
105.84235,9.260005,157.51714,190.0
105.66462,11.105799,157.51714,190.0
106.00973,13.016358,158.34618,191.0
105.21266,14.786675,157.51714,190.0
104.938576,16.620638,157.51714,190.0
111.24089,19.61477,167.46559,202.0
108.13703,21.019709,163.3204,197.0
103.37793,21.973658,156.68811,189.0
103.52355,23.900295,157.51714,190.0
103.63325,25.838673,158.34618,191.0
110.188324,29.524874,169.12367,204.0
102.13084,29.285545,157.51714,190.0
102.13893,31.227005,158.34618,191.0
101.04657,32.83202,157.51714,190.0
104.687996,36.046967,164.14944,198.0
99.83919,36.338493,157.51714,190.0
99.18979,38.075394,157.51714,190.0
98.51018,39.800694,157.51714,190.0
100.88899,42.824837,162.49136,196.0
97.06114,43.214405,157.51714,190.0
96.798965,45.1381,158.34618,191.0
95.99645,46.8206,158.34618,191.0
97.65592,49.75818,162.49136,196.0
94.30396,50.142303,158.34618,191.0
93.4145,51.7805,158.34618,191.0
92.496574,53.402924,158.34618,191.0
92.50912,55.585083,160.00426,193.0
90.57649,56.598473,158.34618,191.0
89.105934,57.866074,157.51714,190.0
88.54606,59.725067,158.34618,191.0
87.94829,61.582054,159.17522,192.0
86.40774,62.7789,158.34618,191.0
85.29894,64.27736,158.34618,191.0
85.04545,66.444786,160.00426,193.0
85.1766,68.974655,162.49136,196.0
78.81946,66.137375,152.54292,184.0
74.27697,64.567986,145.91061,176.0
71.47654,64.35777,142.59447,172.0
68.70659,64.06993,139.27832,168.0
66.77345,64.48237,137.62024,166.0
63.26545,63.265453,132.64601,160.0
60.209442,62.3487,128.50082,155.0
58.3494,62.57207,126.84275,153.0
56.874306,63.165318,126.01371,152.0
53.92894,62.038147,121.86852,147.0
52.119125,62.113155,120.21045,145.0
49.97143,61.709576,117.723335,142.0
49.919662,63.89425,120.21045,145.0
45.43164,60.289825,111.920074,135.0
43.386467,59.716343,109.43296,132.0
42.97914,61.380573,111.091034,134.0
42.52675,63.0485,112.749115,136.0
37.76523,58.153347,102.80066,124.0
37.040886,59.277805,103.6297,125.0
35.136684,58.47727,101.142586,122.0
36.906727,63.92433,109.43296,132.0
32.53225,58.689735,99.48451,120.0
24.152317,45.423897,76.27146,92.0
18.532385,36.37185,60.519745,73.0
24.023134,49.254726,81.24568,98.0
25.995764,55.748096,91.19414,110.0
23.881643,53.639053,87.04894,105.0
22.504892,53.018192,85.39087,103.0
22.623554,55.99526,89.53606,108.0
20.039682,52.205154,82.903755,100.0
18.743013,51.496002,81.24568,98.0
18.93376,54.987637,86.21991,104.0
18.144009,55.841522,87.04894,105.0
17.00319,55.614918,86.21991,104.0
13.563833,47.3027,72.95531,88.0
13.749329,51.31319,78.75857,95.0
12.716414,51.00275,77.929535,94.0
11.446983,49.582333,75.44242,91.0
10.231119,48.13364,72.95531,88.0
9.282819,47.755947,72.12627,87.0
8.447948,47.910683,72.12627,87.0
8.417228,47.73646,74.64168,89.0
9.041219,46.513027,72.96434,87.0
9.625128,45.282677,71.286995,85.0
10.658989,46.16916,72.96434,87.0
11.46313,45.9761,72.96434,87.0
12.263778,45.76904,72.96434,87.0
12.910569,45.024494,72.12567,86.0
14.1721,46.35484,74.64168,89.0
14.642335,45.06448,72.96434,87.0
15.42659,44.80207,72.96434,87.0
16.206144,44.526016,72.96434,87.0
17.761488,46.270256,76.31902,91.0
18.362286,45.448246,75.48035,90.0
18.939863,44.619514,74.64168,89.0
19.937218,44.779728,75.48035,90.0
21.40622,45.90579,77.99636,93.0
21.726618,44.54617,76.31902,91.0
22.99527,45.130756,77.99636,93.0
24.0351,45.203445,78.83503,94.0
25.084393,45.253445,79.673706,95.0
25.870354,44.80877,79.673706,95.0
26.928946,44.81729,80.512375,96.0
27.995628,44.80237,81.35104,97.0
29.959803,46.134045,84.70573,101.0
30.760387,45.60415,84.70573,101.0
31.551605,45.06036,84.70573,101.0
32.973473,45.38409,86.383064,103.0
34.416058,45.67165,88.06041,105.0
34.87258,44.63487,87.22174,104.0
36.33176,44.865986,88.89908,106.0
37.459335,44.642296,89.73775,107.0
39.30469,45.214874,92.25376,110.0
39.723377,44.117283,91.41509,109.0
41.230167,44.21394,93.09243,111.0
42.752205,44.271202,94.769775,113.0
45.829037,45.82904,99.801796,119.0
47.013664,45.40057,100.640465,120.0
48.595505,45.316036,102.31781,122.0
50.997955,45.91877,105.67249,126.0
52.61367,45.736366,107.34983,128.0
52.986652,44.46108,106.51116,127.0
56.294117,45.58608,111.54318,133.0
56.222767,43.92604,109.865845,131.0
60.460564,45.560303,116.57521,139.0
63.00898,45.778706,119.92989,143.0
64.24448,44.984467,120.76856,144.0
66.37436,44.770065,123.28457,147.0
68.51591,44.494755,125.80058,150.0
70.667656,44.15805,128.31659,153.0
71.89441,43.198517,129.15527,154.0
73.58071,42.481846,130.83261,156.0
76.69268,42.511448,135.02596,161.0
81.27003,43.21204,141.73532,169.0
83.467636,42.528885,144.25134,172.0
85.17619,41.5432,145.92868,174.0
88.3563,41.201218,150.12202,179.0
95.03253,42.31121,160.18608,191.0
95.75649,40.646217,160.18608,191.0
97.966225,39.580925,162.70209,194.0
98.13362,37.669968,161.86342,193.0
103.894035,37.81434,170.25012,203.0
99.388504,34.222206,161.86342,193.0
99.97063,32.482426,161.86342,193.0
100.52229,30.73275,161.86342,193.0
101.04335,28.973713,161.86342,193.0
101.533615,27.205853,161.86342,193.0
101.992966,25.429703,161.86342,193.0
102.421234,23.645805,161.86342,193.0
103.35105,21.967945,162.70209,194.0
103.184074,20.056952,161.86342,193.0
103.518394,18.253086,161.86342,193.0
103.82119,16.443663,161.86342,193.0
104.09236,14.629227,161.86342,193.0
105.95356,13.009462,164.37943,196.0
104.539505,10.987545,161.86342,193.0
104.71534,9.161405,161.86342,193.0
104.31597,7.294483,161.02475,192.0
108.77853,5.700841,167.73412,200.0
104.506996,3.649465,161.02475,192.0
104.55477,1.82501,161.02475,192.0
104.570694,0.0,161.02475,192.0
104.55477,-1.82501,161.02475,192.0
104.506996,-3.649465,161.02475,192.0
104.42738,-5.472808,161.02475,192.0
104.31597,-7.294483,161.02475,192.0
109.59844,-9.588621,169.41145,202.0
103.99785,-10.930615,161.02475,192.0
103.791245,-12.743962,161.02475,192.0
103.01369,-14.477629,160.18608,191.0
105.97292,-16.784464,165.2181,197.0
102.44567,-18.063934,160.18608,191.0
102.11481,-19.849108,160.18608,191.0
101.75284,-21.628235,160.18608,191.0
102.421234,-23.645805,161.86342,193.0
100.93604,-25.166182,160.18608,191.0
100.48145,-26.923925,160.18608,191.0
99.99626,-28.673468,160.18608,191.0
100.00146,-30.573511,161.02475,192.0
99.452644,-32.31412,161.02475,192.0
98.35857,-33.867573,160.18608,191.0
97.75252,-35.579006,160.18608,191.0
97.62515,-37.47479,161.02475,192.0
97.966225,-39.580925,162.70209,194.0
95.75649,-40.646217,160.18608,191.0
94.53498,-42.089687,159.34741,190.0
93.78602,-43.73314,159.34741,190.0
96.43511,-47.034546,165.2181,197.0
92.20262,-46.97958,159.34741,190.0
91.36867,-48.581585,159.34741,190.0
90.50689,-50.168785,159.34741,190.0
92.919235,-53.64695,165.2181,197.0
88.23404,-53.016357,158.50874,189.0
87.29534,-54.548183,158.50874,189.0
86.33005,-56.06339,158.50874,189.0
90.305244,-60.911655,167.73412,200.0
84.76701,-59.354504,159.34741,190.0
83.71822,-60.824856,159.34741,190.0
82.20897,-61.9489,158.50874,189.0
89.26974,-69.74516,174.44348,208.0
79.57364,-64.43746,157.67006,188.0
78.436935,-65.8164,157.67006,188.0
77.68737,-67.5326,158.50874,189.0
84.1871,-75.80241,174.44348,208.0
75.283195,-70.20271,158.50874,189.0
73.65474,-71.127556,157.67006,188.0
72.78729,-72.7873,158.50874,189.0
73.01925,-75.61365,161.86342,193.0
70.20271,-75.283195,158.50874,189.0
68.51372,-76.09219,157.67006,188.0
67.53261,-77.68737,158.50874,189.0
67.56683,-80.52302,161.86342,193.0
65.80847,-81.26669,161.02475,192.0
63.0389,-80.686104,157.67006,188.0
61.9489,-82.20897,158.50874,189.0
60.504723,-83.2776,158.50874,189.0
58.72972,-83.87473,157.67006,188.0
57.256958,-84.88693,157.67006,188.0
55.76676,-85.873276,157.67006,188.0
54.548183,-87.29534,158.50874,189.0
53.85789,-89.63458,161.02475,192.0
51.196068,-88.674194,157.67006,188.0
49.904736,-90.03054,158.50874,189.0
48.58159,-91.36867,159.34741,190.0
49.204933,-96.570114,166.89545,199.0
44.88576,-92.02945,157.67006,188.0
43.27279,-92.7988,157.67006,188.0
41.646633,-93.53988,157.67006,188.0
42.561493,-100.26858,167.73412,200.0
38.356777,-94.93634,157.67006,188.0
36.694065,-95.5913,157.67006,188.0
35.020176,-96.21714,157.67006,188.0
34.754154,-100.9334,164.37943,196.0
31.640907,-97.380714,157.67006,188.0
29.936571,-97.91809,157.67006,188.0
28.223103,-98.425644,157.67006,188.0
26.782965,-99.955376,159.34741,190.0
24.90266,-99.87912,158.50874,189.0
23.033218,-99.76784,157.67006,188.0
21.401756,-100.68736,158.50874,189.0
19.745192,-101.58017,159.34741,190.0
17.874788,-101.37294,158.50874,189.0
17.391691,-98.63316,160.2811,189.0
19.009317,-97.79443,159.43304,188.0
20.823338,-97.96612,160.2811,189.0
24.67562,-106.88186,175.54596,207.0
24.101425,-96.665535,159.43304,188.0
25.784803,-96.23019,159.43304,188.0
27.460325,-95.765526,159.43304,188.0
33.620556,-109.96785,184.02644,217.0
30.622005,-94.24485,158.58499,187.0
32.08962,-93.19502,157.73694,186.0
33.71121,-92.62079,157.73694,186.0
39.310562,-102.4075,175.54596,207.0
36.923096,-91.387856,157.73694,186.0
38.512413,-90.729546,157.73694,186.0
39.87445,-89.55949,156.8889,185.0
42.775127,-91.73156,161.97719,191.0
43.208046,-88.58962,157.73694,186.0
44.747566,-87.822044,157.73694,186.0
46.024677,-86.55982,156.8889,185.0
48.042156,-86.67036,158.58499,187.0
49.28249,-85.35978,157.73694,186.0
50.764717,-84.48668,157.73694,186.0
52.231483,-83.587845,157.73694,186.0
54.259567,-83.55241,159.43304,188.0
55.413166,-82.1534,158.58499,187.0
56.534554,-80.73971,157.73694,186.0
57.935047,-79.740746,157.73694,186.0
59.6368,-79.14071,158.58499,187.0
61.661415,-78.92301,160.2811,189.0
62.028957,-76.59937,157.73694,186.0
63.015724,-75.09921,156.8889,185.0
64.66445,-74.38794,157.73694,186.0
69.14411,-76.79232,165.36938,195.0
67.22115,-72.08586,157.73694,186.0
68.837105,-71.282906,158.58499,187.0
70.07068,-70.07068,158.58499,187.0
76.2384,-73.62257,169.60962,200.0
72.08587,-67.22115,157.73694,186.0
73.64186,-66.307434,158.58499,187.0
74.78787,-65.01211,158.58499,187.0
78.34675,-65.74073,163.67328,193.0
77.0112,-62.362446,158.58499,187.0
78.50543,-61.335163,159.43304,188.0
79.56392,-59.95571,159.43304,188.0
81.026886,-58.86948,160.2811,189.0
81.60788,-57.14245,159.43304,188.0
82.1534,-55.413162,158.58499,187.0
82.66355,-53.68234,157.73694,186.0
84.03725,-52.5123,158.58499,187.0
85.39514,-51.310574,159.43304,188.0
86.277626,-49.812412,159.43304,188.0
86.20688,-47.78525,157.73694,186.0
87.495605,-46.52224,158.58499,187.0
89.710686,-45.709877,161.12914,190.0
88.58962,-43.208042,157.73694,186.0
89.81048,-41.879314,158.58499,187.0
90.043594,-40.089993,157.73694,186.0
93.6563,-39.75474,162.82524,192.0
91.38786,-36.92309,157.73694,186.0
92.01834,-35.322533,157.73694,186.0
92.62079,-33.71121,157.73694,186.0
97.20341,-33.46982,164.52133,194.0
93.236885,-30.2945,156.8889,185.0
93.751396,-28.662678,156.8889,185.0
94.23735,-27.022125,156.8889,185.0
98.7895,-26.470568,163.67328,193.0
95.123,-23.716827,156.8889,185.0
95.52243,-22.05309,156.8889,185.0
95.89276,-20.382635,156.8889,185.0
97.79443,-19.009312,159.43304,188.0
97.06756,-17.11563,157.73694,186.0
97.35149,-15.418961,157.73694,186.0
98.130516,-13.791345,158.58499,187.0
98.35626,-12.076631,158.58499,187.0
98.02503,-10.302846,157.73694,186.0
98.18991,-8.590504,157.73694,186.0
98.853516,-6.912511,158.58499,187.0
98.9591,-5.186227,158.58499,187.0
99.56413,-3.476856,159.43304,188.0
99.07981,-1.729444,158.58499,187.0
99.0949,0.0,158.58499,187.0
99.07981,1.729444,158.58499,187.0
100.09373,3.49535,160.2811,189.0
98.9591,5.186227,158.58499,187.0
98.853516,6.912511,158.58499,187.0
99.24572,8.682875,159.43304,188.0
100.133095,10.524413,161.12914,190.0
98.88223,12.141212,159.43304,188.0
98.65528,13.865095,159.43304,188.0
98.39828,15.584756,159.43304,188.0
101.24251,17.851786,164.52133,194.0
97.79443,19.009312,159.43304,188.0
96.92944,20.60299,158.58499,187.0
96.55511,22.291502,158.58499,187.0
99.75061,24.87062,164.52133,194.0
95.20646,25.510494,157.73694,186.0
94.74674,27.168192,157.73694,186.0
94.25816,28.817612,157.73694,186.0
98.7807,32.095795,166.21742,196.0
93.19502,32.08962,157.73694,186.0
92.62079,33.71121,157.73694,186.0
92.01834,35.322533,157.73694,186.0
95.80985,38.709694,165.36938,195.0
90.729546,38.512405,157.73694,186.0
90.527695,40.30553,158.58499,187.0
89.81048,41.879314,158.58499,187.0
91.92364,44.834152,163.67328,193.0
88.766365,45.22872,159.43304,188.0
87.96349,46.771023,159.43304,188.0
87.133835,48.299072,159.43304,188.0
89.031166,51.40217,164.52133,194.0
85.39514,51.310574,159.43304,188.0
84.48664,52.79311,159.43304,188.0
82.66355,53.68234,157.73694,186.0
82.59272,55.70949,159.43304,188.0
80.73971,56.53455,157.73694,186.0
79.740746,57.935043,157.73694,186.0
78.29428,58.998974,156.8889,185.0
78.087845,61.00891,158.58499,187.0
75.77573,61.361977,156.04085,184.0
75.50516,63.356346,157.73694,186.0
74.38794,64.664444,157.73694,186.0
72.066635,64.88909,155.1928,183.0
68.9854,64.329926,150.95256,178.0
65.94622,63.68352,146.71233,173.0
63.325905,63.32591,143.32013,169.0
60.73862,62.896683,139.92793,165.0
58.908863,63.17202,138.23184,163.0
56.379044,62.615276,134.83965,159.0
53.539383,61.59001,130.59941,154.0
52.115707,62.10908,129.75136,153.0
50.69033,62.59734,128.9033,152.0
48.28513,61.802147,125.511116,148.0
46.24244,61.365788,122.96697,145.0
44.54146,61.306057,121.27088,143.0
43.768684,62.50816,122.11893,144.0
40.004158,59.3086,114.486496,135.0
38.385757,59.108883,112.7904,133.0
36.505875,58.42161,110.246254,130.0
36.84536,61.320976,114.486496,135.0
33.38491,57.824368,106.85406,126.0
31.856833,57.471252,105.15797,124.0
30.35141,57.08269,103.46187,122.0
30.794025,60.436672,108.550156,128.0
27.411556,56.202015,100.06968,118.0
25.754658,55.231045,97.52553,115.0
24.140207,54.2198,94.981384,112.0
25.467886,59.99857,104.30991,123.0
21.63773,53.555252,92.43724,109.0
20.319952,52.93528,90.74115,107.0
19.393007,53.28185,90.74115,107.0
20.185406,58.622677,99.22163,117.0
17.03042,52.41425,88.197,104.0
16.26801,53.21025,89.04505,105.0
15.044753,52.46728,87.34895,103.0
14.9497,55.793034,92.43724,109.0
12.819907,51.41784,84.80481,100.0
11.920589,51.633747,84.80481,100.0
10.907463,51.315586,83.956764,99.0
10.71802,55.139412,89.8931,106.0
8.925895,50.621254,82.260666,97.0
8.764673,49.70692,84.002396,98.0
9.532571,49.04081,83.145226,97.0
12.956972,60.95777,103.71725,121.0
11.122401,48.176414,82.28806,96.0
11.961502,47.974964,82.28806,96.0
13.063564,48.75388,84.002396,98.0
16.751722,58.42019,101.145744,118.0
14.606511,47.775734,83.145226,97.0
15.438083,47.51354,83.145226,97.0
16.432638,47.72385,84.002396,98.0
20.609947,56.625362,100.288574,117.0
18.272741,47.602116,84.859566,99.0
19.293667,47.753494,85.71673,100.0
20.526627,48.357693,87.43107,102.0
22.414877,50.344643,91.7169,107.0
21.984114,47.145084,86.5739,101.0
22.80356,46.754227,86.5739,101.0
24.083708,47.266933,88.28823,103.0
29.49908,55.479694,104.57441,122.0
25.96832,46.848095,89.1454,104.0
27.039495,46.833786,90.00257,105.0
27.852741,46.354748,90.00257,105.0
31.11386,49.792583,97.71707,114.0
30.014553,46.218357,91.7169,107.0
31.104607,46.114475,92.57407,108.0
32.495506,46.408394,94.28841,110.0
36.02508,49.58427,102.00291,119.0
34.715256,46.0687,96.00274,112.0
35.831066,45.861675,96.85991,113.0
37.274258,46.02987,98.57424,115.0
41.38251,49.317757,107.14591,125.0
39.871655,45.86709,101.145744,118.0
41.010696,45.546997,102.00291,119.0
42.50187,45.577675,103.71725,121.0
47.58414,49.27482,114.00325,133.0
45.159176,45.159176,106.28875,124.0
47.051895,45.43749,108.86025,127.0
48.591076,45.31191,110.574585,129.0
53.5847,48.247883,120.003426,140.0
51.69765,44.940083,114.00325,133.0
53.65772,45.02417,116.57475,136.0
55.636105,45.05323,119.146255,139.0
62.095894,48.51463,131.1466,153.0
60.05384,45.253815,125.14643,146.0
62.084503,45.107037,127.71793,149.0
63.706066,44.607468,129.43227,151.0
73.86856,49.82497,148.28995,173.0
67.38377,43.759533,133.7181,156.0
69.44755,43.395645,136.2896,159.0
71.51875,42.9728,138.8611,162.0
78.50234,45.32335,150.86145,176.0
77.93,43.197304,148.28995,173.0
80.491035,42.797844,151.71861,177.0
83.06131,42.32185,155.14728,181.0
91.193886,44.47823,168.86195,197.0
89.62234,41.79158,164.57613,192.0
89.397026,39.80212,162.86179,190.0
90.07806,38.235867,162.86179,190.0
92.641785,37.42971,166.29047,194.0
92.80008,35.622616,165.43329,193.0
93.40765,33.997604,165.43329,193.0
93.98676,32.36224,165.43329,193.0
97.96606,31.831102,171.43346,200.0
95.05894,29.062431,165.43329,193.0
95.55167,27.398998,165.43329,193.0
96.01529,25.72722,165.43329,193.0
95.94993,23.923004,164.57613,192.0
95.85099,22.128944,163.71896,191.0
96.222595,20.452745,163.71896,191.0
96.564896,18.770313,163.71896,191.0
97.8922,17.261036,165.43329,193.0
98.178535,15.549953,165.43329,193.0
97.41492,13.690774,163.71896,191.0
97.639015,11.988564,163.71896,191.0
98.34559,10.336538,164.57613,192.0
99.53717,8.708373,166.29047,194.0
98.13264,6.862102,163.71896,191.0
98.23745,5.148407,163.71896,191.0
97.797615,3.415168,162.86179,190.0
99.38721,1.73481,165.43329,193.0
97.34219,0.0,162.00462,189.0
97.32737,-1.698855,162.00462,189.0
97.28289,-3.397193,162.00462,189.0
102.86644,-5.391002,171.43346,200.0
97.10507,-6.790248,162.00462,189.0
97.484856,-8.528819,162.86179,190.0
97.32116,-10.228866,162.86179,190.0
102.75101,-12.616237,172.29063,201.0
95.88484,-13.475735,161.14746,188.0
96.143745,-15.227674,162.00462,189.0
96.37056,-16.99273,162.86179,190.0
100.6095,-19.556505,170.5763,199.0
94.207466,-20.024414,160.29028,187.0
94.34548,-21.78137,161.14746,188.0
94.450714,-23.549208,162.00462,189.0
103.47762,-27.726746,178.2908,208.0
93.57132,-26.831144,162.00462,189.0
93.0888,-28.460102,162.00462,189.0
92.57793,-30.080393,162.00462,189.0
92.03885,-31.691519,162.00462,189.0
90.503784,-32.94068,160.29028,187.0
89.91511,-34.515175,160.29028,187.0
89.29904,-36.079155,160.29028,187.0
88.65577,-37.63214,160.29028,187.0
88.92651,-39.592636,162.00462,189.0
86.82164,-40.485596,159.43312,186.0
86.56476,-42.22045,160.29028,187.0
85.81473,-43.724785,160.29028,187.0
89.58607,-47.63376,168.86195,197.0
84.23647,-46.69304,160.29028,187.0
83.40874,-48.15606,160.29028,187.0
82.555595,-49.604404,160.29028,187.0
90.849625,-56.769146,178.2908,208.0
80.342186,-52.174828,159.43312,186.0
78.99239,-53.28104,158.57596,185.0
78.050476,-54.65153,158.57596,185.0
84.16826,-61.151817,173.1478,202.0
75.684296,-57.032204,157.71878,184.0
75.083275,-58.66148,158.57596,185.0
74.04805,-59.962933,158.57596,185.0
73.779366,-61.908234,160.29028,187.0
71.52156,-62.17275,157.71878,184.0
70.80836,-63.75613,158.57596,185.0
69.684875,-64.98219,158.57596,185.0
68.16968,-65.83069,157.71878,184.0
67.37457,-67.37458,158.57596,185.0
65.83069,-68.16968,157.71878,184.0
64.63094,-69.3082,157.71878,184.0
63.4115,-70.425606,157.71878,184.0
64.53802,-74.24249,163.71896,191.0
60.583996,-72.201195,156.86162,183.0
59.63881,-73.64779,157.71878,184.0
58.027306,-74.27156,156.86162,183.0
60.131783,-79.79757,166.29047,194.0
55.70265,-76.66811,157.71878,184.0
54.35612,-77.628586,157.71878,184.0
52.993034,-78.56541,157.71878,184.0
54.1384,-83.36582,165.43329,193.0
50.21886,-80.366974,157.71878,184.0
48.54335,-80.7897,156.86162,183.0
47.3835,-82.07063,157.71878,184.0
46.193645,-83.33555,158.57596,185.0
44.490417,-83.67429,157.71878,184.0
43.02332,-84.43802,157.71878,184.0
41.54312,-85.17602,157.71878,184.0
40.26793,-86.35486,158.57596,185.0
39.173664,-87.9855,160.29028,187.0
36.827183,-86.75939,156.86162,183.0
35.500347,-87.86643,157.71878,184.0
34.14603,-88.953445,158.57596,185.0
33.82145,-92.923676,164.57613,192.0
30.685436,-89.11698,156.86162,183.0
29.125456,-89.63895,156.86162,183.0
27.556614,-90.1336,156.86162,183.0
27.682932,-96.54184,167.14763,195.0
24.394205,-91.040405,156.86162,183.0
22.801615,-91.45228,156.86162,183.0
21.202078,-91.83629,156.86162,183.0
20.666906,-97.23016,165.43329,193.0
18.082401,-93.02586,157.71878,184.0
16.456121,-93.32728,157.71878,184.0
15.888812,-90.10991,158.48265,183.0
17.459028,-89.818886,158.48265,183.0
19.023916,-89.50051,158.48265,183.0
20.470545,-88.66768,157.61662,182.0
22.135855,-88.78206,158.48265,183.0
23.940763,-89.348145,160.21469,185.0
26.461191,-92.28112,166.27687,192.0
26.752016,-87.501884,158.48265,183.0
28.429562,-87.4972,159.34868,184.0
30.115053,-87.46047,160.21469,185.0
32.662926,-89.74065,165.41086,191.0
32.79067,-85.42261,158.48265,183.0
34.089207,-84.37373,157.61662,182.0
35.751904,-84.2262,158.48265,183.0
39.860188,-89.52746,169.74098,196.0
38.66957,-82.92716,158.48265,183.0
40.110962,-82.239655,158.48265,183.0
41.540134,-81.5271,158.48265,183.0
45.304012,-85.204445,167.1429,193.0
44.360077,-80.02771,158.48265,183.0
45.75,-79.241325,158.48265,183.0
47.125984,-78.43081,158.48265,183.0
51.93209,-83.10871,169.74098,196.0
49.834476,-76.73836,158.48265,183.0
51.16615,-75.85694,158.48265,183.0
52.482246,-74.952415,158.48265,183.0
54.37014,-74.83407,160.21469,185.0
55.066074,-73.07515,158.48265,183.0
56.333027,-72.10298,158.48265,183.0
57.268158,-70.72028,157.61662,182.0
59.457855,-70.859116,160.21469,185.0
60.685463,-69.81064,160.21469,185.0
61.22545,-67.99776,158.48265,183.0
62.06185,-66.55319,157.61662,182.0
63.908573,-66.17926,159.34868,184.0
67.88225,-67.882256,166.27687,192.0
66.17926,-63.908573,159.34868,184.0
67.65022,-63.08485,160.21469,185.0
68.36932,-61.56002,159.34868,184.0
73.58418,-63.965755,168.87495,195.0
70.09307,-58.815067,158.48265,183.0
71.10886,-57.58282,158.48265,183.0
72.10299,-56.333027,158.48265,183.0
76.26969,-57.473335,165.41086,191.0
74.025055,-53.782352,158.48265,183.0
75.36199,-52.76903,159.34868,184.0
76.27146,-51.445747,159.34868,184.0
77.99636,-50.651432,161.08072,186.0
78.020424,-48.75257,159.34868,184.0
78.8594,-47.383503,159.34868,184.0
79.67434,-46.000004,159.34868,184.0
80.46501,-44.602486,159.34868,184.0
81.67265,-43.42612,160.21469,185.0
81.9726,-41.767124,159.34868,184.0
82.68906,-40.330147,159.34868,184.0
83.38032,-38.880882,159.34868,184.0
88.157135,-39.250088,167.1429,193.0
84.68645,-35.947266,159.34868,184.0
85.30092,-34.463806,159.34868,184.0
85.889404,-32.969852,159.34868,184.0
92.08988,-33.517975,169.74098,196.0
86.98771,-29.95227,159.34868,184.0
87.4972,-28.429565,159.34868,184.0
87.98004,-26.898195,159.34868,184.0
91.80049,-26.323368,165.41086,191.0
88.86518,-23.811354,159.34868,184.0
89.26721,-22.256815,159.34868,184.0
90.129234,-20.807974,160.21469,185.0
94.88032,-20.167435,168.00893,194.0
91.29133,-17.745237,161.08072,186.0
91.58712,-16.14928,161.08072,186.0
91.361176,-14.470189,160.21469,185.0
92.09493,-12.943099,161.08072,186.0
91.31425,-11.21198,159.34868,184.0
91.49602,-9.616619,159.34868,184.0
91.64992,-8.018328,159.34868,184.0
93.27224,-6.52223,161.94675,187.0
92.87255,-4.867244,161.08072,186.0
92.44366,-3.228204,160.21469,185.0
91.98599,-1.605621,159.34868,184.0
93.0,0.0,161.08072,186.0
94.48561,1.649252,163.6788,189.0
92.44366,3.228204,160.21469,185.0
91.87392,4.814908,159.34868,184.0
92.27467,6.452474,160.21469,185.0
95.63469,8.366951,166.27687,192.0
92.49054,9.721148,161.08072,186.0
91.810524,11.272915,160.21469,185.0
92.09493,12.943099,161.08072,186.0
94.818085,15.017709,166.27687,192.0
90.10991,15.888808,158.48265,183.0
89.81889,17.459024,158.48265,183.0
89.50051,19.02392,158.48265,183.0
98.41138,22.720057,174.93713,202.0
88.78206,22.135855,158.48265,183.0
88.38222,23.681944,158.48265,183.0
87.955444,25.22082,158.48265,183.0
92.761566,28.360056,168.00893,194.0
87.021675,28.275057,158.48265,183.0
86.51495,29.789488,158.48265,183.0
85.98188,31.294844,158.48265,183.0
88.69014,34.044956,164.54483,190.0
84.37373,34.089203,157.61662,182.0
83.765945,35.556534,157.61662,182.0
83.58941,37.216404,158.48265,183.0
82.92716,38.66957,158.48265,183.0
81.79026,39.891773,157.61662,182.0
81.5271,41.54013,158.48265,183.0
80.7897,42.95665,158.48265,183.0
80.90233,44.84489,160.21469,185.0
79.241325,45.750004,158.48265,183.0
78.00223,46.868465,157.61662,182.0
77.17238,48.222652,157.61662,182.0
76.31902,49.562157,157.61662,182.0
75.85694,51.16615,158.48265,183.0
74.13326,51.90867,156.7506,181.0
73.21604,53.19457,156.7506,181.0
72.675835,54.765167,157.61662,182.0
73.67901,57.56435,161.94675,187.0
70.33171,56.9535,156.7506,181.0
69.32703,58.17228,156.7506,181.0
67.92387,59.045315,155.88457,180.0
72.08505,64.90567,168.00893,194.0
66.91887,62.40285,158.48265,183.0
65.10025,62.866585,156.7506,181.0
62.225395,62.2254,152.42047,176.0
67.03454,69.41629,167.1429,193.0
57.287865,61.433712,145.49226,168.0
55.203274,61.309452,142.8942,165.0
52.484726,60.376766,138.56406,160.0
53.02998,63.19867,142.8942,165.0
48.143013,59.451668,132.50189,153.0
46.174614,59.100807,129.90381,150.0
44.534313,59.09903,128.17175,148.0
49.373966,67.95743,145.49226,168.0
41.584293,59.388523,125.573685,145.0
39.982292,59.276188,123.84163,143.0
38.397057,59.126274,122.10958,141.0
39.743946,63.603607,129.90381,150.0
34.50755,57.43021,116.0474,134.0
32.75,56.724667,113.449326,131.0
31.512623,56.850285,112.583305,130.0
30.515656,57.391594,112.583305,130.0
28.147413,55.242405,107.387146,124.0
26.74064,54.82644,105.6551,122.0
25.568405,54.831623,104.78907,121.0
25.624407,57.553368,109.1192,126.0
23.248507,54.77004,103.05702,119.0
21.91449,54.240257,101.324974,117.0
20.426975,53.214085,98.7269,114.0
19.49515,53.56248,98.7269,114.0
17.906248,52.003525,95.262794,110.0
16.841425,51.83258,94.39677,109.0
15.64189,51.162304,92.66472,107.0
14.746601,51.4275,92.66472,107.0
13.588001,50.711105,90.93267,105.0
12.579939,50.45538,90.06664,104.0
11.697454,50.667244,90.06664,104.0
10.811406,50.863678,90.06664,104.0
9.731262,50.06299,88.33459,102.0
8.769235,49.73279,87.46857,101.0
8.502819,48.22187,88.33659,101.0
9.713137,49.96974,91.83507,105.0
10.180554,47.895752,88.33659,101.0
11.014901,47.71078,88.33659,101.0
11.845892,47.511276,88.33659,101.0
13.175187,49.170464,91.83507,105.0
13.630429,47.53495,89.21121,102.0
14.457954,47.289825,89.21121,102.0
15.281068,47.030296,89.21121,102.0
17.204405,49.965218,95.33355,109.0
17.07891,46.92392,90.08583,103.0
18.242725,47.52392,91.83507,105.0
19.250967,47.64781,92.70969,106.0
21.026756,49.535927,97.08279,111.0
20.90212,46.946938,92.70969,106.0
22.128054,47.453766,94.45893,108.0
22.952868,47.060352,94.45893,108.0
24.871183,48.812443,98.83202,113.0
25.036478,47.08676,96.20817,110.0
26.089478,47.06667,97.08279,111.0
26.422123,45.76446,95.33355,109.0
28.465277,47.374176,99.70665,114.0
29.030825,46.45903,98.83202,113.0
30.365318,46.758488,100.58127,115.0
31.17674,46.22142,100.58127,115.0
32.53482,46.464535,102.330505,117.0
33.340782,45.88965,102.330505,117.0
34.428352,45.68797,103.205124,118.0
35.220474,45.08015,103.205124,118.0
36.612072,45.21214,104.95437,120.0
37.707184,44.93767,105.82899,121.0
39.121838,45.004524,107.578224,123.0
40.550117,45.035473,109.32746,125.0
41.9912,45.03005,111.076706,127.0
42.770687,44.29034,111.076706,127.0
44.565582,44.565582,113.70056,130.0
46.034058,44.45457,115.4498,132.0
47.86659,44.636314,118.07366,135.0
49.358875,44.442932,119.8229,137.0
50.858772,44.210857,121.57214,139.0
53.10816,44.563034,125.07062,143.0
54.631336,44.239586,126.819855,145.0
56.923244,44.473312,130.31834,149.0
57.690742,43.47309,130.31834,149.0
59.61732,43.31452,132.9422,152.0
60.76132,42.545532,133.81682,153.0
63.906136,43.105232,139.06453,159.0
65.46188,42.511448,140.81377,161.0
67.42727,42.133232,143.43764,164.0
69.814575,41.948826,146.93611,168.0
74.73463,43.148056,155.68231,178.0
75.05225,41.602142,154.8077,177.0
77.90719,41.42399,159.18079,182.0
80.778114,41.158504,163.55388,187.0
83.227104,40.59257,167.05237,191.0
80.40777,37.49476,160.0554,183.0
81.0499,36.08574,160.0554,183.0
82.559875,35.044586,161.80464,185.0
87.65399,35.414513,170.55084,195.0
83.73262,32.141945,161.80464,185.0
83.82525,30.509895,160.93002,184.0
84.80335,29.200136,161.80464,185.0
88.52762,28.764368,167.92699,192.0
85.30714,26.081009,160.93002,184.0
85.74932,24.588223,160.93002,184.0
86.16538,23.087946,160.93002,184.0
90.78888,22.63621,168.8016,193.0
86.446266,19.957693,160.0554,183.0
87.25562,18.546757,160.93002,184.0
87.09012,16.928604,160.0554,183.0
90.23697,15.911211,165.30313,189.0
87.62787,13.878891,160.0554,183.0
87.37665,12.279987,159.18079,182.0
88.05885,10.812268,160.0554,183.0
89.19845,9.375135,161.80464,185.0
87.89959,7.690217,159.18079,182.0
88.02042,6.154987,159.18079,182.0
88.59857,4.643255,160.0554,183.0
88.1816,3.079369,159.18079,182.0
88.22191,1.539919,159.18079,182.0
88.72016,0.0,160.0554,183.0
88.70665,-1.54838,160.0554,183.0
89.15063,-3.113209,160.93002,184.0
88.114426,-4.617882,159.18079,182.0
88.50404,-6.188805,160.0554,183.0
88.38255,-7.732471,160.0554,183.0
88.23414,-9.273782,160.0554,183.0
88.05885,-10.812268,160.0554,183.0
86.89656,-12.212515,158.30617,181.0
87.149025,-13.80305,159.18079,182.0
86.89486,-15.321907,159.18079,182.0
89.469635,-17.391134,164.42851,188.0
86.3072,-18.345161,159.18079,182.0
86.446266,-19.957693,160.0554,183.0
85.61438,-21.346064,159.18079,182.0
90.84828,-24.342726,169.67622,194.0
84.81726,-24.320957,159.18079,182.0
84.37988,-25.79752,159.18079,182.0
83.9168,-27.266224,159.18079,182.0
88.92892,-30.620684,169.67622,194.0
82.91411,-30.178267,159.18079,182.0
82.374794,-31.620722,159.18079,182.0
82.2599,-33.235157,160.0554,183.0
83.89869,-35.612877,164.42851,188.0
81.0499,-36.08574,160.0554,183.0
80.40777,-37.49476,160.0554,183.0
80.176895,-39.104885,160.93002,184.0
79.48221,-40.498207,160.93002,184.0
79.191376,-42.1068,161.80464,185.0
78.44445,-43.482468,161.80464,185.0
76.83391,-44.36008,160.0554,183.0
76.04802,-45.69426,160.0554,183.0
76.88353,-48.04216,163.55388,187.0
74.00039,-48.056416,159.18079,182.0
73.552345,-49.611683,160.0554,183.0
72.6753,-50.887794,160.0554,183.0
76.09053,-55.283005,169.67622,194.0
70.46789,-53.101357,159.18079,182.0
69.5304,-54.323105,159.18079,182.0
68.57175,-55.528305,159.18079,182.0
71.30606,-59.832886,167.92699,192.0
66.22617,-57.569534,158.30617,181.0
65.21136,-58.716576,158.30617,181.0
64.17668,-59.845722,158.30617,181.0
64.168686,-61.96698,160.93002,184.0
62.049,-62.049004,158.30617,181.0
60.95665,-63.122456,158.30617,181.0
59.845722,-64.17668,158.30617,181.0
58.71657,-65.211365,158.30617,181.0
57.251472,-65.86028,157.43155,180.0
56.09333,-66.84943,157.43155,180.0
54.918106,-67.81821,157.43155,180.0
54.024628,-69.14837,158.30617,181.0
52.517826,-69.69351,157.43155,180.0
51.29351,-70.59946,157.43155,180.0
50.05357,-71.4839,157.43155,180.0
48.798378,-72.34657,157.43155,180.0
49.640697,-76.439964,164.42851,188.0
45.98688,-73.59439,156.55693,179.0
44.695477,-74.385765,156.55693,179.0
43.632862,-75.57434,157.43155,180.0
45.362785,-81.83664,168.8016,193.0
40.968784,-77.05106,157.43155,180.0
39.617813,-77.75433,157.43155,180.0
38.25478,-78.43392,157.43155,180.0
38.10943,-81.72593,162.67926,186.0
35.494167,-79.721214,157.43155,180.0
34.097443,-80.32853,157.43155,180.0
32.871937,-81.360886,158.30617,181.0
31.794464,-82.8274,160.0554,183.0
29.846638,-82.00296,157.43155,180.0
28.410942,-82.51137,157.43155,180.0
26.96659,-82.994644,157.43155,180.0
26.22276,-85.77076,161.80464,185.0
24.18733,-84.351234,158.30617,181.0
22.711514,-84.76051,158.30617,181.0
21.11149,-84.67357,157.43155,180.0
19.630516,-85.02911,157.43155,180.0
18.748348,-88.204056,162.67926,186.0
16.651093,-85.662415,157.43155,180.0
15.237725,-86.41741,158.30617,181.0
14.674122,-83.22106,158.93057,180.0
16.930511,-87.0999,166.87709,189.0
17.56955,-82.65825,158.93057,180.0
19.00946,-82.33903,158.93057,180.0
20.21643,-81.08367,157.16467,178.0
24.18013,-90.24147,175.70657,199.0
23.033897,-80.328735,157.16467,178.0
24.432322,-79.914505,157.16467,178.0
25.823292,-79.47593,157.16467,178.0
29.651928,-86.115456,171.29184,194.0
28.581236,-78.5263,157.16467,178.0
29.947355,-78.015526,157.16467,178.0
31.304356,-77.48099,157.16467,178.0
33.385567,-78.65145,160.69646,182.0
33.989326,-76.341286,157.16467,178.0
35.31649,-75.73646,157.16467,178.0
36.427094,-74.68661,156.28172,177.0
37.72501,-74.03949,156.28172,177.0
39.67264,-74.61338,158.93057,180.0
40.51357,-73.08842,157.16467,178.0
41.54823,-71.96365,156.28172,177.0
42.797844,-71.22758,156.28172,177.0
46.024677,-73.65488,163.3453,185.0
45.257584,-69.69056,156.28172,177.0
46.466953,-68.89009,156.28172,177.0
47.662174,-68.06864,156.28172,177.0
51.602364,-71.02456,165.1112,187.0
49.44363,-65.613914,154.51582,175.0
50.87026,-65.11096,155.39877,176.0
51.998856,-64.213234,155.39877,176.0
55.224003,-65.8134,161.5794,183.0
54.51619,-62.7137,156.28172,177.0
55.28825,-61.403828,155.39877,176.0
56.351475,-60.429558,155.39877,176.0
58.702026,-60.787724,158.93057,180.0
58.758076,-58.758076,156.28172,177.0
59.774597,-57.723656,156.28172,177.0
60.77291,-56.671654,156.28172,177.0
62.101593,-55.91653,157.16467,178.0
63.068016,-54.82419,157.16467,178.0
63.655586,-53.41338,156.28172,177.0
64.57808,-52.294304,156.28172,177.0
65.48091,-51.159294,156.28172,177.0
68.23847,-51.421375,160.69646,182.0
67.60626,-49.118828,157.16467,178.0
68.06864,-47.662174,156.28172,177.0
68.8901,-46.466953,156.28172,177.0
75.202805,-48.837276,168.64299,191.0
70.4698,-44.034416,156.28172,177.0
71.22758,-42.797844,156.28172,177.0
72.370224,-41.78297,157.16467,178.0
81.3006,-45.06566,174.82362,198.0
73.78435,-39.23183,157.16467,178.0
74.457794,-37.93814,157.16467,178.0
75.10857,-36.632896,157.16467,178.0
77.01292,-35.911713,159.8135,181.0
76.341286,-33.98933,157.16467,178.0
76.92285,-32.651814,157.16467,178.0
77.48099,-31.304352,157.16467,178.0
78.45381,-30.115599,158.04762,179.0
78.5263,-28.581234,157.16467,178.0
79.013145,-27.206408,157.16467,178.0
79.029434,-25.67822,156.28172,177.0
80.363464,-24.569574,158.04762,179.0
82.58516,-23.680914,161.5794,183.0
80.7185,-21.628456,157.16467,178.0
81.5392,-20.330006,158.04762,179.0
81.88159,-18.903854,158.04762,179.0
87.70959,-18.643248,168.64299,191.0
82.030594,-15.945133,157.16467,178.0
81.834045,-14.42955,156.28172,177.0
82.07341,-12.999152,156.28172,177.0
86.936806,-12.218171,165.1112,187.0
83.40902,-10.24134,158.04762,179.0
83.57506,-8.784093,158.04762,179.0
83.71563,-7.324168,158.04762,179.0
86.17234,-6.025757,162.46236,184.0
83.92024,-4.398074,158.04762,179.0
83.51503,-2.916409,157.16467,178.0
84.02261,-1.46662,158.04762,179.0
85.443825,0.0,160.69646,182.0
84.02261,1.46662,158.04762,179.0
83.984215,2.932794,158.04762,179.0
83.92024,4.398074,158.04762,179.0
84.76736,5.927511,159.8135,181.0
83.71563,7.324168,158.04762,179.0
83.57506,8.784093,158.04762,179.0
83.40902,10.24134,158.04762,179.0
84.14739,11.826144,159.8135,181.0
83.00079,13.146035,158.04762,179.0
82.75872,14.592595,158.04762,179.0
82.49144,16.034712,158.04762,179.0
83.11746,17.667162,159.8135,181.0
82.33903,19.009462,158.93057,180.0
82.45025,20.557158,159.8135,181.0
82.07892,21.992983,159.8135,181.0
81.23131,23.292702,158.93057,180.0
80.81242,24.706835,158.93057,180.0
79.922424,25.96837,158.04762,179.0
79.013145,27.206408,157.16467,178.0
78.96745,28.741802,158.04762,179.0
80.64526,30.956816,162.46236,184.0
77.48099,31.304352,157.16467,178.0
76.92285,32.651814,157.16467,178.0
76.341286,33.98933,157.16467,178.0
79.565834,37.102158,165.1112,187.0
75.10857,36.632896,157.16467,178.0
74.0395,37.725006,156.28172,177.0
73.78435,39.23183,157.16467,178.0
77.19451,42.789616,165.99414,188.0
72.370224,41.78297,157.16467,178.0
71.22758,42.797844,156.28172,177.0
71.26607,44.531982,158.04762,179.0
74.021614,48.070198,165.99414,188.0
70.057724,47.254528,158.93057,180.0
68.837776,48.20073,158.04762,179.0
68.36588,49.670727,158.93057,180.0
68.98835,51.986446,162.46236,184.0
66.22081,51.737366,158.04762,179.0
65.30778,52.8852,158.04762,179.0
64.37486,54.01692,158.04762,179.0
67.6741,58.8282,168.64299,191.0
61.75271,55.60239,156.28172,177.0
61.11626,56.991833,157.16467,178.0
60.112305,58.049778,157.16467,178.0
60.749874,60.749874,161.5794,183.0
59.02815,61.125435,159.8135,181.0
56.671654,60.772907,156.28172,177.0
54.0317,60.008286,151.86699,172.0
52.36018,60.233498,150.10109,170.0
49.792133,59.339954,145.68636,165.0
48.15803,59.47021,143.92046,163.0
46.24569,59.191784,141.27162,160.0
48.030956,63.73923,150.10109,170.0
42.496063,58.49081,135.97392,154.0
40.660954,58.06986,133.32509,151.0
38.853725,57.603016,130.67624,148.0
37.586803,57.8786,129.79329,147.0
37.068523,59.322037,131.55919,149.0
34.57679,57.54544,126.261505,143.0
33.33248,57.73355,125.378555,142.0
31.637,57.074665,122.72971,139.0
31.517712,59.276184,126.261505,143.0
28.133905,55.215893,116.54908,132.0
26.754362,54.854572,114.78319,130.0
25.792942,55.313145,114.78319,130.0
26.160324,58.757057,120.96382,137.0
23.113085,54.451008,111.251396,126.0
21.983397,54.410805,110.36845,125.0
20.69396,53.909603,108.602554,123.0
20.713367,56.909508,113.90024,129.0
18.188553,52.8234,105.07076,119.0
17.118813,52.68629,104.18781,118.0
16.059446,52.528072,103.30487,117.0
16.951914,59.11834,115.66614,131.0
13.851934,51.696117,100.65603,114.0
12.720451,51.01894,98.89013,112.0
11.616893,50.318295,97.12424,110.0
11.810642,55.564713,106.83666,121.0
9.853737,50.693066,97.12424,110.0
8.804473,49.932636,95.35834,108.0
8.514141,48.28608,96.22871,108.0
11.954318,61.49962,122.9589,138.0
10.099721,47.515457,95.3377,107.0
10.927442,47.33196,95.3377,107.0
11.861666,47.574543,96.22871,108.0
16.09769,60.077396,122.067894,137.0
13.639906,47.568,97.11971,109.0
14.468006,47.322704,97.11971,109.0
15.291693,47.062996,97.11971,109.0
20.840483,60.525158,125.63192,141.0
17.080128,46.927265,98.01072,110.0
18.059217,47.045864,98.901726,111.0
19.0476,47.144455,99.79273,112.0
23.770023,55.998657,119.394875,134.0
21.235273,47.69521,102.46575,115.0
22.256302,47.728794,103.35676,116.0
23.28491,47.741142,104.247765,117.0
25.351208,49.754543,109.5938,123.0
25.36314,47.701126,106.02978,119.0
25.971674,46.854145,105.13877,118.0
27.239428,47.180077,106.920784,120.0
28.993975,48.254078,110.48481,124.0
29.350554,46.970703,108.7028,122.0
30.413097,46.832058,109.5938,123.0
31.479664,46.67052,110.48481,124.0
33.07058,47.22968,113.15783,127.0
33.889812,46.645325,113.15783,127.0
34.698723,46.04676,113.15783,127.0
36.056076,46.14967,114.93984,129.0
37.713123,46.571827,117.61286,132.0
38.52017,45.906548,117.61286,132.0
39.91117,45.912548,119.394875,134.0
41.313934,45.883774,121.17689,136.0
45.20463,48.476032,130.08696,146.0
44.46693,46.046852,125.63192,141.0
45.905823,45.905827,127.41393,143.0
47.353146,45.7284,129.19595,145.0
49.804146,46.443115,133.65099,150.0
49.93234,44.959282,131.86897,148.0
51.394646,44.676685,133.65099,150.0
52.862087,44.356556,135.433,152.0
54.686615,44.284348,138.10602,155.0
55.808903,43.602695,138.99702,156.0
57.649097,43.441708,141.67004,159.0
59.13305,42.962677,143.45206,161.0
62.105167,43.486507,148.7981,167.0
63.607407,42.903732,150.58011,169.0
65.10799,42.281624,152.36212,171.0
67.37601,42.101204,155.92615,175.0
69.6571,41.854206,159.49017,179.0
73.522285,42.448112,166.61823,187.0
71.86949,39.83791,161.27219,181.0
72.55382,38.57755,161.27219,181.0
73.620544,37.51154,162.1632,182.0
77.12031,37.614086,168.40024,189.0
74.88483,34.91937,162.1632,182.0
75.89759,33.791786,163.0542,183.0
76.475784,32.462044,163.0542,183.0
80.81907,32.653023,171.07326,192.0
77.98594,29.935999,163.9452,184.0
78.49652,28.570395,163.9452,184.0
78.983185,27.19609,163.9452,184.0
83.331726,27.07612,171.96426,193.0
79.45005,24.290316,163.0542,183.0
79.42547,22.774885,162.1632,182.0
79.810844,21.385252,162.1632,182.0
83.25545,20.757915,168.40024,189.0
80.06621,18.48474,161.27219,181.0
80.82069,17.178968,162.1632,182.0
81.10819,15.765835,162.1632,182.0
82.265175,14.50557,163.9452,184.0
81.609,12.925596,162.1632,182.0
81.37258,11.436171,161.27219,181.0
81.55978,10.014282,161.27219,181.0
82.62514,8.684252,163.0542,183.0
82.31185,7.201354,162.1632,182.0
82.87788,5.795386,163.0542,183.0
82.05966,4.300565,161.27219,181.0
82.12222,2.867771,161.27219,181.0
82.15976,1.434104,161.27219,181.0
82.17228,0.0,161.27219,181.0
81.70584,-1.426181,160.38118,180.0
82.12222,-2.867771,161.27219,181.0
82.05966,-4.300565,161.27219,181.0
81.519226,-5.70038,160.38118,180.0
81.407326,-7.122218,160.38118,180.0
81.72213,-8.589342,161.27219,181.0
81.55978,-10.014282,161.27219,181.0
80.023865,-11.246621,158.59917,178.0
79.8154,-12.641517,158.59917,178.0
80.02971,-14.111397,159.49017,179.0
83.33644,-16.198963,166.61823,187.0
79.48848,-16.895798,159.49017,179.0
79.181496,-18.280489,159.49017,179.0
78.8504,-19.659613,159.49017,179.0
82.88049,-22.207762,168.40024,189.0
77.679855,-22.27434,158.59917,178.0
77.27928,-23.626646,158.59917,178.0
77.28694,-25.11205,159.49017,179.0
81.12946,-27.935116,168.40024,189.0
75.93685,-27.638752,158.59917,178.0
75.86676,-29.12252,159.49017,179.0
75.34695,-30.44214,159.49017,179.0
76.057884,-32.284653,162.1632,182.0
73.82389,-32.868515,158.59917,178.0
73.23901,-34.151913,158.59917,178.0
72.63182,-35.424908,158.59917,178.0
72.00251,-36.68711,158.59917,178.0
71.75211,-38.151276,159.49017,179.0
70.67828,-39.177612,158.59917,178.0
69.98378,-40.405155,158.59917,178.0
69.6571,-41.854206,159.49017,179.0
70.07105,-43.78525,162.1632,182.0
67.773224,-44.012447,158.59917,178.0
66.99478,-45.18855,158.59917,178.0
66.56782,-46.611286,159.49017,179.0
68.68249,-49.90075,166.61823,187.0
64.53798,-48.632854,158.59917,178.0
63.67939,-49.751793,158.59917,178.0
63.15422,-51.14128,159.49017,179.0
65.729836,-55.153877,168.40024,189.0
60.98831,-53.01633,158.59917,178.0
60.05376,-54.07265,158.59917,178.0
59.100918,-55.112495,158.59917,178.0
60.416084,-58.343136,164.83621,185.0
57.141514,-57.141518,158.59917,178.0
56.135555,-58.13007,158.59917,178.0
55.112495,-59.100918,158.59917,178.0
54.983986,-61.065903,161.27219,181.0
53.01633,-60.98831,158.59917,178.0
51.943863,-61.904285,158.59917,178.0
50.56987,-62.448586,157.70816,177.0
49.751793,-63.67939,158.59917,178.0
48.35964,-64.17541,157.70816,177.0
46.965412,-64.64234,156.81715,176.0
46.09049,-65.82404,157.70816,177.0
44.93468,-66.61841,157.70816,177.0
44.012447,-67.773224,158.59917,178.0
42.34178,-67.76102,156.81715,176.0
41.386562,-68.87881,157.70816,177.0
40.178158,-69.590614,157.70816,177.0
40.058006,-72.26656,162.1632,182.0
37.51187,-70.54956,156.81715,176.0
36.2749,-71.19349,156.81715,176.0
35.026875,-71.815735,156.81715,176.0
35.303097,-75.70774,163.9452,184.0
32.499203,-72.99441,156.81715,176.0
31.397718,-73.968376,157.70816,177.0
30.102009,-74.50507,157.70816,177.0
31.07487,-80.9528,170.18225,191.0
27.483479,-75.51024,157.70816,177.0
26.161455,-75.97839,157.70816,177.0
24.831465,-76.4234,157.70816,177.0
24.024855,-78.58174,161.27219,181.0
22.149206,-77.24345,157.70816,177.0
20.797747,-77.61824,157.70816,177.0
19.439953,-77.96939,157.70816,177.0
18.076237,-78.29679,157.70816,177.0
16.707014,-78.60034,157.70816,177.0
15.332713,-78.879944,157.70816,177.0
13.874896,-78.68843,156.81715,176.0
13.549781,-76.84461,159.98534,178.0
15.474359,-79.60865,166.2769,185.0
16.132217,-75.896126,159.08655,177.0
17.552944,-76.03016,159.98534,178.0
18.87718,-75.712234,159.98534,178.0
23.259056,-86.80397,184.25278,205.0
21.387173,-74.58592,159.08655,177.0
22.813787,-74.62052,159.98534,178.0
23.977148,-73.79408,159.08655,177.0
27.830338,-80.82517,175.26485,195.0
26.537922,-72.91234,159.08655,177.0
27.806377,-72.43809,159.08655,177.0
29.066362,-71.941765,159.08655,177.0
31.687777,-74.65171,166.2769,185.0
31.559381,-70.88354,159.08655,177.0
32.791664,-70.32195,159.08655,177.0
34.01396,-69.73895,159.08655,177.0
35.424908,-69.52529,159.98534,178.0
36.427097,-68.5094,159.08655,177.0
37.617195,-67.86323,159.08655,177.0
38.795845,-67.19638,159.08655,177.0
39.962673,-66.50906,159.08655,177.0
41.349632,-66.17325,159.98534,178.0
42.259464,-65.07387,159.08655,177.0
43.14359,-63.963,158.18776,176.0
44.50477,-63.55939,159.08655,177.0
47.41093,-65.25555,165.3781,184.0
46.695847,-61.96748,159.08655,177.0
47.770218,-61.143085,159.08655,177.0
48.830036,-60.300068,159.08655,177.0
52.410995,-62.46099,167.17569,186.0
50.90473,-58.559193,159.08655,177.0
51.62565,-57.336094,158.18776,176.0
52.917404,-56.74697,159.08655,177.0
56.031345,-58.022156,165.3781,184.0
54.555634,-54.555637,158.18776,176.0
55.814793,-53.89972,159.08655,177.0
56.74697,-52.917404,159.08655,177.0
57.66186,-51.918976,159.08655,177.0
58.559193,-50.90473,159.08655,177.0
59.438686,-49.874977,159.08655,177.0
60.300068,-48.830036,159.08655,177.0
61.14309,-47.770214,159.08655,177.0
62.66768,-47.22348,160.88414,179.0
62.418346,-45.349586,158.18776,176.0
63.559395,-44.504765,159.08655,177.0
64.32643,-43.38872,159.08655,177.0
68.01506,-44.1695,166.2769,185.0
65.80149,-41.117332,159.08655,177.0
66.50906,-39.962673,159.08655,177.0
67.19637,-38.79585,159.08655,177.0
70.54708,-39.104885,165.3781,184.0
68.896454,-36.632896,159.98534,178.0
69.134705,-35.22589,159.08655,177.0
70.13296,-34.206127,159.98534,178.0
72.70575,-33.903248,164.47931,183.0
70.88354,-31.559385,159.08655,177.0
71.82705,-30.488773,159.98534,178.0
71.941765,-29.066359,159.08655,177.0
73.25659,-28.120573,160.88414,179.0
72.91234,-26.537922,159.08655,177.0
73.36439,-25.261383,159.08655,177.0
73.79408,-23.977152,159.08655,177.0
74.2013,-22.685614,159.08655,177.0
74.58592,-21.387169,159.08655,177.0
74.94782,-20.082209,159.08655,177.0
75.28689,-18.77113,159.08655,177.0
76.03016,-17.552944,159.98534,178.0
76.75371,-16.314505,160.88414,179.0
76.166115,-14.805193,159.08655,177.0
76.4129,-13.473656,159.08655,177.0
76.636406,-12.138015,159.08655,177.0
79.0071,-11.103724,163.58052,182.0
77.013336,-9.456049,159.08655,177.0
77.16663,-8.110541,159.08655,177.0
77.29643,-6.762561,159.08655,177.0
80.90111,-5.657157,166.2769,185.0
77.48535,-4.060836,159.08655,177.0
77.544426,-2.707911,159.08655,177.0
78.01818,-1.361812,159.98534,178.0
81.53703,0.0,167.17569,186.0
77.57987,1.354162,159.08655,177.0
77.544426,2.707911,159.08655,177.0
77.48535,4.060836,159.08655,177.0
81.33841,5.687736,167.17569,186.0
77.29643,6.762561,159.08655,177.0
77.16663,8.110541,159.08655,177.0
77.013336,9.456049,159.08655,177.0
76.83658,10.798676,159.08655,177.0
76.636406,12.138015,159.08655,177.0
76.4129,13.473656,159.08655,177.0
76.166115,14.805193,159.08655,177.0
78.89767,16.770218,165.3781,184.0
75.60302,17.454332,159.08655,177.0
75.28689,18.77113,159.08655,177.0
74.94782,20.082209,159.08655,177.0
77.11426,22.112158,164.47931,183.0
74.2013,22.685614,159.08655,177.0
73.79408,23.977152,159.08655,177.0
73.36439,25.261383,159.08655,177.0
73.736206,26.837784,160.88414,179.0
72.43809,27.806376,159.08655,177.0
71.941765,29.066359,159.08655,177.0
71.42353,30.31749,159.08655,177.0
71.68448,31.915989,160.88414,179.0
70.71925,32.97693,159.98534,178.0
69.73895,34.013958,159.08655,177.0
69.134705,35.22589,159.08655,177.0
68.896454,36.632896,159.98534,178.0
68.630035,38.04225,160.88414,179.0
67.19637,38.79585,159.08655,177.0
66.88482,40.188454,159.98534,178.0
66.545006,41.581936,160.88414,179.0
66.544464,43.21448,162.68172,181.0
64.68986,43.633858,159.98534,178.0
63.918488,44.756207,159.98534,178.0
63.482296,46.12259,160.88414,179.0
64.418175,48.542572,165.3781,184.0
61.48853,48.040104,159.98534,178.0
60.640747,49.10591,159.98534,178.0
60.11031,50.438538,160.88414,179.0
61.536777,53.493107,167.17569,186.0
57.987637,52.212303,159.98534,178.0
57.067577,53.216373,159.98534,178.0
56.13013,54.204235,159.98534,178.0
58.275337,58.27534,168.97328,188.0
54.20424,56.13013,159.98534,178.0
52.61844,56.42637,158.18776,176.0
51.62565,57.336094,158.18776,176.0
54.068302,62.198463,168.97328,188.0
50.438538,60.11031,160.88414,179.0
48.830036,60.300068,159.08655,177.0
46.960552,60.106762,156.39017,174.0
51.708393,68.619354,176.16364,196.0
43.030575,59.226498,150.0986,167.0
41.487495,59.250282,148.30103,165.0
39.221443,58.148186,143.80705,160.0
37.96189,58.456184,142.90825,159.0
36.471306,58.36629,141.11067,157.0
34.769787,57.866642,138.41429,154.0
33.316204,57.705364,136.6167,152.0
32.30403,58.278023,136.6167,152.0
31.076223,58.44587,135.7179,151.0
29.255404,57.416958,132.12273,147.0
28.056711,57.524784,131.22394,146.0
26.863228,57.60838,130.32513,145.0
26.210335,58.86938,132.12273,147.0
23.808655,56.08966,124.93237,139.0
22.66191,56.090187,124.03358,138.0
21.52245,56.067898,123.13479,137.0
21.29031,58.494644,127.62875,142.0
18.838997,54.712425,118.640816,132.0
17.745798,54.61596,117.74202,131.0
16.661755,54.49813,116.84322,130.0
16.553913,57.730347,123.13479,137.0
14.409269,53.77612,114.14684,127.0
13.362499,53.594055,113.24805,126.0
12.326505,53.391964,112.34926,125.0
12.759946,60.030834,125.83117,140.0
10.372003,53.35931,111.45046,124.0
9.363051,53.10049,110.55167,123.0
8.953203,50.776123,110.56955,122.0
12.337827,63.472595,138.66508,153.0
10.631939,50.01935,109.66324,121.0
11.503278,49.826176,109.66324,121.0
12.473355,50.027893,110.56955,122.0
16.188486,60.41625,134.13354,148.0
14.328196,49.96835,111.47586,123.0
15.321644,50.11483,112.382164,124.0
16.324526,50.241734,113.288475,125.0
20.776247,60.338608,136.85248,151.0
18.21254,50.03854,114.19478,126.0
18.931606,49.318516,113.288475,125.0
20.106083,49.764294,115.10109,127.0
23.283348,54.852123,127.7894,141.0
22.002474,49.41837,116.0074,128.0
23.0402,49.409866,116.913704,129.0
23.899012,49.000233,116.913704,129.0
25.518003,50.081898,120.53893,133.0
25.792946,48.50947,117.820015,130.0
26.84051,48.421566,118.72632,131.0
28.104113,48.677753,120.53893,133.0
29.384706,48.904366,122.35155,135.0
30.009777,48.02568,121.445244,134.0
31.073545,47.84906,122.35155,135.0
32.140217,47.649834,123.25786,136.0
33.936543,48.466408,126.88309,140.0
34.528824,47.524845,125.97678,139.0
35.607323,47.252514,126.88309,140.0
37.20714,47.622967,129.60202,143.0
38.564533,47.62323,131.41463,145.0
39.661453,47.266678,132.32094,146.0
41.034855,47.2052,134.13354,148.0
42.135235,46.79592,135.03986,149.0
43.52197,46.671597,136.85248,151.0
44.917023,46.51294,138.66508,153.0
45.721943,45.721947,138.66508,153.0
47.120953,45.504173,140.4777,155.0
49.144264,45.827766,144.10294,159.0
50.250652,45.24589,145.00925,160.0
51.032646,44.362003,145.00925,160.0
52.770332,44.279568,147.72816,163.0
54.52039,44.149742,150.4471,166.0
56.947742,44.492455,154.97864,171.0
57.715572,43.4918,154.97864,171.0
59.49153,43.22313,157.69756,174.0
61.621574,43.14789,161.32278,178.0
64.81779,43.720146,167.66695,185.0
63.444313,41.201218,162.2291,179.0
63.43691,39.63978,160.41647,177.0
65.20582,39.179607,163.1354,180.0
68.07565,39.3035,168.57324,186.0
66.16382,36.6752,162.2291,179.0
66.79381,35.5149,162.2291,179.0
67.40346,34.343777,162.2291,179.0
71.411194,34.829567,170.38586,188.0
68.56098,31.970509,162.2291,179.0
69.1085,30.769087,162.2291,179.0
69.634964,29.558289,162.2291,179.0
73.666824,29.76333,170.38586,188.0
70.624115,27.11006,162.2291,179.0
71.086494,25.873367,162.2291,179.0
71.92681,24.76639,163.1354,180.0
74.357765,24.160301,167.66695,185.0
72.343185,22.11753,162.2291,179.0
72.31192,20.73511,161.32278,178.0
73.07101,19.579317,162.2291,179.0
74.22171,18.50555,164.0417,181.0
73.7098,17.017248,162.2291,179.0
73.99557,15.728243,162.2291,179.0
74.25879,14.434447,162.2291,179.0
74.915596,13.20964,163.1354,180.0
74.71731,11.834059,162.2291,179.0
74.91246,10.52826,162.2291,179.0
74.66533,9.16775,161.32278,178.0
75.23426,7.907439,162.2291,179.0
77.88686,6.814217,167.66695,185.0
75.46439,5.276984,162.2291,179.0
75.122955,3.937027,161.32278,178.0
75.602585,2.6401,162.2291,179.0
79.01758,1.379257,169.47955,187.0
75.22605,0.0,161.32278,178.0
75.21459,-1.312876,161.32278,178.0
76.02495,-2.65485,163.1354,180.0
79.76539,-4.180327,171.29218,189.0
75.0428,-5.247504,161.32278,178.0
74.9398,-6.556382,161.32278,178.0
74.81396,-7.863264,161.32278,178.0
78.440544,-9.631287,169.47955,187.0
74.075455,-10.410626,160.41647,177.0
73.88248,-11.701835,160.41647,177.0
73.667,-12.989479,160.41647,177.0
76.33306,-14.837643,166.76064,184.0
73.582184,-15.640376,161.32278,178.0
72.88622,-16.82711,160.41647,177.0
72.991516,-18.19883,161.32278,178.0
72.66279,-19.469934,161.32278,178.0
71.90568,-20.61862,160.41647,177.0
71.93903,-21.993967,161.32278,178.0
71.54423,-23.246128,161.32278,178.0
71.52722,-24.628798,162.2291,179.0
72.67502,-26.451544,165.85432,183.0
70.22957,-26.958607,161.32278,178.0
70.14023,-28.33849,162.2291,179.0
69.634964,-29.558289,162.2291,179.0
72.19714,-32.14424,169.47955,187.0
68.177956,-31.791903,161.32278,178.0
67.612724,-32.97693,161.32278,178.0
67.0269,-34.151913,161.32278,178.0
68.65956,-36.506935,166.76064,184.0
65.42456,-36.265423,160.41647,177.0
64.78167,-37.40172,160.41647,177.0
63.7568,-38.30895,159.51018,176.0
64.15371,-40.08769,162.2291,179.0
62.735435,-40.74087,160.41647,177.0
61.66449,-41.593224,159.51018,176.0
61.275387,-42.905487,160.41647,177.0
61.201057,-44.46517,162.2291,179.0
61.765785,-46.543858,165.85432,183.0
58.945908,-46.053593,160.41647,177.0
58.133186,-47.07533,160.41647,177.0
57.302753,-48.082718,160.41647,177.0
60.60127,-52.67988,172.19849,190.0
55.589783,-50.05327,160.41647,177.0
54.707767,-51.015816,160.41647,177.0
53.50508,-51.669254,159.51018,176.0
55.284702,-55.284706,167.66695,185.0
51.669254,-53.505077,159.51018,176.0
50.727592,-54.398685,159.51018,176.0
49.770477,-55.27572,159.51018,176.0
49.35273,-56.773823,161.32278,178.0
47.811066,-56.97901,159.51018,176.0
46.809364,-57.80475,159.51018,176.0
45.533215,-58.279854,158.60387,175.0
44.763493,-59.40316,159.51018,176.0
44.216766,-60.859154,161.32278,178.0
42.420677,-60.583008,158.60387,175.0
41.3569,-61.314125,158.60387,175.0
40.510696,-62.381,159.51018,176.0
40.9835,-65.58731,165.85432,183.0
37.873623,-63.03229,157.69756,174.0
36.979095,-64.049675,158.60387,175.0
36.06053,-65.05493,159.51018,176.0
36.90375,-69.40585,168.57324,186.0
33.57632,-65.89723,158.60387,175.0
32.606403,-66.853035,159.51018,176.0
31.256084,-67.02889,158.60387,175.0
30.769085,-69.1085,162.2291,179.0
28.897774,-68.07888,158.60387,175.0
27.70523,-68.572845,158.60387,175.0
26.655703,-69.440475,159.51018,176.0
25.584282,-70.29224,160.41647,177.0
24.216022,-70.328445,159.51018,176.0
22.984934,-70.74036,159.51018,176.0
21.623287,-70.72657,158.60387,175.0
20.735113,-72.31192,161.32278,178.0
20.235607,-75.52031,167.66695,185.0
18.096588,-72.58145,160.41647,177.0
16.82711,-72.88622,160.41647,177.0
15.640373,-73.582184,161.32278,178.0
15.240845,-78.407326,171.29218,189.0
12.989483,-73.667,160.41647,177.0
12.571979,-71.29922,162.61108,178.0
13.814409,-71.06895,162.61108,178.0
16.067406,-75.59121,173.57364,190.0
16.194761,-70.147224,161.69754,177.0
17.514935,-70.24856,162.61108,178.0
18.633003,-69.53931,161.69754,177.0
20.18013,-70.376465,164.43819,180.0
21.405296,-70.01356,164.43819,180.0
22.246868,-68.46883,161.69754,177.0
23.570848,-68.45472,162.61108,178.0
25.040184,-68.79734,164.43819,180.0
26.23705,-68.349846,164.43819,180.0
26.968826,-66.750175,161.69754,177.0
27.970747,-65.894936,160.784,176.0
29.116505,-65.39674,160.784,176.0
31.456663,-67.45904,167.17882,183.0
31.381084,-64.34076,160.784,176.0
32.314552,-63.420876,159.87045,175.0
33.416477,-62.847248,159.87045,175.0
34.9026,-62.96596,161.69754,177.0
35.792824,-61.99499,160.784,176.0
36.65985,-61.012238,159.87045,175.0
37.719078,-60.36314,159.87045,175.0
38.988342,-60.036777,160.784,176.0
41.39485,-61.370396,166.26527,182.0
40.593254,-57.973175,158.95691,174.0
41.837917,-57.58495,159.87045,175.0
42.59176,-56.521175,158.95691,174.0
46.57665,-59.61539,169.91945,186.0
44.538376,-55.000313,158.95691,174.0
45.491478,-54.214634,158.95691,174.0
46.69757,-53.719406,159.87045,175.0
49.805267,-55.314358,167.17882,183.0
48.26651,-51.759495,158.95691,174.0
49.44503,-51.201824,159.87045,175.0
50.331093,-50.331093,159.87045,175.0
52.372154,-50.5752,163.52464,179.0
52.056965,-48.543903,159.87045,175.0
52.89624,-47.62799,159.87045,175.0
53.71941,-46.69757,159.87045,175.0
54.526215,-45.752922,159.87045,175.0
55.948593,-45.30628,161.69754,177.0
56.08975,-43.822117,159.87045,175.0
56.84601,-42.83654,159.87045,175.0
57.91401,-42.076992,160.784,176.0
61.304966,-42.9262,168.09236,184.0
59.347195,-40.030186,160.784,176.0
59.69566,-38.766815,159.87045,175.0
60.708076,-37.934616,160.784,176.0
66.93914,-40.221092,175.40073,192.0
61.64275,-35.58946,159.87045,175.0
62.254482,-34.50822,159.87045,175.0
63.20638,-33.60743,160.784,176.0
64.8705,-33.05317,163.52464,179.0
63.975185,-31.202782,159.87045,175.0
64.51,-30.081509,159.87045,175.0
65.39674,-29.116508,160.784,176.0
65.894936,-27.970741,160.784,176.0
66.37306,-26.816458,160.784,176.0
66.83096,-25.654003,160.784,176.0
67.26851,-24.483734,160.784,176.0
68.07014,-23.438429,161.69754,177.0
70.78981,-23.001003,167.17882,183.0
68.4577,-20.929619,160.784,176.0
68.812546,-19.73168,160.784,176.0
69.14643,-18.52773,160.784,176.0
76.957695,-19.187708,178.14136,195.0
69.750916,-16.103268,160.784,176.0
70.02133,-14.883494,160.784,176.0
70.270424,-13.659186,160.784,176.0
75.304794,-13.278266,171.74655,188.0
70.704315,-11.198463,160.784,176.0
70.888985,-9.962797,160.784,176.0
71.455765,-8.773665,161.69754,177.0
72.40702,-7.610285,163.52464,179.0
71.31325,-6.2391,160.784,176.0
71.41127,-4.993563,160.784,176.0
71.89372,-3.767791,161.69754,177.0
72.35502,-2.526693,162.61108,178.0
71.98142,-1.25644,161.69754,177.0
71.992386,0.0,161.69754,177.0
71.574745,1.249342,160.784,176.0
71.94853,2.512498,161.69754,177.0
72.706085,3.810364,163.52464,179.0
71.41127,4.993563,160.784,176.0
71.31325,6.2391,160.784,176.0
71.59801,7.525254,161.69754,177.0
72.666885,8.922371,164.43819,180.0
70.888985,9.962797,160.784,176.0
71.10604,11.262091,161.69754,177.0
70.89866,12.501347,161.69754,177.0
73.46453,14.280058,168.09236,184.0
70.02133,14.883494,160.784,176.0
70.147224,16.194763,161.69754,177.0
69.853905,17.416534,161.69754,177.0
74.64671,20.001528,173.57364,190.0
69.20352,19.84379,161.69754,177.0
68.846664,21.048536,161.69754,177.0
68.46883,22.246872,161.69754,177.0
72.30049,24.895054,171.74655,188.0
67.26851,24.483734,160.784,176.0
67.210686,25.799765,161.69754,177.0
66.37306,26.816458,160.784,176.0
69.264565,29.401064,169.0059,185.0
65.39674,29.116508,160.784,176.0
65.24726,30.425299,161.69754,177.0
64.34076,31.381083,160.784,176.0
65.95771,33.607132,166.26527,182.0
63.20638,33.60743,160.784,176.0
62.61022,34.705414,160.784,176.0
62.347237,35.996197,161.69754,177.0
62.058163,37.288303,162.61108,178.0
60.708076,37.934616,160.784,176.0
60.377895,39.209866,161.69754,177.0
59.684395,40.25763,161.69754,177.0
59.972248,41.99302,164.43819,180.0
58.901176,42.794212,163.52464,179.0
57.170845,43.081318,160.784,176.0
56.08975,43.822117,159.87045,175.0
55.6325,45.050312,160.784,176.0
57.330418,48.10593,168.09236,184.0
53.71941,46.69757,159.87045,175.0
52.89624,47.62799,159.87045,175.0
52.35443,48.821297,160.784,176.0
54.420227,52.553,169.91945,186.0
50.331093,50.331093,159.87045,175.0
49.44503,51.201824,159.87045,175.0
48.543903,52.056965,159.87045,175.0
51.16607,56.82568,171.74655,188.0
46.69757,53.719406,159.87045,175.0
45.752926,54.52621,159.87045,175.0
44.538376,55.000313,158.95691,174.0
51.08407,65.38462,186.36327,204.0
42.346977,56.19634,158.04337,173.0
41.837917,57.58495,159.87045,175.0
41.293137,58.97271,161.69754,177.0
42.759518,63.393593,171.74655,188.0
38.54529,59.35454,158.95691,174.0
36.85693,58.983414,156.21628,171.0
35.193455,58.57175,153.47563,168.0
34.572613,59.881527,155.30273,170.0
31.944752,57.629864,147.99437,162.0
30.361258,57.101215,145.25372,159.0
29.175425,57.25999,144.34018,158.0
28.349957,58.126026,145.25372,159.0
26.471727,56.768803,140.686,154.0
25.311506,56.850582,139.77246,153.0
24.156553,56.909264,138.8589,152.0
23.769135,58.830666,142.51309,156.0
21.718447,56.578484,136.11827,149.0
20.588594,56.5667,135.20473,148.0
19.333391,56.14825,133.37764,146.0
18.224836,56.090286,132.4641,145.0
17.124237,56.01084,131.55055,144.0
15.91988,55.51921,129.72345,142.0
14.948511,55.788597,129.72345,142.0
13.972587,56.040985,129.72345,142.0
12.809417,55.483685,127.89636,140.0
11.500879,54.107395,124.24218,136.0
10.47722,53.900604,123.328636,135.0
9.464299,53.674694,122.41509,134.0
10.041765,56.949665,136.23473,148.0
9.91582,51.012455,122.42715,133.0
10.723357,50.449436,121.50664,132.0
11.77798,51.01604,123.34765,134.0
14.840647,59.522583,144.51926,157.0
13.450112,50.1965,122.42715,133.0
14.431815,50.329712,123.34765,134.0
15.307992,50.070175,123.34765,134.0
18.111382,55.741108,138.07573,150.0
17.046087,49.505432,123.34765,134.0
18.041119,49.567566,124.26816,135.0
19.04347,49.609932,125.18866,136.0
22.10194,54.704216,138.99623,151.0
20.610563,48.555435,124.26816,135.0
21.613752,48.545288,125.18866,136.0
22.622824,48.514805,126.10916,137.0
25.521503,52.326836,137.15523,149.0
24.479574,48.04387,127.02967,138.0
25.497766,47.95432,127.95017,139.0
26.520226,47.84376,128.87068,140.0
30.28166,52.44938,142.67825,155.0
28.77752,47.893837,131.6322,143.0
29.609001,47.384308,131.6322,143.0
30.857077,47.515728,133.4732,145.0
33.429592,49.56141,140.83725,153.0
32.944782,47.050022,135.31421,147.0
33.990566,46.784,136.23473,148.0
34.801884,46.18366,136.23473,148.0
37.767624,48.34035,144.51926,157.0
37.130157,45.85192,138.99623,151.0
37.924725,45.196926,138.99623,151.0
38.96409,44.823055,139.91673,152.0
42.877823,47.62065,150.9628,164.0
41.30409,44.293213,142.67825,155.0
42.342243,43.846676,143.59875,156.0
43.37731,43.377316,144.51926,157.0
47.219498,45.59934,154.64482,168.0
46.29355,43.169434,149.12178,162.0
47.91102,43.139275,151.8833,165.0
49.54127,43.06557,154.64482,168.0
51.482594,43.199024,158.32683,172.0
52.532333,42.53985,159.24734,173.0
53.882557,42.097668,161.08835,175.0
54.60906,41.150875,161.08835,175.0
55.63503,40.421215,162.00885,176.0
55.3718,38.77175,159.24734,173.0
56.040028,37.799473,159.24734,173.0
56.69118,36.815685,159.24734,173.0
57.65643,36.027737,160.16785,174.0
58.61134,35.217243,161.08835,175.0
58.878654,33.993607,160.16785,174.0
59.46296,32.960857,160.16785,174.0
60.71914,32.28494,162.00885,176.0
63.01406,32.107265,166.61137,181.0
61.106503,29.803633,160.16785,174.0
61.617344,28.73264,160.16785,174.0
62.466362,27.811817,161.08835,175.0
66.17926,28.091429,169.3729,184.0
63.036648,25.468458,160.16785,174.0
63.83631,24.504465,161.08835,175.0
64.25425,23.386635,161.08835,175.0
67.97761,23.406569,169.3729,184.0
65.03129,21.129948,161.08835,175.0
65.39015,19.991776,161.08835,175.0
65.7291,18.847515,161.08835,175.0
69.06736,18.506544,168.4524,183.0
66.34683,16.542122,161.08835,175.0
66.244705,15.293795,160.16785,174.0
66.88372,14.216575,161.08835,175.0
70.19007,13.643567,168.4524,183.0
66.95434,11.805856,160.16785,174.0
67.5361,10.696668,161.08835,175.0
67.712494,9.516371,161.08835,175.0
70.583,8.666502,167.53189,182.0
68.003365,7.147442,161.08835,175.0
68.117744,5.959531,161.08835,175.0
68.21138,4.769804,161.08835,175.0
67.89404,3.558176,160.16785,174.0
67.9458,2.37272,160.16785,174.0
67.97686,1.18654,160.16785,174.0
68.377945,0.0,161.08835,175.0
68.7582,-1.200179,162.00885,176.0
68.72678,-2.399992,162.00885,176.0
67.89404,-3.558176,160.16785,174.0
68.21138,-4.769804,161.08835,175.0
67.7285,-5.925476,160.16785,174.0
69.557724,-7.310812,164.77037,179.0
67.86826,-8.333175,161.08835,175.0
67.32557,-9.461991,160.16785,174.0
67.5361,-10.696668,161.08835,175.0
71.18708,-12.552203,170.2934,185.0
67.12165,-13.047127,161.08835,175.0
66.50153,-14.135337,160.16785,174.0
66.244705,-15.293795,160.16785,174.0
73.171074,-18.243599,177.65744,193.0
65.67061,-17.596388,160.16785,174.0
65.7291,-18.847515,161.08835,175.0
65.39015,-19.991776,161.08835,175.0
66.88933,-21.733662,165.69087,180.0
64.28317,-22.134472,160.16785,174.0
63.887085,-23.252996,160.16785,174.0
63.471535,-24.364439,160.16785,174.0
63.761208,-25.7612,162.00885,176.0
62.94223,-26.71739,161.08835,175.0
62.10941,-27.652891,160.16785,174.0
61.617344,-28.73264,160.16785,174.0
61.45769,-29.974918,161.08835,175.0
61.621487,-31.397713,162.92937,177.0
60.02915,-31.918064,160.16785,174.0
59.46296,-32.960857,160.16785,174.0
58.878654,-33.993607,160.16785,174.0
60.955795,-36.625935,167.53189,182.0
57.65643,-36.027737,160.16785,174.0
57.018875,-37.028492,160.16785,174.0
56.363956,-38.017967,160.16785,174.0
60.812958,-42.58169,174.89592,190.0
54.686703,-39.732216,159.24734,173.0
54.297005,-40.915726,160.16785,174.0
53.266754,-41.61655,159.24734,173.0
61.338333,-49.670803,185.94199,202.0
51.781914,-43.45018,159.24734,173.0
51.015713,-44.347282,159.24734,173.0
49.943607,-44.969425,158.32683,172.0
50.57999,-47.166603,162.92937,177.0
48.062702,-46.413612,157.40633,171.0
47.52164,-47.521645,158.32683,172.0
46.68504,-48.343773,158.32683,172.0
46.100693,-49.43694,159.24734,173.0
45.492325,-50.52435,160.16785,174.0
44.090942,-50.720825,158.32683,172.0
43.199024,-51.482594,158.32683,172.0
42.293953,-52.22868,158.32683,172.0
43.541016,-55.729958,166.61137,181.0
40.44543,-53.6729,158.32683,172.0
39.502552,-54.370594,158.32683,172.0
38.547638,-55.051727,158.32683,172.0
39.984413,-59.27933,168.4524,183.0
36.60288,-56.363487,158.32683,172.0
35.613625,-56.99371,158.32683,172.0
34.61352,-57.606575,158.32683,172.0
34.970432,-60.57057,164.77037,179.0
32.581993,-58.779476,158.32683,172.0
31.551193,-59.339157,158.32683,172.0
30.510775,-59.880764,158.32683,172.0
29.803635,-61.106503,160.16785,174.0
28.402378,-60.909096,158.32683,172.0
27.33504,-61.39551,158.32683,172.0
26.259384,-61.86322,158.32683,172.0
25.17572,-62.312088,158.32683,172.0
24.924543,-64.93065,163.84987,178.0
22.985722,-63.15275,158.32683,172.0
22.007261,-63.91373,159.24734,173.0
21.009203,-64.65968,160.16785,174.0
21.362646,-69.87405,172.13441,187.0
18.632118,-64.97791,159.24734,173.0
17.596388,-65.67061,160.16785,174.0
16.447596,-65.967705,160.16785,174.0
16.084852,-69.67116,168.4524,183.0
14.135334,-66.50153,160.16785,174.0
12.972576,-66.7381,160.16785,174.0
11.805859,-66.95434,160.16785,174.0
11.643908,-66.03587,165.96591,179.0
12.580186,-64.71943,163.18436,176.0
13.474118,-63.390755,160.4028,173.0
14.578389,-63.145943,160.4028,173.0
16.04072,-64.335815,164.11154,177.0
18.227602,-68.02633,174.31056,188.0
17.75996,-61.936333,159.47562,172.0
18.94772,-61.975185,160.4028,173.0
20.257963,-62.347607,162.25717,175.0
24.513954,-71.193695,186.36395,201.0
22.037157,-60.54659,159.47562,172.0
23.224731,-60.50249,160.4028,173.0
24.27711,-60.087948,160.4028,173.0
28.249502,-66.55164,178.94649,193.0
26.20699,-58.861866,159.47562,172.0
27.23028,-58.395527,159.47562,172.0
28.409492,-58.248093,160.4028,173.0
30.78228,-60.413624,167.82028,181.0
30.249151,-56.890373,159.47562,172.0
31.237413,-56.35379,159.47562,172.0
32.216164,-55.800037,159.47562,172.0
33.37804,-55.550392,160.4028,173.0
33.945423,-54.324036,158.54843,171.0
34.88834,-53.72333,158.54843,171.0
35.820625,-53.106262,158.54843,171.0
36.956867,-52.779877,159.47562,172.0
39.413696,-54.248295,165.96591,179.0
38.550903,-51.158775,158.54843,171.0
39.207245,-50.182983,157.62126,170.0
40.312836,-49.782204,158.54843,171.0
43.82423,-52.227684,168.74747,182.0
42.02565,-48.34498,158.54843,171.0
42.862984,-47.60417,158.54843,171.0
43.687263,-46.848858,158.54843,171.0
47.620922,-49.312904,169.67465,183.0
45.56054,-45.56054,159.47562,172.0
46.079273,-44.498238,158.54843,171.0
47.122826,-43.942745,159.47562,172.0
48.439327,-43.614967,161.32999,174.0
48.344982,-42.02565,158.54843,171.0
49.071068,-41.175514,158.54843,171.0
49.782204,-40.312836,158.54843,171.0
50.773373,-39.668507,159.47562,172.0
52.355473,-39.45268,162.25717,175.0
51.82379,-37.652187,158.54843,171.0
52.779877,-36.956867,159.47562,172.0
53.41683,-36.0301,159.47562,172.0
56.865044,-36.928593,167.82028,181.0
54.64172,-34.143936,159.47562,172.0
55.22929,-33.185104,159.47562,172.0
55.800037,-32.216167,159.47562,172.0
59.95781,-33.235157,169.67465,183.0
56.890373,-30.24915,159.47562,172.0
57.40963,-29.251667,159.47562,172.0
57.9114,-28.245275,159.47562,172.0
60.43258,-28.180176,165.03873,178.0
58.861866,-26.206991,159.47562,172.0
59.310276,-25.175718,159.47562,172.0
59.74062,-24.136778,159.47562,172.0
61.201942,-23.493225,162.25717,175.0
60.54659,-22.037155,159.47562,172.0
61.276165,-21.099075,160.4028,173.0
61.27879,-19.910686,159.47562,172.0
62.333424,-19.05724,161.32999,174.0
63.73681,-18.276236,164.11154,177.0
62.236855,-16.676315,159.47562,172.0
62.881897,-15.678218,160.4028,173.0
63.51095,-14.662658,161.32999,174.0
67.42138,-14.330857,170.60182,184.0
63.616257,-12.365747,160.4028,173.0
63.45346,-11.188557,159.47562,172.0
64.00906,-10.138039,160.4028,173.0
67.51489,-9.488599,168.74747,182.0
63.952065,-7.852326,159.47562,172.0
64.45192,-6.77417,160.4028,173.0
64.56033,-5.648297,160.4028,173.0
66.891235,-4.677491,165.96591,179.0
64.718124,-3.391733,160.4028,173.0
64.39308,-2.248656,159.47562,172.0
64.42252,-1.124499,159.47562,172.0
65.55615,0.0,162.25717,175.0
64.42252,1.124499,159.47562,172.0
64.76746,2.26173,160.4028,173.0
64.34403,3.372128,159.47562,172.0
65.022766,4.546835,161.32999,174.0
63.81397,5.582999,158.54843,171.0
63.706814,6.695856,158.54843,171.0
63.952065,7.852326,159.47562,172.0
63.805283,8.967248,159.47562,172.0
63.639065,10.079438,159.47562,172.0
63.45346,11.188557,159.47562,172.0
63.24853,12.294269,159.47562,172.0
63.024334,13.396236,159.47562,172.0
66.06599,15.252535,167.82028,181.0
62.154938,15.496967,158.54843,171.0
61.87501,16.57936,158.54843,171.0
61.936337,17.759958,159.47562,172.0
68.06523,20.80963,176.16493,190.0
61.27879,19.910686,159.47562,172.0
61.276165,21.099075,160.4028,173.0
60.898605,22.16528,160.4028,173.0
63.999744,24.567202,169.67465,183.0
60.087948,24.277107,160.4028,173.0
59.655106,25.322088,160.4028,173.0
59.204086,26.359358,160.4028,173.0
61.451107,28.65512,167.82028,181.0
58.248093,28.409492,160.4028,173.0
57.40963,29.251667,159.47562,172.0
56.890373,30.24915,159.47562,172.0
57.664345,31.963867,163.18436,176.0
55.800037,32.216167,159.47562,172.0
55.22929,33.185104,159.47562,172.0
54.959404,34.342445,160.4028,173.0
54.665844,35.500416,161.32999,174.0
53.72739,36.23958,160.4028,173.0
53.08674,37.171734,160.4028,173.0
52.73298,38.31275,161.32999,174.0
52.056297,39.227234,161.32999,174.0
52.544537,41.05229,165.03873,178.0
50.364452,40.78433,160.4028,173.0
49.644997,41.657097,160.4028,173.0
49.19314,42.762943,161.32999,174.0
50.666424,45.620255,168.74747,182.0
47.944736,44.70919,162.25717,175.0
46.88768,45.278908,161.32999,174.0
46.090313,46.090317,161.32999,174.0
47.620922,49.312904,169.67465,183.0
44.198227,47.396797,160.4028,173.0
43.364307,48.160946,160.4028,173.0
42.762943,49.19314,161.32999,174.0
44.546608,53.08858,171.529,185.0
41.02008,50.655575,161.32999,174.0
40.12977,51.36376,161.32999,174.0
39.00179,51.757126,160.4028,173.0
43.59727,60.006493,183.5824,198.0
37.171734,53.08674,160.4028,173.0
36.030106,53.416824,159.47562,172.0
35.500416,54.665844,161.32999,174.0
38.709694,61.94846,180.80086,195.0
33.956852,56.51369,163.18436,176.0
32.778076,56.773296,162.25717,175.0
31.237413,56.35379,159.47562,172.0
30.073284,56.559616,158.54843,171.0
28.571398,56.07452,155.76689,168.0
27.259975,55.89123,153.91252,166.0
25.963757,55.679455,152.05815,164.0
24.98806,56.124107,152.05815,164.0
23.419277,55.172348,148.34941,160.0
22.172157,54.87801,146.49506,158.0
21.07678,54.906883,145.56787,157.0
19.987188,54.91435,144.64069,156.0
18.781836,54.546413,142.78632,154.0
17.827007,54.865894,142.78632,154.0
16.757233,54.810425,141.85913,153.0
15.694849,54.734436,140.93195,152.0
14.640255,54.63817,140.00476,151.0
13.593831,54.521877,139.07758,150.0
12.555953,54.38581,138.15039,149.0
11.760647,55.329502,140.00476,151.0
10.72175,55.158604,139.07758,150.0
9.497266,53.86166,135.36884,146.0
9.147804,51.87976,137.23633,147.0
9.983458,51.360424,136.30273,146.0
11.846911,55.735344,148.43929,159.0
11.68921,50.63154,135.36916,145.0
12.571073,50.41982,135.36916,145.0
13.541859,50.538902,136.30273,146.0
16.397415,57.184574,154.97435,166.0
15.402171,50.37822,137.23633,147.0
16.279041,50.10174,137.23633,147.0
17.384304,50.48769,139.10349,149.0
20.95931,57.585228,159.64226,171.0
19.135712,49.85023,139.10349,149.0
20.002806,49.508675,139.10349,149.0
20.863806,49.152035,139.10349,149.0
26.674332,59.911533,170.84521,183.0
23.020832,49.368336,141.90422,152.0
23.878923,48.959045,141.90422,152.0
24.892435,48.854153,142.8378,153.0
29.274384,55.057102,162.443,174.0
26.755995,48.269096,143.77138,154.0
27.773516,48.105145,144.70497,155.0
28.608837,47.613102,144.70497,155.0
30.954693,49.53786,152.17361,163.0
30.838629,47.48732,147.5057,158.0
31.662697,46.94188,147.5057,158.0
32.682674,46.675697,148.43929,159.0
34.54552,47.547825,153.1072,164.0
34.723064,46.079067,150.30644,161.0
35.742603,45.748444,151.24004,162.0
36.986637,45.67469,153.1072,164.0
38.92991,46.39486,157.77509,169.0
39.26346,45.167442,155.90793,167.0
40.52535,45.00796,157.77509,169.0
41.54908,44.555935,158.70868,170.0
44.31191,45.886322,166.17732,178.0
43.838963,43.838966,161.50941,173.0
45.370747,43.814022,164.31015,176.0
46.128498,43.01552,164.31015,176.0
46.605877,41.964123,163.37657,175.0
47.060688,40.909233,162.443,174.0
47.218437,39.62097,160.57584,172.0
47.902725,38.790863,160.57584,172.0
48.85482,38.169567,161.50941,173.0
50.08594,37.742462,163.37657,175.0
50.157158,36.44131,161.50941,173.0
50.785507,35.560394,161.50941,173.0
51.398388,34.668648,161.50941,173.0
54.700584,35.522976,169.91164,182.0
52.576996,32.853752,161.50941,173.0
53.449547,32.115726,162.443,174.0
54.312256,31.357197,163.37657,175.0
57.35873,31.794462,170.84521,183.0
54.74068,29.106136,161.50941,173.0
55.24032,28.146345,161.50941,173.0
56.045223,27.335081,162.443,174.0
59.76167,27.867323,171.7788,184.0
56.637676,25.21672,161.50941,173.0
57.399025,24.364439,162.443,174.0
57.8155,23.358978,162.443,174.0
61.560017,23.630676,171.7788,184.0
58.25874,21.204447,161.50941,173.0
58.619938,20.184464,161.50941,173.0
58.963276,19.15833,161.50941,173.0
61.34491,18.75502,167.1109,179.0
59.595974,17.08887,161.50941,173.0
59.88514,16.046175,161.50941,173.0
60.156063,14.998591,161.50941,173.0
61.107025,14.107669,163.37657,175.0
60.64286,12.890038,161.50941,173.0
60.858585,11.829711,161.50941,173.0
61.055775,10.76578,161.50941,173.0
60.880405,9.642509,160.57584,172.0
61.03942,8.578531,160.57584,172.0
61.17984,7.51194,160.57584,172.0
61.30162,6.44306,160.57584,172.0
61.761738,5.403452,161.50941,173.0
62.20413,4.349736,162.443,174.0
61.554813,3.225951,160.57584,172.0
61.60174,2.15118,160.57584,172.0
61.6299,1.075754,160.57584,172.0
61.280922,0.0,159.64226,171.0
61.271587,-1.0695,159.64226,171.0
61.24359,-2.138673,159.64226,171.0
61.196938,-3.207196,159.64226,171.0
64.7066,-4.524726,168.97806,181.0
61.40473,-5.372218,160.57584,172.0
61.30162,-6.44306,160.57584,172.0
61.17984,-7.51194,160.57584,172.0
64.9431,-9.127158,170.84521,183.0
60.52645,-9.586448,159.64226,171.0
60.349926,-10.64132,159.64226,171.0
60.155018,-11.692951,159.64226,171.0
64.498764,-13.709636,171.7788,184.0
59.710297,-13.785208,159.64226,171.0
59.80834,-14.911894,160.57584,172.0
59.538982,-15.953422,160.57584,172.0
62.696342,-17.977886,169.91164,182.0
58.603237,-17.916807,159.64226,171.0
58.28162,-18.936848,159.64226,171.0
58.281094,-20.06779,160.57584,172.0
58.595497,-21.327017,162.443,174.0
57.545235,-22.089546,160.57584,172.0
56.81868,-22.956238,159.64226,171.0
56.409386,-23.944363,159.64226,171.0
56.31029,-25.070957,160.57584,172.0
56.188957,-26.201342,161.50941,173.0
55.078926,-26.863787,159.64226,171.0
54.6017,-27.820955,159.64226,171.0
54.424263,-28.937895,160.57584,172.0
57.045296,-31.620722,169.91164,182.0
53.070835,-30.640461,159.64226,171.0
52.528004,-31.562006,159.64226,171.0
51.96917,-32.47394,159.64226,171.0
55.001137,-35.71816,170.84521,183.0
50.804188,-34.267857,159.64226,171.0
50.19839,-35.149292,159.64226,171.0
49.577305,-36.020023,159.64226,171.0
53.52041,-40.330517,174.57954,187.0
48.007626,-37.507668,158.70868,170.0
47.345715,-38.339806,158.70868,170.0
46.94391,-39.390617,159.64226,171.0
47.87208,-41.614567,165.24373,177.0
45.27428,-40.765144,158.70868,170.0
44.555935,-41.54908,158.70868,170.0
43.56623,-42.07142,157.77509,169.0
43.07875,-43.07875,158.70868,170.0
42.81825,-44.339592,160.57584,172.0
41.304676,-44.293842,157.77509,169.0
40.52535,-45.00796,157.77509,169.0
39.968792,-45.978832,158.70868,170.0
38.92991,-46.39486,157.77509,169.0
38.339806,-47.345715,158.70868,170.0
37.50767,-48.007626,158.70868,170.0
36.87978,-48.94112,159.64226,171.0
37.70517,-51.89671,167.1109,179.0
34.94374,-49.904835,158.70868,170.0
34.06746,-50.507088,158.70868,170.0
33.1808,-51.093952,158.70868,170.0
32.66385,-52.273083,160.57584,172.0
31.377434,-52.22082,158.70868,170.0
30.461275,-52.76048,158.70868,170.0
29.709578,-53.597504,159.64226,171.0
28.769651,-54.10784,159.64226,171.0
27.983652,-54.92101,160.57584,172.0
26.70669,-54.75683,158.70868,170.0
25.746983,-55.214584,158.70868,170.0
24.779432,-55.65552,158.70868,170.0
25.484648,-60.038055,169.91164,182.0
22.821993,-56.486404,158.70868,170.0
22.089546,-57.545235,160.57584,172.0
21.081879,-57.921986,160.57584,172.0
21.467867,-62.347218,171.7788,184.0
19.047586,-58.622448,160.57584,172.0
18.021587,-58.945946,160.57584,172.0
16.990093,-59.251488,160.57584,172.0
16.417187,-61.269764,165.24373,177.0
14.7385,-59.112892,158.70868,170.0
13.785207,-59.710297,159.64226,171.0
12.666509,-59.59125,158.70868,170.0
11.966474,-61.562153,163.37657,175.0
10.579093,-59.997,158.70868,170.0
10.155893,-57.596916,160.68744,171.0
11.159552,-57.4109,160.68744,171.0
12.159805,-57.207397,160.68744,171.0
14.772055,-63.984802,180.42099,192.0
14.066167,-56.416313,159.74774,170.0
15.048626,-56.16223,159.74774,170.0
16.120775,-56.219814,160.68744,171.0
19.399424,-63.45264,182.30037,194.0
17.861614,-54.9724,158.80806,169.0
18.818295,-54.6523,158.80806,169.0
19.886223,-54.636944,159.74774,170.0
23.165552,-60.348324,177.60191,189.0
21.780912,-53.90964,159.74774,170.0
22.58481,-53.20647,158.80806,169.0
23.64906,-53.11666,159.74774,170.0
25.006104,-53.625763,162.56682,173.0
25.4884,-52.25896,159.74774,170.0
26.24129,-51.501427,158.80806,169.0
27.296686,-51.337593,159.74774,170.0
28.354303,-51.152523,160.68744,171.0
29.41373,-50.94608,161.62714,172.0
29.946075,-49.838642,159.74774,170.0
30.81132,-49.30842,159.74774,170.0
31.66718,-48.763176,159.74774,170.0
34.42594,-51.03856,169.14467,180.0
33.349697,-47.628304,159.74774,170.0
34.175846,-47.039017,159.74774,170.0
34.991585,-46.435402,159.74774,170.0
38.112923,-48.782314,170.08437,181.0
36.590843,-45.185925,159.74774,170.0
37.37387,-44.540447,159.74774,170.0
38.14552,-43.881397,159.74774,170.0
39.59211,-43.971497,162.56682,173.0
39.65372,-42.523407,159.74774,170.0
40.389816,-41.82488,159.74774,170.0
41.11361,-41.11361,159.74774,170.0
41.82488,-40.389816,159.74774,170.0
43.023685,-40.12023,161.62714,172.0
43.208984,-38.905544,159.74774,170.0
44.139523,-38.369904,160.68744,171.0
44.540447,-37.37387,159.74774,170.0
47.31232,-38.312763,167.26529,178.0
46.08716,-36.007233,160.68744,171.0
46.435402,-34.991585,159.74774,170.0
47.315716,-34.37688,160.68744,171.0
50.990303,-35.703793,171.02406,182.0
48.48663,-32.704643,160.68744,171.0
48.763176,-31.667177,159.74774,170.0
49.30842,-30.81132,159.74774,170.0
53.943,-32.412224,172.90344,184.0
50.64988,-29.242722,160.68744,171.0
51.15252,-28.354305,160.68744,171.0
51.63958,-27.457253,160.68744,171.0
52.720394,-26.862383,162.56682,173.0
52.25896,-25.4884,159.74774,170.0
52.695835,-24.572472,159.74774,170.0
53.116657,-23.649061,159.74774,170.0
53.836136,-22.852083,160.68744,171.0
55.49522,-22.421524,164.44621,175.0
54.281563,-20.83674,159.74774,170.0
54.95834,-20.003199,160.68744,171.0
55.299072,-19.040998,160.68744,171.0
59.526325,-19.341276,171.96375,183.0
55.92991,-17.099487,160.68744,171.0
56.548588,-16.215046,161.62714,172.0
56.822968,-15.225668,161.62714,172.0
62.72167,-15.638268,177.60191,189.0
56.65321,-13.079424,159.74774,170.0
56.87285,-12.088698,159.74774,170.0
57.4109,-11.159549,160.68744,171.0
57.596916,-10.15589,160.68744,171.0
57.76539,-9.149139,160.68744,171.0
57.238884,-8.0444,158.80806,169.0
57.71003,-7.085901,159.74774,170.0
57.824905,-6.077643,159.74774,170.0
57.58145,-5.037724,158.80806,169.0
57.660603,-4.032022,158.80806,169.0
57.722187,-3.025092,158.80806,169.0
58.108,-2.029176,159.74774,170.0
60.87031,-1.062495,167.26529,178.0
57.801403,0.0,158.80806,169.0
57.7926,1.008774,158.80806,169.0
57.766193,2.01724,158.80806,169.0
61.820805,3.239891,170.08437,181.0
58.00179,4.05588,159.74774,170.0
57.92217,5.067533,159.74774,170.0
58.165054,6.113394,160.68744,171.0
61.78368,7.586082,171.02406,182.0
57.577576,8.092,159.74774,170.0
57.42758,9.095635,159.74774,170.0
57.596916,10.15589,160.68744,171.0
62.446945,12.138456,174.78282,186.0
57.207397,12.159808,160.68744,171.0
56.65321,13.079424,159.74774,170.0
56.748177,14.148909,160.68744,171.0
59.465893,15.933839,169.14467,180.0
56.219814,16.120773,160.68744,171.0
55.92991,17.099487,160.68744,171.0
55.62296,18.072996,160.68744,171.0
56.269234,19.37505,163.50652,174.0
54.95834,20.003199,160.68744,171.0
54.600864,20.959309,160.68744,171.0
54.226757,21.909033,160.68744,171.0
54.150967,22.985722,161.62714,172.0
53.42911,23.788174,160.68744,171.0
53.005814,24.717016,160.68744,171.0
52.56637,25.63833,160.68744,171.0
52.110912,26.551834,160.68744,171.0
53.14951,28.260096,165.3859,176.0
50.853382,28.18849,159.74774,170.0
51.242275,29.584742,162.56682,173.0
51.011314,30.650688,163.50652,174.0
52.789013,32.986237,171.02406,182.0
49.05002,31.853456,160.68744,171.0
48.203083,32.51339,159.74774,170.0
47.90847,33.54587,160.68744,171.0
51.189518,37.191364,173.84314,185.0
46.708553,35.19742,160.68744,171.0
46.08716,36.007233,160.68744,171.0
45.983322,37.236565,162.56682,173.0
50.304504,42.210487,180.42099,192.0
44.655777,38.818672,162.56682,173.0
44.225666,39.82097,163.50652,174.0
43.273823,40.35349,162.56682,173.0
48.95971,47.279842,186.99883,199.0
41.83914,41.839146,162.56682,173.0
41.340164,42.80899,163.50652,174.0
40.586746,43.523956,163.50652,174.0
40.507538,44.98818,166.32559,177.0
39.04306,44.913902,163.50652,174.0
38.253258,45.588455,163.50652,174.0
37.236565,45.983322,162.56682,173.0
38.112923,48.782314,170.08437,181.0
35.814915,47.528,163.50652,174.0
34.979984,48.145817,163.50652,174.0
33.742046,48.188637,161.62714,172.0
33.27841,49.337273,163.50652,174.0
33.1574,51.057915,167.26529,178.0
31.35505,50.178566,162.56682,173.0
30.298384,50.424976,161.62714,172.0
29.58474,51.242275,162.56682,173.0
30.344078,54.742172,171.96375,183.0
27.778393,52.24355,162.56682,173.0
26.862385,52.720394,162.56682,173.0
26.088125,53.488586,163.50652,174.0
28.18607,60.445225,183.24007,195.0
24.483732,54.991367,165.3859,176.0
23.253,54.780624,163.50652,174.0
22.165281,54.86099,162.56682,173.0
23.41069,60.98693,179.4813,191.0
19.769243,54.31555,158.80806,169.0
18.595592,54.005527,156.92867,167.0
17.650234,54.32184,156.92867,167.0
17.49948,57.23821,164.44621,175.0
15.46086,53.91842,154.10959,164.0
14.340456,53.519306,152.23021,162.0
13.321488,53.42957,151.29051,161.0
13.079423,56.65321,159.74774,170.0
11.306485,53.19284,149.41113,159.0
10.311165,53.04633,148.47144,158.0
9.383807,53.218204,148.47144,158.0
9.328164,52.902637,156.01056,165.0
9.753052,50.175087,148.44641,157.0
10.627238,49.997234,148.44641,157.0
11.498192,49.804146,148.44641,157.0
13.074503,52.438965,156.95609,166.0
13.22933,49.372524,148.44641,157.0
14.178724,49.44708,149.39194,158.0
15.134723,49.503437,150.33745,159.0
17.20364,52.947365,161.68367,171.0
16.959139,49.25292,151.28297,160.0
17.92749,49.25537,152.22849,161.0
18.901058,49.238937,153.17401,162.0
20.489279,50.712738,158.84712,168.0
20.73517,48.84899,154.11952,163.0
21.71696,48.777096,155.06505,164.0
22.702522,48.68572,156.01056,165.0
23.834188,48.867325,157.9016,167.0
24.831217,48.734,158.84712,168.0
25.677961,48.293217,158.84712,168.0
26.516878,47.83772,158.84712,168.0
27.836077,48.2135,161.68367,171.0
28.505598,47.441284,160.73816,170.0
29.329224,46.936565,160.73816,170.0
30.32123,46.690598,161.68367,171.0
31.313528,46.424217,162.6292,172.0
32.49245,46.40403,164.52023,174.0
33.106003,45.566498,163.5747,173.0
33.504337,44.46176,161.68367,171.0
34.2752,43.870255,161.68367,171.0
36.06006,44.53046,166.41127,176.0
35.5761,42.397945,160.73816,170.0
36.310627,41.7706,160.73816,170.0
37.034096,41.13053,160.73816,170.0
40.63276,43.573303,173.02989,183.0
38.44697,39.813004,160.73816,170.0
39.135944,39.13595,160.73816,170.0
39.813004,38.446968,160.73816,170.0
45.71625,42.631092,181.53957,192.0
40.888584,36.81625,159.79263,169.0
41.52489,36.097034,159.79263,169.0
42.148544,35.36683,159.79263,169.0
45.036488,36.46983,168.3023,178.0
43.357155,33.87432,159.79263,169.0
43.94174,33.112473,159.79263,169.0
44.51294,32.340546,159.79263,169.0
46.67072,32.679188,165.46574,175.0
45.61449,30.767363,159.79263,169.0
46.14451,29.966595,159.79263,169.0
46.384373,28.984173,158.84712,168.0
51.62728,31.020798,174.92094,185.0
47.36765,27.347727,158.84712,168.0
47.83772,26.51688,158.84712,168.0
48.293217,25.677958,158.84712,168.0
49.31417,25.126823,160.73816,170.0
49.159946,23.976908,158.84712,168.0
49.57091,23.115295,158.84712,168.0
49.966778,22.246643,158.84712,168.0
50.647114,21.498425,159.79263,169.0
50.712738,20.489277,158.84712,168.0
51.0626,19.601097,158.84712,168.0
51.39691,18.706945,158.84712,168.0
51.715565,17.807096,158.84712,168.0
55.1148,17.907885,168.3023,178.0
52.30552,15.991401,158.84712,168.0
52.57664,15.076109,158.84712,168.0
52.831745,14.156224,158.84712,168.0
59.704605,14.88603,178.70302,189.0
52.976383,12.230562,157.9016,167.0
53.50022,11.371824,158.84712,168.0
53.69054,10.436384,158.84712,168.0
58.35321,10.289245,172.08438,182.0
54.022057,8.556254,158.84712,168.0
53.84076,7.566825,157.9016,167.0
54.287758,6.665699,158.84712,168.0
57.957455,6.091574,169.24782,179.0
54.162987,4.738647,157.9016,167.0
54.23744,3.792651,157.9016,167.0
54.29537,2.8455,157.9016,167.0
54.33676,1.897481,157.9016,167.0
54.361603,0.948885,157.9016,167.0
54.36988,0.0,157.9016,167.0
54.361603,-0.948885,157.9016,167.0
56.28898,-1.965654,163.5747,173.0
53.97025,-2.828461,156.95609,166.0
54.23744,-3.792651,157.9016,167.0
54.162987,-4.738647,157.9016,167.0
54.39582,-5.717231,158.84712,168.0
53.641476,-6.586345,156.95609,166.0
53.84076,-7.566825,157.9016,167.0
53.378937,-8.454394,156.95609,166.0
53.864502,-9.497765,158.84712,168.0
53.370953,-10.374263,157.9016,167.0
53.18177,-11.304134,157.9016,167.0
52.976383,-12.230562,157.9016,167.0
53.070763,-13.232027,158.84712,168.0
55.66202,-14.914594,167.35678,177.0
52.263683,-14.98637,157.9016,167.0
51.99418,-15.896214,157.9016,167.0
52.018463,-16.901825,158.84712,168.0
55.71736,-19.185026,171.13885,181.0
51.39691,-18.706945,158.84712,168.0
50.758656,-19.484425,157.9016,167.0
50.410877,-20.367315,157.9016,167.0
53.643986,-22.77052,169.24782,179.0
49.669357,-22.114223,157.9016,167.0
49.27585,-22.977705,157.9016,167.0
48.867325,-23.834187,157.9016,167.0
49.31417,-25.126823,160.73816,170.0
48.005756,-25.525112,157.9016,167.0
47.55297,-26.359041,157.9016,167.0
47.085697,-27.184942,157.9016,167.0
47.441284,-28.505598,160.73816,170.0
47.48876,-29.674273,162.6292,172.0
45.59842,-29.611961,157.9016,167.0
45.344585,-30.585306,158.84712,168.0
45.07058,-31.55876,159.79263,169.0
48.72718,-35.40237,174.92094,185.0
43.94174,-33.112473,159.79263,169.0
43.1006,-33.67388,158.84712,168.0
42.75936,-34.62585,159.79263,169.0
46.88714,-39.34298,177.75749,188.0
41.27918,-35.883446,158.84712,168.0
40.64664,-36.5984,158.84712,168.0
40.00172,-37.302204,158.84712,168.0
40.515587,-39.125446,163.5747,173.0
38.445312,-38.445312,157.9016,167.0
37.768494,-39.11042,157.9016,167.0
37.08017,-39.763615,157.9016,167.0
36.816246,-40.888584,159.79263,169.0
35.669853,-41.03347,157.9016,167.0
34.948284,-41.649746,157.9016,167.0
34.216076,-42.253334,157.9016,167.0
33.67388,-43.1006,158.84712,168.0
33.896202,-44.98178,163.5747,173.0
31.957815,-43.986156,157.9016,167.0
31.185284,-44.537197,157.9016,167.0
30.585306,-45.34458,158.84712,168.0
31.739767,-48.87495,169.24782,179.0
28.811647,-46.108273,157.9016,167.0
28.170238,-46.883152,158.84712,168.0
27.347725,-47.36765,158.84712,168.0
28.726618,-51.824196,172.08438,182.0
25.677961,-48.293217,158.84712,168.0
24.831217,-48.734,158.84712,168.0
24.119627,-49.452564,159.79263,169.0
23.66566,-50.75117,162.6292,172.0
22.246641,-49.96678,158.84712,168.0
21.371218,-50.347427,158.84712,168.0
20.489279,-50.712738,158.84712,168.0
19.717772,-51.366547,159.79263,169.0
18.818296,-51.702843,159.79263,169.0
17.807096,-51.715565,158.84712,168.0
16.901821,-52.018463,158.84712,168.0
16.086592,-52.61686,159.79263,169.0
15.973499,-55.706203,168.3023,178.0
14.156225,-52.831745,158.84712,168.0
13.232027,-53.070763,158.84712,168.0
12.303798,-53.29361,158.84712,168.0
12.387163,-58.277027,173.02989,183.0
10.498508,-54.010124,159.79263,169.0
9.554302,-54.185123,159.79263,169.0
9.068583,-51.430473,160.72855,169.0
10.082714,-51.87105,162.63066,171.0
10.857952,-51.082657,160.72855,169.0
11.747815,-50.88538,160.72855,169.0
12.634099,-50.6726,160.72855,169.0
14.396309,-53.72775,171.19017,180.0
14.309676,-49.903763,159.7775,168.0
15.268786,-49.941936,160.72855,169.0
15.94708,-49.08007,158.82643,167.0
17.103035,-49.670822,161.67961,170.0
18.072996,-49.65515,162.63066,171.0
18.604622,-48.466694,159.7775,168.0
19.44765,-48.134617,159.7775,168.0
20.284754,-47.787876,159.7775,168.0
23.12669,-51.943398,174.9944,184.0
21.80957,-46.770775,158.82643,167.0
22.62251,-46.383022,158.82643,167.0
23.568853,-46.256474,159.7775,168.0
25.823298,-48.566555,169.28806,178.0
25.16882,-45.405758,159.7775,168.0
25.957426,-44.959583,159.7775,168.0
26.738127,-44.499718,159.7775,168.0
29.639486,-47.43309,172.14124,181.0
28.274858,-43.53946,159.7775,168.0
28.857618,-42.78318,158.82643,167.0
29.77714,-42.52616,159.7775,168.0
30.696424,-42.25,160.72855,169.0
31.429111,-41.70784,160.72855,169.0
31.771729,-40.665955,158.82643,167.0
32.671078,-40.34542,159.7775,168.0
33.370228,-39.76909,159.7775,168.0
35.478344,-40.813168,166.43489,175.0
34.73782,-38.580257,159.7775,168.0
35.1951,-37.742123,158.82643,167.0
36.06309,-37.34442,159.7775,168.0
39.331444,-39.331444,171.19017,180.0
37.34442,-36.06309,159.7775,168.0
37.968124,-35.405846,159.7775,168.0
38.580257,-34.73782,159.7775,168.0
40.34673,-35.072876,164.53278,173.0
39.532368,-33.171593,158.82643,167.0
40.10527,-32.47661,158.82643,167.0
40.909466,-31.961977,159.7775,168.0
41.70784,-31.429111,160.72855,169.0
42.0,-30.514788,159.7775,168.0
42.52616,-29.777138,159.7775,168.0
42.78318,-28.857618,158.82643,167.0
43.539463,-28.274858,159.7775,168.0
48.219276,-30.130747,174.9944,184.0
44.23484,-26.578972,158.82643,167.0
44.959583,-25.95743,159.7775,168.0
45.405758,-25.168821,159.7775,168.0
48.566555,-25.823296,169.28806,178.0
46.256477,-23.568851,159.7775,168.0
46.383022,-22.62251,158.82643,167.0
47.05084,-21.940166,159.7775,168.0
48.555786,-21.61843,163.58173,172.0
47.787876,-20.28475,159.7775,168.0
48.134617,-19.447647,159.7775,168.0
48.466694,-18.604622,159.7775,168.0
49.36477,-17.967306,161.67961,170.0
49.378643,-17.00243,160.72855,169.0
49.373962,-16.042574,159.7775,168.0
49.646423,-15.178435,159.7775,168.0
50.20081,-14.39485,160.72855,169.0
52.533802,-14.07639,167.38594,176.0
50.372765,-12.559341,159.7775,168.0
50.584282,-11.678302,159.7775,168.0
51.082657,-10.857954,160.72855,169.0
56.724483,-11.026123,177.84756,187.0
51.126152,-9.01492,159.7775,168.0
51.2757,-8.121273,159.7775,168.0
51.409626,-7.225152,159.7775,168.0
54.595028,-6.703427,169.28806,178.0
51.630463,-5.42658,159.7775,168.0
51.717304,-4.524678,159.7775,168.0
51.788395,-3.621397,159.7775,168.0
51.843708,-2.717014,159.7775,168.0
52.19206,-1.822587,160.72855,169.0
51.90695,-0.906039,159.7775,168.0
51.914856,0.0,159.7775,168.0
52.83386,0.922218,162.63066,171.0
51.883232,1.811802,159.7775,168.0
51.843708,2.717014,159.7775,168.0
51.788395,3.621397,159.7775,168.0
52.640827,4.605476,162.63066,171.0
51.630463,5.42658,159.7775,168.0
51.52789,6.32683,159.7775,168.0
51.409626,7.225152,159.7775,168.0
51.886124,8.217955,161.67961,170.0
51.430477,9.06858,160.72855,169.0
50.961033,9.905822,159.7775,168.0
50.78039,10.793706,159.7775,168.0
50.584282,11.678302,159.7775,168.0
51.272278,12.783615,162.63066,171.0
49.847412,13.356574,158.82643,167.0
49.606716,14.224497,158.82643,167.0
49.94194,15.268782,160.72855,169.0
52.60678,17.09298,170.23912,179.0
48.79428,16.801218,158.82643,167.0
48.784008,17.755926,159.7775,168.0
48.466694,18.604622,159.7775,168.0
52.145836,21.068285,173.09229,182.0
47.787876,20.28475,159.7775,168.0
47.426582,21.115675,159.7775,168.0
47.330902,22.070763,160.72855,169.0
49.43819,24.112616,169.28806,178.0
46.256477,23.568851,159.7775,168.0
45.838097,24.37255,159.7775,168.0
45.405758,25.168821,159.7775,168.0
46.03005,26.575462,163.58173,172.0
44.499718,26.738127,159.7775,168.0
44.026295,27.510681,159.7775,168.0
43.539463,28.274858,159.7775,168.0
45.08886,30.412819,167.38594,176.0
42.52616,29.777138,159.7775,168.0
42.0,30.514788,159.7775,168.0
41.46105,31.24314,159.7775,168.0
42.12701,32.913227,164.53278,173.0
40.58557,32.865547,160.72855,169.0
40.00581,33.56886,160.72855,169.0
39.18064,34.05921,159.7775,168.0
39.269188,35.35814,162.63066,171.0
39.098125,36.45959,164.53278,173.0
37.56671,36.277752,160.72855,169.0
36.927853,36.927856,160.72855,169.0
36.277752,37.56671,160.72855,169.0
37.724087,40.454132,170.23912,179.0
34.94459,38.809902,160.72855,169.0
34.261944,39.413857,160.72855,169.0
33.56886,40.00581,160.72855,169.0
35.004726,43.227238,171.19017,180.0
32.15223,41.152973,160.72855,169.0
31.429111,41.70784,160.72855,169.0
30.696424,42.25,160.72855,169.0
32.790302,46.829403,175.94545,185.0
29.376019,43.55174,161.67961,170.0
28.443161,43.798626,160.72855,169.0
27.83819,44.55042,161.67961,170.0
29.921238,49.797302,178.79863,188.0
26.111935,45.227203,160.72855,169.0
25.318634,45.67603,160.72855,169.0
24.6627,46.38379,161.67961,170.0
24.550888,48.183826,166.43489,175.0
23.028904,47.216248,161.67961,170.0
22.201359,47.61097,161.67961,170.0
21.36705,47.991184,161.67961,170.0
20.767723,48.925682,163.58173,172.0
19.910688,49.280678,163.58173,172.0
18.826105,49.04368,161.67961,170.0
17.967306,49.36477,161.67961,170.0
17.304249,50.255188,163.58173,172.0
16.806503,51.725105,167.38594,176.0
15.449482,50.532967,162.63066,171.0
14.565206,50.794903,162.63066,171.0
13.596514,50.742874,161.67961,170.0
13.531194,54.270657,172.14124,181.0
11.886842,51.48757,162.63066,171.0
11.050697,51.98945,163.58173,172.0
10.200641,52.47773,164.53278,173.0
9.819826,55.690987,174.04333,183.0
8.783179,49.811874,165.44072,173.0
9.706967,49.938,166.39703,174.0
10.516234,49.475002,165.44072,173.0
13.351171,57.83028,194.12987,203.0
12.236483,49.07785,165.44072,173.0
13.015475,48.57441,164.48442,172.0
13.861235,48.339863,164.48442,172.0
18.207502,59.554043,203.69292,213.0
15.359128,47.270542,162.57181,170.0
16.27696,47.271732,163.5281,171.0
16.899494,46.43098,161.61551,169.0
19.38368,50.49621,176.91638,185.0
18.619144,46.083992,162.57181,170.0
19.420586,45.752026,162.57181,170.0
20.216106,45.40612,162.57181,170.0
21.623281,46.37128,167.35333,175.0
21.660276,44.41015,161.61551,169.0
22.432041,44.02536,161.61551,169.0
23.196976,43.62716,161.61551,169.0
24.096582,43.47139,162.57181,170.0
24.851593,43.044224,162.57181,170.0
25.44845,42.353336,161.61551,169.0
26.183744,41.90275,161.61551,169.0
26.91106,41.439396,161.61551,169.0
28.284145,41.932972,165.44072,173.0
28.34088,40.47497,161.61551,169.0
29.04295,39.97419,161.61551,169.0
29.736172,39.46123,161.61551,169.0
31.860353,40.77939,169.26595,177.0
30.727245,37.944984,159.7029,167.0
31.384794,37.402943,159.7029,167.0
32.032787,36.849503,159.7029,167.0
36.77935,40.84761,179.7853,188.0
33.2993,35.70913,159.7029,167.0
33.917442,35.122536,159.7029,167.0
34.525246,34.52525,159.7029,167.0
39.32883,37.97941,178.829,187.0
35.70913,33.2993,159.7029,167.0
36.06757,32.475388,158.7466,166.0
36.849506,32.032787,159.7029,167.0
38.522793,32.32446,164.48442,172.0
37.71777,30.543247,158.7466,166.0
38.47547,30.060331,159.7029,167.0
38.994236,29.384262,159.7029,167.0
39.97419,29.04295,161.61551,169.0
39.995975,28.005486,159.7029,167.0
40.47865,27.303192,159.7029,167.0
40.94899,26.592587,159.7029,167.0
41.654804,26.02881,160.6592,168.0
41.852116,25.147285,159.7029,167.0
42.031418,24.266851,158.7466,166.0
43.215675,23.95484,161.61551,169.0
43.62716,23.196974,161.61551,169.0
44.285866,22.564774,162.57181,170.0
44.147366,21.532108,160.6592,168.0
44.51643,20.758352,160.6592,168.0
44.871933,19.978271,160.6592,168.0
47.366802,20.106014,168.30963,176.0
45.54183,18.400093,160.6592,168.0
45.583065,17.4977,159.7029,167.0
46.15624,16.799498,160.6592,168.0
49.483273,17.038458,171.17856,179.0
46.436356,15.088087,159.7029,167.0
46.692608,14.275362,159.7029,167.0
47.21568,13.538878,160.6592,168.0
49.986458,13.393832,169.26595,177.0
47.37573,11.812096,159.7029,167.0
47.574665,10.983476,159.7029,167.0
47.759106,10.151512,159.7029,167.0
50.225,9.762751,167.35333,175.0
48.084293,8.478558,159.7029,167.0
48.22494,7.638081,159.7029,167.0
48.350903,6.795276,159.7029,167.0
51.654247,6.342344,170.22224,178.0
48.558598,5.103715,159.7029,167.0
48.640274,4.255473,159.7029,167.0
48.707134,3.405935,159.7029,167.0
50.219013,2.631867,164.48442,172.0
48.79633,1.704005,159.7029,167.0
48.818638,0.852132,159.7029,167.0
48.826073,0.0,159.7029,167.0
49.695618,-0.86744,162.57181,170.0
48.504135,-1.693802,158.7466,166.0
48.467186,-2.540058,158.7466,166.0
48.123817,-3.365145,157.79028,165.0
48.05776,-4.204509,157.79028,165.0
47.97706,-5.042592,157.79028,165.0
47.881744,-5.879139,157.79028,165.0
47.771847,-6.713895,157.79028,165.0
47.936172,-7.592344,158.7466,166.0
48.372227,-8.529328,160.6592,168.0
47.355,-9.20488,157.79028,165.0
47.18714,-10.029937,157.79028,165.0
47.004906,-10.851938,157.79028,165.0
49.928913,-12.448676,168.30963,176.0
46.879955,-12.561447,158.7466,166.0
46.653587,-13.377701,158.7466,166.0
46.41301,-14.18988,158.7466,166.0
50.329224,-16.352957,173.09116,181.0
45.889515,-15.801027,158.7466,166.0
45.606762,-16.599503,158.7466,166.0
45.310112,-17.392923,158.7466,166.0
46.89724,-18.947716,165.44072,173.0
44.675507,-18.963627,158.7466,166.0
44.33774,-19.740435,158.7466,166.0
43.98647,-20.511229,158.7466,166.0
44.147366,-21.532108,160.6592,168.0
43.50435,-22.166573,159.7029,167.0
42.852715,-22.785192,158.7466,166.0
42.448532,-23.529606,158.7466,166.0
42.28462,-24.413036,159.7029,167.0
42.102726,-25.297869,160.6592,168.0
41.158913,-25.718943,158.7466,166.0
40.703785,-26.43335,158.7466,166.0
40.72104,-27.466684,160.6592,168.0
41.672455,-29.179367,166.39703,174.0
39.264587,-28.527393,158.7466,166.0
38.76074,-29.20831,158.7466,166.0
38.24508,-29.88033,158.7466,166.0
42.489292,-34.407154,178.829,187.0
37.178974,-31.196861,158.7466,166.0
36.62885,-31.840973,158.7466,166.0
36.06757,-32.475388,158.7466,166.0
36.992092,-34.49568,165.44072,173.0
34.912224,-33.71434,158.7466,166.0
34.31851,-34.31851,158.7466,166.0
33.71434,-34.912224,158.7466,166.0
33.4987,-35.922955,160.6592,168.0
32.475384,-36.06757,158.7466,166.0
31.840973,-36.62885,158.7466,166.0
31.008928,-36.955,157.79028,165.0
30.54325,-37.71777,158.7466,166.0
30.240335,-38.70586,160.6592,168.0
29.032356,-38.52724,157.79028,165.0
28.355543,-39.028053,157.79028,165.0
27.837788,-39.75648,158.7466,166.0
28.447638,-42.175358,166.39703,174.0
26.274113,-40.458584,157.79028,165.0
25.56401,-40.91097,157.79028,165.0
24.996704,-41.6015,158.7466,166.0
25.728708,-44.56343,168.30963,176.0
23.529602,-42.448532,158.7466,166.0
22.922455,-43.110863,159.7029,167.0
22.03384,-43.243843,158.7466,166.0
23.070118,-47.30075,172.13486,180.0
20.511229,-43.986473,158.7466,166.0
19.740433,-44.33774,158.7466,166.0
19.07787,-44.944637,159.7029,167.0
18.290571,-45.270744,159.7029,167.0
17.392923,-45.310112,158.7466,166.0
16.599504,-45.606762,158.7466,166.0
15.801027,-45.889515,158.7466,166.0
15.088085,-46.436356,159.7029,167.0
14.702771,-48.090588,164.48442,172.0
13.377703,-46.653587,158.7466,166.0
12.637119,-47.162365,159.7029,167.0
11.882827,-47.659416,160.6592,168.0
11.772708,-50.993202,171.17856,179.0
10.212297,-48.04509,160.6592,168.0
9.428031,-48.503,161.61551,169.0
8.5801,-48.660156,161.61551,169.0
8.806964,-49.946762,176.87215,184.0
8.835809,-45.456284,161.49196,168.0
9.513164,-44.755928,159.56944,166.0
10.292815,-44.583084,159.56944,166.0
11.669475,-46.803707,168.2208,175.0
11.842474,-44.19671,159.56944,166.0
12.61201,-43.9833,159.56944,166.0
13.377704,-43.75649,159.56944,166.0
14.309672,-44.040646,161.49196,168.0
14.896631,-43.26296,159.56944,166.0
15.649406,-42.996387,159.56944,166.0
16.397413,-42.71672,159.56944,166.0
17.243683,-42.679604,160.5307,167.0
18.739819,-44.14824,167.25954,174.0
18.722672,-42.05181,160.5307,167.0
19.453726,-41.71865,160.5307,167.0
20.178856,-41.372784,160.5307,167.0
22.024067,-43.224663,169.18205,176.0
21.610453,-40.643345,160.5307,167.0
22.316483,-40.260002,160.5307,167.0
23.015718,-39.864395,160.5307,167.0
24.843653,-41.346783,168.2208,175.0
24.246881,-38.80312,159.56944,166.0
25.070518,-38.605213,160.5307,167.0
25.740454,-38.161793,160.5307,167.0
26.718746,-38.158325,162.45323,169.0
26.894587,-37.01722,159.56944,166.0
27.536528,-36.542206,159.56944,166.0
28.170084,-36.056065,159.56944,166.0
28.79506,-35.558933,159.56944,166.0
30.297144,-36.106728,164.37575,171.0
30.018507,-34.53234,159.56944,166.0
30.616606,-34.003185,159.56944,166.0
31.205381,-33.463673,159.56944,166.0
33.89086,-35.095013,170.14333,177.0
32.354237,-32.354237,159.56944,166.0
32.913967,-31.78465,159.56944,166.0
33.665264,-31.393366,160.5307,167.0
36.05157,-32.46098,169.18205,176.0
34.740368,-30.19934,160.5307,167.0
35.262127,-29.588436,160.5307,167.0
35.773148,-28.968523,160.5307,167.0
36.70768,-28.679182,162.45323,169.0
36.76234,-27.70241,160.5307,167.0
37.240215,-27.0566,160.5307,167.0
37.706745,-26.402548,160.5307,167.0
38.161793,-25.740454,160.5307,167.0
39.06755,-25.370764,162.45323,169.0
38.80312,-24.24688,159.56944,166.0
39.22038,-23.565979,159.56944,166.0
39.625687,-22.877901,159.56944,166.0
42.67078,-23.6528,170.14333,177.0
40.399975,-21.481047,159.56944,166.0
40.76872,-20.772697,159.56944,166.0
41.125042,-20.058023,159.56944,166.0
43.96696,-20.50213,169.18205,176.0
41.800003,-18.610561,159.56944,166.0
42.37216,-17.985914,160.5307,167.0
42.42404,-17.140425,159.56944,166.0
47.34865,-18.175446,176.87215,184.0
42.996387,-15.649405,159.56944,166.0
43.26296,-14.896632,159.56944,166.0
43.516354,-14.13932,159.56944,166.0
44.283676,-13.538878,161.49196,168.0
43.9833,-12.612008,159.56944,166.0
44.19671,-11.842473,159.56944,166.0
44.39666,-11.06933,159.56944,166.0
45.120228,-10.416825,161.49196,168.0
45.83438,-9.742399,163.41449,170.0
44.91514,-8.730618,159.56944,166.0
45.060665,-7.945411,159.56944,166.0
45.464714,-7.200904,160.5307,167.0
47.7671,-6.713228,168.2208,175.0
45.414745,-5.576229,159.56944,166.0
45.779274,-4.811596,160.5307,167.0
45.856274,-4.011904,160.5307,167.0
48.94393,-3.422493,171.10458,178.0
45.968353,-2.409099,160.5307,167.0
46.0034,-1.606474,160.5307,167.0
46.024426,-0.803359,160.5307,167.0
48.512173,0.0,169.18205,176.0
46.024426,0.803359,160.5307,167.0
46.0034,1.606474,160.5307,167.0
45.693092,2.394674,159.56944,166.0
47.84407,3.345583,167.25954,174.0
45.856274,4.011904,160.5307,167.0
45.779274,4.811596,160.5307,167.0
45.414745,5.576229,159.56944,166.0
47.7671,6.713228,168.2208,175.0
45.464714,7.200904,160.5307,167.0
45.332115,7.993275,160.5307,167.0
45.456284,8.835807,161.49196,168.0
45.83438,9.742399,163.41449,170.0
44.583084,10.292815,159.56944,166.0
44.39666,11.06933,159.56944,166.0
44.19671,11.842473,159.56944,166.0
44.248257,12.687984,160.5307,167.0
43.492897,13.297112,158.60818,165.0
43.516354,14.13932,159.56944,166.0
43.26296,14.896632,159.56944,166.0
42.737373,15.555132,158.60818,165.0
42.97405,16.496193,160.5307,167.0
42.42404,17.140425,159.56944,166.0
42.11844,17.878216,159.56944,166.0
41.800003,18.610561,159.56944,166.0
42.7179,19.919683,164.37575,171.0
40.8773,19.937191,158.60818,165.0
40.523125,20.64756,158.60818,165.0
40.399975,21.481047,159.56944,166.0
42.188625,23.385536,168.2208,175.0
39.625687,22.877901,159.56944,166.0
39.22038,23.565979,159.56944,166.0
38.80312,24.24688,159.56944,166.0
42.072746,27.322363,174.94963,182.0
37.933277,25.586317,159.56944,166.0
37.480957,26.24445,159.56944,166.0
37.01722,26.894587,159.56944,166.0
41.165016,31.020063,179.75594,187.0
36.056065,28.170084,159.56944,166.0
35.558933,28.79506,159.56944,166.0
35.050976,29.41126,159.56944,166.0
36.82063,32.007683,170.14333,177.0
34.003185,30.616608,159.56944,166.0
33.262085,31.017397,158.60818,165.0
32.913967,31.78465,159.56944,166.0
32.744045,32.74405,161.49196,168.0
32.74202,33.905354,164.37575,171.0
31.205381,33.463673,159.56944,166.0
30.616606,34.003185,159.56944,166.0
30.19934,34.740368,160.5307,167.0
31.714554,37.795933,172.06584,179.0
28.79506,35.558933,159.56944,166.0
28.170084,36.056065,159.56944,166.0
27.702412,36.76234,160.5307,167.0
29.486835,40.585144,174.94963,182.0
26.40255,37.706745,160.5307,167.0
25.740454,38.161793,160.5307,167.0
25.220642,38.83638,161.49196,168.0
25.999666,41.608166,171.10458,178.0
23.849907,39.69291,161.49196,168.0
23.153538,40.103104,161.49196,168.0
22.450113,40.501083,161.49196,168.0
23.292704,43.8072,173.0271,180.0
20.897837,41.014313,160.5307,167.0
20.299686,41.620525,161.49196,168.0
19.686705,42.218277,162.45323,169.0
19.171118,43.05904,164.37575,171.0
17.98592,42.37216,160.5307,167.0
17.346937,42.935173,161.49196,168.0
16.693752,43.48871,162.45323,169.0
15.932226,43.77343,162.45323,169.0
15.076108,43.7842,161.49196,168.0
14.309672,44.040646,161.49196,168.0
13.538881,44.283676,161.49196,168.0
12.763962,44.513218,161.49196,168.0
12.341855,46.060425,166.29828,173.0
11.202696,44.931557,161.49196,168.0
10.416825,45.120228,161.49196,168.0
9.685089,45.56477,162.45323,169.0
9.309156,47.89144,170.14333,177.0
8.041141,45.603565,161.49196,168.0
7.550502,42.82102,162.27554,168.0
8.296683,42.68272,162.27554,168.0
11.13898,52.40479,199.94664,207.0
9.781231,42.36717,162.27554,168.0
10.519151,42.19001,162.27554,168.0
11.320855,42.25,163.24147,169.0
14.339382,50.00736,194.1511,201.0
12.712792,41.58166,162.27554,168.0
13.436552,41.35346,162.27554,168.0
14.156224,41.11266,162.27554,168.0
16.64201,45.723545,181.59406,188.0
15.489661,40.351944,161.30962,167.0
16.191542,40.075466,161.30962,167.0
16.989618,40.025024,162.27554,168.0
19.159355,43.03262,175.7985,182.0
18.266735,39.173145,161.30962,167.0
18.94762,38.848377,161.30962,167.0
19.622732,38.51178,161.30962,167.0
20.656393,38.849022,164.2074,170.0
20.954819,37.803497,161.30962,167.0
21.740799,37.65617,162.27554,168.0
22.261377,37.049156,161.30962,167.0
23.178892,37.09398,163.24147,169.0
23.540815,36.249676,161.30962,167.0
24.169872,35.83331,161.30962,167.0
24.940022,35.618042,162.27554,168.0
25.709974,35.38674,163.24147,169.0
26.635164,35.346058,165.17331,171.0
26.769947,34.26397,162.27554,168.0
27.36386,33.79155,162.27554,168.0
27.949434,33.308838,162.27554,168.0
29.884901,34.378647,170.00294,176.0
29.09487,32.313126,162.27554,168.0
29.65438,31.80043,162.27554,168.0
30.204859,31.278046,162.27554,168.0
33.491325,33.491325,176.76442,183.0
31.091867,30.025066,161.30962,167.0
31.421854,29.301352,160.34369,166.0
31.928446,28.748503,160.34369,166.0
35.15998,30.564104,173.86665,180.0
33.110573,27.783068,161.30962,167.0
33.79155,27.36386,162.27554,168.0
33.856064,26.451258,160.34369,166.0
36.58627,27.56973,170.96887,177.0
34.758575,25.253584,160.34369,166.0
35.19402,24.643116,160.34369,166.0
35.83331,24.169872,161.30962,167.0
37.11793,24.104668,165.17331,171.0
36.655,22.904585,161.30962,167.0
36.827305,22.128077,160.34369,166.0
37.432026,21.611391,161.30962,167.0
39.840813,22.084122,170.00294,176.0
37.93493,20.170359,160.34369,166.0
38.28117,19.50523,160.34369,166.0
38.615753,18.834162,160.34369,166.0
39.407715,18.37612,162.27554,168.0
39.485977,17.58029,161.30962,167.0
39.548534,16.787357,160.34369,166.0
40.075466,16.19154,161.30962,167.0
40.59357,15.582413,162.27554,168.0
41.58897,15.137147,165.17331,171.0
40.867943,14.071961,161.30962,167.0
41.107307,13.356574,161.30962,167.0
41.58166,12.712789,162.27554,168.0
44.03633,12.627215,170.96887,177.0
41.75,11.186879,161.30962,167.0
41.93888,10.456537,161.30962,167.0
42.114986,9.72301,161.30962,167.0
45.56938,9.686071,173.86665,180.0
42.428658,8.247296,161.30962,167.0
42.56613,7.505557,161.30962,167.0
42.69064,6.761533,161.30962,167.0
48.697044,6.843923,183.52591,190.0
42.900604,5.267532,161.30962,167.0
42.986004,4.518011,161.30962,167.0
42.800472,3.744556,160.34369,166.0
45.95757,3.213666,171.9348,178.0
43.163548,2.262106,161.30962,167.0
42.93779,1.499421,160.34369,166.0
43.216198,0.754342,161.30962,167.0
46.06979,0.0,171.9348,178.0
43.216198,-0.754342,161.30962,167.0
43.196453,-1.508453,161.30962,167.0
42.905083,-2.24856,160.34369,166.0
43.117493,-3.015069,161.30962,167.0
43.058308,-3.767114,161.30962,167.0
42.728603,-4.490957,160.34369,166.0
43.414387,-5.330616,163.24147,169.0
44.08364,-6.195552,166.13924,172.0
42.94627,-6.802021,162.27554,168.0
42.82102,-7.550501,162.27554,168.0
42.68272,-8.296681,162.27554,168.0
42.784588,-9.094145,163.24147,169.0
41.8628,-9.664789,160.34369,166.0
41.43662,-10.331309,159.37776,165.0
41.5,-11.119892,160.34369,166.0
41.548405,-11.913813,161.30962,167.0
42.81921,-13.091146,167.10516,173.0
40.861156,-13.276595,160.34369,166.0
40.623226,-13.987698,160.34369,166.0
40.372917,-14.69454,160.34369,166.0
42.768227,-16.417185,170.96887,177.0
39.83549,-16.094584,160.34369,166.0
39.548534,-16.787357,160.34369,166.0
39.485977,-17.58029,161.30962,167.0
41.28427,-19.251171,170.00294,176.0
38.615753,-18.834162,160.34369,166.0
38.28117,-19.50523,160.34369,166.0
37.93493,-20.170359,160.34369,166.0
38.70897,-21.456732,165.17331,171.0
37.207882,-21.481981,160.34369,166.0
36.827305,-22.128077,160.34369,166.0
36.43551,-22.767431,160.34369,166.0
36.46674,-23.681778,162.27554,168.0
35.61874,-24.025143,160.34369,166.0
34.982006,-24.494663,159.37776,165.0
34.339798,-24.949324,158.41183,164.0
34.51925,-26.01212,161.30962,167.0
34.875828,-27.24798,165.17331,171.0
33.18813,-26.875217,159.37776,165.0
32.515774,-27.283972,158.41183,164.0
32.22998,-28.017096,159.37776,165.0
34.621204,-31.173077,173.86665,180.0
31.232565,-29.124838,159.37776,165.0
30.71951,-29.665485,159.37776,165.0
30.197096,-30.197098,159.37776,165.0
30.74423,-31.836582,165.17331,171.0
28.948324,-31.043278,158.41183,164.0
28.748503,-31.928448,160.34369,166.0
28.017096,-32.22998,159.37776,165.0
27.783068,-33.110573,161.30962,167.0
26.71234,-32.986988,158.41183,164.0
26.132566,-33.44816,158.41183,164.0
25.544836,-33.899143,158.41183,164.0
25.101456,-34.549187,159.37776,165.0
24.79157,-35.40603,161.30962,167.0
23.880413,-35.404167,159.37776,165.0
23.399853,-36.03261,160.34369,166.0
22.904585,-36.655,161.30962,167.0
24.127602,-40.15507,174.83258,181.0
21.352571,-36.98374,159.37776,165.0
20.703863,-37.35076,159.37776,165.0
20.17036,-37.934925,160.34369,166.0
20.797747,-40.817875,170.96887,177.0
18.720703,-38.38313,159.37776,165.0
18.047974,-38.704002,159.37776,165.0
17.475018,-39.249535,160.34369,166.0
17.191875,-40.50151,164.2074,170.0
15.900675,-39.355545,158.41183,164.0
15.211403,-39.627056,158.41183,164.0
14.60602,-40.129707,159.37776,165.0
14.071961,-40.867943,161.30962,167.0
13.196614,-40.615005,159.37776,165.0
12.410107,-40.59162,158.41183,164.0
11.699794,-40.802025,158.41183,164.0
11.119893,-41.5,160.34369,166.0
10.581765,-42.441143,163.24147,169.0
9.548345,-41.35843,158.41183,164.0
8.825086,-41.518772,158.41183,164.0
8.197913,-42.174595,160.34369,166.0
7.91005,-44.86011,170.00294,176.0
